
MinTransferTime: 21712
---------------------------------------------------------------
0,0,0,0,0,0,0,0,0,0,0,0,0,0,0,0,0,0,0,0
0,0,0,0,0,0,0,0,0,0,0,0,0,0,0,0,0,0,0,0
0,0,0,0,0,0,0,0,0,0,0,0,0,0,0,0,0,0,0,0
0,0,0,0,0,0,0,0,0,0,0,0,0,0,0,0,0,0,0,0
0,0,0,0,0,0,0,0,0,0,0,0,0,0,0,0,0,0,0,0
0,0,0,0,0,0,0,0,0,0,0,0,0,0,0,0,0,0,0,0
0,0,0,0,0,0,0,0,0,0,0,0,0,0,0,0,0,0,0,0
0,0,0,0,0,0,0,0,0,0,0,0,0,0,0,0,0,0,0,0
0,0,0,0,0,0,0,0,0,0,0,0,0,0,0,0,0,0,0,0
0,0,0,0,0,0,0,0,0,0,0,0,0,0,0,0,0,0,0,0
0,0,0,0,0,0,0,0,0,0,0,0,0,0,0,0,0,0,0,0
0,0,0,0,0,0,0,0,0,0,0,0,0,0,0,0,0,0,0,0
0,0,0,0,0,0,0,0,0,0,0,0,0,0,0,0,0,0,0,0
0,0,0,0,0,0,0,0,0,0,0,0,0,0,0,0,0,0,0,0
0,0,0,0,0,0,0,0,0,0,0,0,0,0,0,0,0,0,0,0
0,0,0,0,0,0,0,0,0,0,0,0,0,0,0,0,0,0,0,0
0,0,0,0,0,0,0,0,0,0,0,0,0,0,0,0,0,0,0,0
0,0,0,0,0,0,0,0,0,0,0,0,0,0,0,0,0,0,0,0
0,0,0,0,0,0,0,0,0,0,0,0,0,0,0,0,0,0,0,0
0,0,0,0,0,0,0,0,0,0,0,0,0,0,0,0,0,0,0,0
0,0,0,0,0,0,0,0,0,0,0,0,0,0,0,0,0,0,0,0
0,0,0,0,0,0,0,0,0,0,0,0,0,0,0,0,0,0,0,0
0,0,0,0,0,0,0,0,0,0,0,0,0,0,0,0,0,0,0,0
0,0,0,0,0,0,0,0,0,0,0,0,0,0,0,0,0,0,0,0
0,0,0,0,0,0,0,0,0,0,0,0,0,0,0,0,0,0,0,0
0,0,0,0,0,0,0,0,0,0,0,0,0,0,0,0,0,0,0,0
0,0,0,0,0,0,0,0,0,0,0,0,0,0,0,0,0,0,0,0
0,0,0,0,0,0,0,0,0,0,0,0,0,0,0,0,0,0,0,0
0,0,0,0,0,0,0,0,0,0,0,0,0,0,0,0,0,0,0,0
0,0,0,0,0,0,0,0,0,0,0,0,0,0,0,0,0,0,0,0
0,0,0,0,0,0,0,0,0,0,0,0,0,0,0,0,0,0,0,0
0,0,0,0,0,0,0,0,0,0,0,0,0,0,0,0,0,0,0,0
0,0,0,0,0,0,0,0,0,0,0,0,0,0,0,0,0,0,0,0
0,0,0,0,0,0,0,0,0,0,0,0,0,0,0,0,0,0,0,0
0,0,0,0,0,0,0,0,0,0,0,0,0,0,0,0,0,0,0,0
0,0,0,0,0,0,0,0,0,0,0,0,0,0,0,0,0,0,0,0
0,0,0,0,0,0,0,0,0,0,0,0,0,0,0,0,0,0,0,0
0,0,0,0,0,0,0,0,0,0,0,0,0,0,0,0,0,0,0,0
0,0,0,0,0,0,0,0,0,0,0,0,0,0,0,0,0,0,0,0
0,0,0,0,0,0,0,0,0,0,0,0,0,0,0,0,0,0,0,0
0,0,0,0,0,0,0,0,0,0,0,0,0,0,0,0,0,0,0,0
0,0,0,0,0,0,0,0,0,0,0,0,0,0,0,0,0,0,0,0
0,0,0,0,0,0,0,0,0,0,0,0,0,0,0,0,0,0,0,0
0,0,0,0,0,0,0,0,0,0,0,0,0,0,0,0,0,0,0,0
0,0,0,0,0,0,0,0,0,0,0,0,0,0,0,0,0,0,0,0
0,0,0,0,0,0,0,0,0,0,0,0,0,0,0,0,0,0,0,0
0,0,0,0,0,0,0,0,0,0,0,0,0,0,0,0,0,0,0,0
0,0,0,0,0,0,0,0,0,0,0,0,0,0,0,0,0,0,0,0
0,0,0,0,0,0,0,0,0,0,0,0,0,0,0,0,0,0,0,0
0,0,0,0,0,0,0,0,0,0,0,0,0,0,0,0,0,0,0,0
0,0,0,0,0,0,0,0,0,0,0,0,0,0,0,0,0,0,0,0
0,0,0,0,0,0,0,0,0,0,0,0,0,0,0,0,0,0,0,0
0,0,0,0,0,0,0,0,0,0,0,0,0,0,0,0,0,0,0,0
0,0,0,0,0,0,0,0,0,0,0,0,0,0,0,0,0,0,0,0
0,0,0,0,0,0,0,0,0,0,0,0,0,0,0,0,0,0,0,0
0,0,0,0,0,0,0,0,0,0,0,0,0,0,0,0,0,0,0,0
0,0,0,0,0,0,0,0,0,0,0,0,0,0,0,0,0,0,0,0
0,0,0,0,0,0,0,0,0,0,0,0,0,0,0,0,0,0,0,0
0,0,0,0,0,0,0,0,0,0,0,0,0,0,0,0,0,0,0,0
0,0,0,0,0,0,0,0,0,0,0,0,0,0,0,0,0,0,0,0
0,0,0,0,0,0,0,0,0,0,0,0,0,0,0,0,0,0,0,0
0,0,0,0,0,0,0,0,0,0,0,0,0,0,0,0,0,0,0,0
0,0,0,0,0,0,0,0,0,0,0,0,0,0,0,0,0,0,0,0
0,0,0,0,0,0,0,0,0,0,0,0,0,0,0,0,0,0,0,0
0,0,0,0,0,0,0,0,0,0,0,0,0,0,0,0,0,0,0,0
0,0,0,0,0,0,0,0,0,0,0,0,0,0,0,0,0,0,0,0
0,0,0,0,0,0,0,0,0,0,0,0,0,0,0,0,0,0,0,0
0,0,0,0,0,0,0,0,0,0,0,0,0,0,0,0,0,0,0,0
0,0,0,0,0,0,0,0,0,0,0,0,0,0,0,0,0,0,0,0
0,0,0,0,0,0,0,0,0,0,0,0,0,0,0,0,0,0,0,0
0,0,0,0,0,0,0,0,0,0,0,0,0,0,0,0,0,0,0,0
0,0,0,0,0,0,0,0,0,0,0,0,0,0,0,0,0,0,0,0
0,0,0,0,0,0,0,0,0,0,0,0,0,0,0,0,0,0,0,0
0,0,0,0,0,0,0,0,0,0,0,0,0,0,0,0,0,0,0,0
0,0,0,0,0,0,0,0,0,0,0,0,0,0,0,0,0,0,0,0
0,0,0,0,0,0,0,0,0,0,0,0,0,0,0,0,0,0,0,0
0,0,0,0,0,0,0,0,0,0,0,0,0,0,0,0,0,0,0,0
0,0,0,0,0,0,0,0,0,0,0,0,0,0,0,0,0,0,0,0
0,0,0,0,0,0,0,0,0,0,0,0,0,0,0,0,0,0,0,0
0,0,0,0,0,0,0,0,0,0,0,0,0,0,0,0,0,0,0,0
0,0,0,0,0,0,0,0,0,0,0,0,0,0,0,0,0,0,0,0
0,0,0,0,0,0,0,0,0,60,0,0,0,0,0,0,0,0,0,0
0,0,0,0,0,0,0,0,0,0,0,0,0,0,0,0,0,0,0,0
0,0,0,0,0,0,0,0,0,0,0,0,0,0,0,0,0,0,0,0
0,0,0,0,0,0,0,0,0,0,0,0,0,0,0,0,0,0,0,0
0,0,0,0,0,0,0,0,0,0,0,0,0,0,0,0,0,0,0,0
0,0,0,0,0,0,0,0,0,0,0,0,0,0,0,0,0,0,0,0
0,0,0,0,0,0,0,0,0,0,0,0,0,0,0,0,0,0,0,0
0,0,0,0,0,60,60,0,0,0,0,0,0,0,0,0,0,0,0,0
0,0,0,0,0,0,0,0,0,0,0,0,0,0,0,0,0,0,0,0
0,0,0,0,0,0,0,0,0,0,0,0,0,0,0,0,0,0,0,0
0,0,0,0,0,0,0,0,0,0,0,0,0,0,0,0,0,0,0,0
0,0,0,0,0,0,0,0,0,0,0,0,0,0,0,0,0,0,0,0
0,0,0,0,0,0,0,0,0,0,0,0,0,0,0,0,0,0,0,0
0,0,0,0,0,0,0,0,0,0,0,0,0,0,0,0,0,0,0,0
0,0,0,0,0,0,0,0,0,0,0,0,0,0,0,0,0,0,0,0
0,0,0,0,0,0,0,0,0,0,0,0,0,0,0,0,0,0,0,0
0,0,0,0,0,0,0,0,0,0,0,0,0,0,0,0,0,0,0,0
0,0,0,0,0,0,0,0,0,0,0,0,0,0,0,0,0,0,0,0
0,0,0,0,0,0,0,0,0,0,0,0,0,0,0,0,0,0,0,0
0,0,0,0,0,0,0,0,0,0,0,0,0,0,0,0,0,0,0,0
0,0,0,0,0,0,0,0,0,0,0,0,0,0,0,0,0,0,0,0
0,0,0,0,0,0,0,0,0,0,0,0,0,0,0,0,0,0,0,0
0,0,0,0,0,0,0,0,0,0,0,0,0,0,0,0,0,0,0,0
0,0,0,0,0,0,0,0,0,0,0,0,0,0,0,0,0,0,0,0
0,0,0,0,0,0,0,0,0,0,0,0,0,0,0,0,0,0,0,0
0,0,0,0,0,0,0,0,0,0,0,0,0,0,0,0,0,0,0,0
0,0,0,0,0,0,0,0,0,0,0,0,0,0,0,0,0,0,0,0
0,0,0,0,0,0,0,0,0,0,0,0,0,0,0,0,0,0,0,0
0,0,0,0,0,0,0,0,0,0,0,0,0,0,0,0,0,0,0,0
0,0,0,0,0,0,0,0,0,0,0,0,0,0,0,0,0,0,0,0
0,0,0,0,0,0,0,0,0,0,0,0,0,0,0,0,0,0,0,0
0,0,0,0,0,0,0,0,0,0,0,0,0,0,0,0,0,0,0,0
0,0,0,0,0,0,0,0,0,0,0,0,0,0,0,0,0,0,0,0
0,0,0,0,0,0,0,0,0,0,0,0,0,0,0,0,0,0,0,0
0,0,0,0,0,0,0,0,0,0,0,0,0,0,0,0,0,0,0,0
0,0,0,0,0,0,0,0,0,0,0,0,0,0,0,0,0,0,0,0
0,0,0,0,0,0,0,0,0,0,0,0,0,0,0,0,0,0,0,0
0,0,0,0,0,0,0,0,0,0,0,0,0,0,0,0,0,0,0,0
0,0,0,0,0,0,0,0,0,0,0,0,0,0,0,0,0,0,0,0
0,0,0,0,0,0,0,0,0,0,0,0,0,0,0,0,0,0,0,0
0,0,0,0,0,0,0,0,0,0,0,0,0,0,0,0,0,0,0,0
0,0,0,0,0,0,0,0,0,0,0,0,0,0,0,0,0,0,0,0
0,0,0,0,0,0,0,0,0,0,0,0,0,0,0,0,0,0,0,0
0,0,0,0,0,0,0,0,0,0,0,0,0,0,0,0,0,0,0,0
0,0,0,0,0,0,0,0,0,0,0,0,0,0,0,0,0,0,0,0
0,0,0,0,0,0,0,0,0,0,0,0,0,0,0,0,0,0,0,0
0,0,0,0,0,0,0,0,0,0,0,0,0,0,0,0,0,0,0,0
0,0,0,0,0,0,0,0,0,0,0,0,0,0,0,0,0,0,0,0
0,0,0,0,0,0,0,0,0,0,0,0,0,0,0,0,0,0,0,0
0,0,0,0,0,0,0,0,0,0,0,0,0,0,0,0,0,0,0,0
0,0,0,0,0,0,0,0,0,0,0,0,0,0,0,0,0,0,0,0
0,0,0,0,0,0,0,0,0,0,0,0,0,0,0,0,0,0,0,0
0,0,0,0,0,0,0,0,0,0,0,0,0,0,0,0,0,0,0,0
0,0,0,0,0,0,0,0,0,0,0,0,0,0,0,0,0,0,0,0
0,0,0,0,0,0,0,0,0,0,0,0,0,0,0,0,0,0,0,0
0,0,0,0,0,0,0,0,0,0,0,0,0,0,0,0,0,0,0,0
0,0,0,0,0,0,0,0,0,0,0,0,0,0,0,0,0,0,0,0
0,0,0,0,0,0,0,0,0,0,0,0,0,0,0,0,0,0,0,0
0,0,0,0,0,0,0,0,0,0,0,0,0,0,0,0,0,0,0,0
0,0,0,0,0,0,0,0,0,0,0,0,0,0,0,0,0,0,0,0
0,0,0,0,0,0,0,0,0,0,0,0,0,0,0,0,0,0,0,0
0,0,0,0,0,0,0,0,0,0,0,0,0,0,0,0,0,0,0,0
0,0,0,0,0,0,0,0,0,0,0,0,0,0,0,0,0,0,0,0
0,0,0,0,0,0,0,0,0,0,0,0,0,0,0,0,0,0,0,0
0,0,0,0,0,0,0,0,0,0,0,0,0,0,0,0,0,0,0,0
0,0,0,0,0,0,0,0,0,0,0,0,0,0,0,0,0,0,0,0
0,0,0,0,0,0,0,0,0,0,0,0,0,0,0,0,0,0,0,0
0,0,0,0,0,0,0,0,0,0,0,0,0,0,0,0,0,0,0,0
0,0,0,0,0,0,0,0,0,0,0,0,0,0,0,0,0,0,0,0
0,0,0,0,0,0,0,0,0,0,0,0,0,0,0,0,0,0,0,0
0,0,0,0,0,0,0,0,0,0,0,0,0,0,0,0,0,0,0,0
0,0,0,0,0,0,0,0,0,0,0,0,0,0,0,0,0,0,0,0
0,0,0,0,0,0,0,0,0,0,0,0,0,0,0,0,0,0,0,0
0,0,0,0,0,0,0,0,0,0,0,0,0,0,0,0,0,0,0,0
0,0,0,0,0,0,0,0,0,0,0,0,0,0,0,0,0,0,0,0
0,0,0,0,0,0,0,0,0,0,0,0,0,0,0,0,0,0,0,0
0,0,0,0,0,0,0,0,0,0,0,0,0,0,0,0,0,0,0,0
0,0,0,0,0,0,0,0,0,0,0,0,0,0,0,0,0,0,0,0
0,0,0,0,0,0,0,0,0,0,0,0,0,0,0,0,0,0,0,0
0,0,0,0,0,0,0,0,0,0,0,0,0,0,0,0,0,0,0,0
0,0,0,0,0,0,0,0,0,0,0,0,0,0,0,0,0,0,0,0
0,0,0,0,0,0,0,0,0,0,0,0,0,0,0,0,0,0,0,0
0,0,0,0,0,0,0,0,0,0,0,0,0,0,0,0,0,0,0,0
0,0,0,0,0,0,0,0,0,0,0,0,0,0,0,0,0,0,0,0
0,0,0,0,0,0,0,0,0,0,0,0,0,0,0,0,0,0,0,0
0,0,0,0,0,0,0,0,0,0,0,0,0,0,0,0,0,0,0,0
0,0,0,0,0,0,0,0,0,0,0,0,0,0,0,0,0,0,0,0
0,0,0,0,0,0,0,0,0,0,0,0,0,0,0,0,0,0,0,0
0,0,0,0,0,0,0,0,0,0,0,0,0,0,0,0,0,0,0,0
0,0,0,0,0,0,0,0,0,0,0,0,0,0,0,0,0,0,0,0
0,0,0,0,0,0,0,0,0,0,0,0,0,0,0,0,0,0,0,0
0,0,0,0,0,0,0,0,0,0,0,0,0,0,0,0,0,0,0,0
0,0,0,0,0,0,0,0,0,0,0,0,0,0,0,0,0,0,0,0
0,0,0,0,0,0,0,0,0,0,0,0,0,0,0,0,0,0,0,0
0,0,0,0,0,0,0,0,0,0,0,0,0,0,0,0,0,0,0,0
0,0,0,0,0,0,0,0,0,0,0,0,0,0,0,0,0,0,0,0
0,0,0,0,0,0,0,0,0,0,0,0,0,0,0,0,0,0,0,0
0,0,0,0,0,0,0,0,0,0,0,0,0,0,0,0,0,0,0,0
0,0,0,0,0,0,0,0,0,0,0,0,0,0,0,0,0,0,0,0
0,0,0,0,0,0,0,0,0,0,0,0,0,0,0,0,0,0,0,0
0,0,0,0,0,0,0,0,0,0,0,0,0,0,0,0,0,0,0,0
0,0,0,0,0,0,0,0,0,0,0,0,0,0,0,0,0,0,0,0
0,0,0,0,0,0,0,0,0,0,0,0,0,0,0,0,0,0,0,0
0,0,0,0,0,0,0,0,0,0,0,0,0,0,0,0,0,0,0,0
0,0,0,0,0,0,0,0,0,0,0,0,0,0,0,0,0,0,0,0
0,0,0,0,0,0,0,0,0,0,0,0,0,0,0,0,0,0,0,0
0,0,0,0,0,0,0,0,0,0,0,0,0,0,0,0,0,0,0,0
0,0,0,0,0,0,0,0,0,0,0,0,0,0,0,0,0,0,0,0
0,0,0,0,0,0,0,0,0,0,0,0,0,0,0,0,0,0,0,0
0,0,0,0,0,0,0,0,0,0,0,0,0,0,0,0,0,0,0,0
0,0,0,0,0,0,0,0,0,0,0,0,0,0,0,0,0,0,0,0
0,0,0,0,0,0,0,0,0,0,0,0,0,0,0,0,0,0,0,0
0,0,0,0,0,0,0,0,0,0,0,0,0,0,0,0,0,0,0,0
0,0,0,0,0,0,0,0,0,0,0,0,0,0,0,0,0,0,0,0
0,0,0,0,0,0,0,0,0,0,0,0,0,0,0,0,0,0,0,0
0,0,0,0,0,0,0,0,0,0,0,0,0,0,0,0,0,0,0,0
0,0,0,0,0,0,0,0,0,0,0,0,0,0,0,0,0,0,0,0
0,0,0,0,0,0,0,0,0,0,0,0,0,0,0,0,0,0,0,0
0,0,0,0,0,0,0,0,0,0,0,0,0,0,0,0,0,0,0,0
0,0,0,0,0,0,0,0,0,0,0,0,0,0,0,0,0,0,0,0
0,0,0,0,0,0,0,0,0,0,0,0,0,0,0,0,0,0,0,0
0,0,0,0,0,0,0,0,0,0,0,0,0,0,0,0,0,0,0,0
0,0,0,0,0,0,0,0,0,0,0,0,0,0,0,0,0,0,0,0
0,0,0,0,0,0,0,0,0,0,0,0,0,0,0,0,0,0,0,0
0,0,0,0,0,0,0,0,0,0,0,0,0,0,0,0,0,0,0,0
0,0,0,0,0,0,0,0,0,0,0,0,0,0,0,0,0,0,0,0
0,0,0,0,0,0,0,0,0,0,0,0,0,0,0,0,0,0,0,0
0,0,0,0,0,0,0,0,0,0,0,0,0,0,0,0,0,0,0,0
0,0,0,0,0,0,0,0,0,0,0,0,0,0,0,0,0,0,0,0
0,0,0,0,0,0,0,0,0,0,0,0,0,0,0,0,0,0,0,0
0,0,0,0,0,0,0,0,0,0,0,0,0,0,0,0,0,0,0,0
0,0,0,0,0,0,0,0,0,0,0,0,0,0,0,0,0,0,0,0
0,0,0,0,0,0,0,0,0,0,0,0,0,0,0,0,0,0,0,0
0,0,0,0,0,0,0,0,0,0,0,0,0,0,0,0,0,0,0,0
0,0,0,0,0,0,0,0,0,0,0,0,0,0,0,0,0,0,0,0
0,0,0,0,0,0,0,0,0,0,0,0,0,0,0,0,0,0,0,0
0,0,0,0,0,0,0,0,0,0,0,0,0,0,0,0,0,0,0,0
0,0,0,0,0,0,0,0,0,0,0,0,0,0,0,0,0,0,0,0
0,0,0,0,0,0,0,0,0,0,0,0,0,0,0,0,0,0,0,0
0,0,0,0,0,0,0,0,0,0,0,0,0,0,0,0,0,0,0,0
0,0,0,0,0,0,0,0,0,0,0,0,0,0,0,0,0,0,0,0
0,0,0,0,0,0,0,0,0,0,0,0,0,0,0,0,0,0,0,0
0,0,0,0,0,0,0,0,0,0,0,0,0,0,0,0,0,0,0,0
0,0,0,0,0,0,0,0,0,0,0,0,0,0,0,0,0,0,0,0
0,0,0,0,0,0,0,0,0,0,0,0,0,0,0,0,0,0,0,0
0,0,0,0,0,0,0,0,0,0,0,0,0,0,0,0,0,0,0,0
0,0,0,0,0,0,0,0,0,0,0,0,0,0,0,0,0,0,0,0
0,0,0,0,0,0,0,0,0,0,0,0,0,0,0,0,0,0,0,0
0,0,0,0,0,0,0,0,0,0,0,0,0,0,0,0,0,0,0,0
0,0,0,0,0,0,0,0,0,0,0,0,0,0,0,0,0,0,0,0
0,0,0,0,0,0,0,0,0,0,0,0,0,0,0,0,0,0,0,0
0,0,0,0,0,0,0,0,0,0,0,0,0,0,0,0,0,0,0,0
0,0,0,0,0,0,0,0,0,0,0,0,0,0,0,0,0,0,0,0
0,0,0,0,0,0,0,0,0,0,0,0,0,0,0,0,0,0,0,0
0,0,0,0,0,0,0,0,0,0,0,0,0,0,0,0,0,0,0,0
0,0,0,0,0,0,0,0,0,0,0,0,0,0,0,0,0,0,0,0
0,0,0,0,0,0,0,0,0,0,0,0,0,0,0,0,0,0,0,0
0,0,0,0,0,0,0,0,0,0,0,0,0,0,0,0,0,0,0,0
0,0,0,0,0,0,0,0,0,0,0,0,0,0,0,0,0,0,0,0
0,0,0,0,0,0,0,0,0,0,0,0,0,0,0,0,0,0,0,0
0,0,0,0,0,0,0,0,0,0,0,0,0,0,0,0,0,0,0,0
0,0,0,0,0,0,0,0,0,0,0,0,0,0,0,0,0,0,0,0
0,0,0,0,0,0,0,0,0,0,0,0,0,0,0,0,0,0,0,0
0,0,0,0,0,0,0,0,0,0,0,0,0,0,0,0,0,0,0,0
0,0,0,0,0,0,0,0,0,0,0,0,0,0,0,0,0,0,0,0
0,0,0,0,0,0,0,0,0,0,0,0,0,0,0,0,0,0,0,0
0,0,0,0,0,0,0,0,0,0,0,0,0,0,0,0,0,0,0,0
0,0,0,0,0,0,0,0,0,0,0,0,0,0,0,0,0,0,0,0
0,0,0,0,0,0,0,0,0,0,0,0,0,0,0,0,0,0,0,0
0,0,0,0,0,0,0,0,0,0,0,0,0,0,0,0,0,0,0,0
0,0,0,0,0,0,0,0,0,0,0,0,0,0,0,0,0,0,0,0
0,0,0,0,0,0,0,0,0,0,0,0,0,0,0,0,0,0,0,0
0,0,0,0,0,0,0,0,0,0,0,0,0,0,0,0,0,0,0,0
0,0,0,0,0,0,0,0,0,0,0,0,0,0,0,0,0,0,0,0
0,0,0,0,0,0,0,0,0,0,0,0,0,0,0,0,0,0,0,0
0,0,0,0,0,0,0,0,0,0,0,0,0,0,0,0,0,0,0,0
0,0,0,0,0,0,0,0,0,0,0,0,0,0,0,0,0,0,0,0
0,0,0,0,0,0,0,0,0,0,0,0,0,0,0,0,0,0,0,0
0,0,0,0,0,0,0,0,0,0,0,0,0,0,0,0,0,0,0,0
0,0,0,0,0,0,0,0,0,0,0,0,0,0,0,0,0,0,0,0
0,0,0,0,0,0,0,0,0,0,0,0,0,0,0,0,0,0,0,0
0,0,0,0,0,0,0,0,0,0,0,0,0,0,0,0,0,0,0,0
0,0,0,0,0,0,0,0,0,0,0,0,0,0,0,0,0,0,0,0
0,0,0,0,0,0,0,0,0,0,0,0,0,0,0,0,0,0,0,0
0,0,0,0,0,0,0,0,0,0,0,0,0,0,0,0,0,0,0,0
0,0,0,0,0,0,0,0,0,0,0,0,0,0,0,0,0,0,0,0
0,0,0,0,0,0,0,0,0,0,0,0,0,0,0,0,0,0,0,0
0,0,0,0,0,0,0,0,0,0,0,0,0,0,0,0,0,0,0,0
0,0,0,0,0,0,0,0,0,0,0,0,0,0,0,0,0,0,0,0
0,0,0,0,0,0,0,0,0,0,0,0,0,0,0,0,0,0,0,0
0,0,0,0,0,0,0,0,0,0,0,0,0,0,0,0,0,0,0,0
0,0,0,0,0,0,0,0,0,0,0,0,0,0,0,0,0,0,0,0
0,0,0,0,0,0,0,0,0,0,0,0,0,0,0,0,0,0,0,0
0,0,0,0,0,0,0,0,0,0,0,0,0,0,0,0,0,0,0,0
0,0,0,0,0,0,0,0,0,0,0,0,0,0,0,0,0,0,0,0
0,0,0,0,0,0,0,0,0,0,0,0,0,0,0,0,0,0,0,0
0,0,0,0,0,0,0,0,0,0,0,0,0,0,0,0,0,0,0,0
0,0,0,0,0,0,0,0,0,0,0,0,0,0,0,0,0,0,0,0
0,0,0,0,0,0,0,0,0,0,0,0,0,0,0,0,0,0,0,0
0,0,0,0,0,0,0,0,0,0,0,0,0,0,0,0,0,0,0,0
0,0,0,0,0,0,0,0,0,0,0,0,0,0,0,0,0,0,0,0
0,0,0,0,0,0,0,0,0,0,0,0,0,0,0,0,0,0,0,0
0,0,0,0,0,0,0,0,0,0,0,0,0,0,0,0,0,0,0,0
0,0,0,0,0,0,0,0,0,0,0,0,0,0,0,0,0,0,0,0
0,0,0,0,0,0,0,0,0,0,0,0,0,0,0,0,0,0,0,0
0,0,0,0,0,0,0,0,0,0,0,0,0,0,0,0,0,0,0,0
0,0,0,0,0,0,0,0,0,0,0,0,0,0,0,0,0,0,0,0
0,0,0,0,0,0,0,0,0,0,0,0,0,0,0,0,0,0,0,0
0,0,0,0,0,0,0,0,0,0,0,0,0,0,0,0,0,0,0,0
0,0,0,0,0,0,0,0,0,0,0,0,0,0,0,0,0,0,0,0
0,0,0,0,0,0,0,0,0,0,0,0,0,0,0,0,0,0,0,0
0,0,0,0,0,0,0,0,0,0,0,0,0,0,0,0,0,0,0,0
0,0,0,0,0,0,0,0,0,0,0,0,0,0,0,0,0,0,0,0
0,0,0,0,0,0,0,0,0,0,0,0,0,0,0,0,0,0,0,0
0,0,0,0,0,0,0,0,0,0,0,0,0,0,0,0,0,0,0,0
0,0,0,0,0,0,0,0,0,0,0,0,0,0,0,0,0,0,0,0
0,0,0,0,0,0,0,0,0,0,0,0,0,0,0,0,0,0,0,0
0,0,0,0,0,0,0,0,0,0,0,0,0,0,0,0,0,0,0,0
0,0,0,0,0,0,0,0,0,0,0,0,0,0,0,0,0,0,0,0
0,0,0,0,0,0,0,0,0,0,0,0,0,0,0,0,0,0,0,0
0,0,0,0,0,0,0,0,0,0,0,0,0,0,0,0,0,0,0,0
0,0,0,0,0,0,0,0,0,0,0,0,0,0,0,0,0,0,0,0
0,0,0,0,0,0,0,0,0,0,0,0,0,0,0,0,0,0,0,0
0,0,0,0,0,0,0,0,0,0,0,0,0,0,0,0,0,0,0,0
0,0,0,0,0,0,0,0,0,0,0,0,0,0,0,0,0,0,0,0
0,0,0,0,0,0,0,0,0,0,0,0,0,0,0,0,0,0,0,0
0,0,0,0,0,0,0,0,0,0,0,0,0,0,0,0,0,0,0,0
0,0,0,0,0,0,0,0,0,0,0,0,0,0,0,0,0,0,0,0
0,0,0,0,0,0,0,0,0,0,0,0,0,0,0,0,0,0,0,0
0,0,0,0,0,0,0,0,0,0,0,0,0,0,0,0,0,0,0,0
0,0,0,0,0,0,0,0,0,0,0,0,0,0,0,0,0,0,0,0
0,0,0,0,0,0,0,0,0,0,0,0,0,0,0,0,0,0,0,0
0,0,0,0,0,0,0,0,0,0,0,0,0,0,0,0,0,0,0,0
0,0,0,0,0,0,0,0,0,0,0,0,0,0,0,0,0,0,0,0
0,0,0,0,0,0,0,0,0,0,0,0,0,0,0,0,0,0,0,0
0,0,0,0,0,0,0,0,0,0,0,0,0,0,0,0,0,0,0,0
0,0,0,0,0,0,0,0,0,0,0,0,0,0,0,0,0,0,0,0
0,0,0,0,0,0,0,0,0,0,0,0,0,0,0,0,0,0,0,0
0,0,0,0,0,0,0,0,0,0,0,0,0,0,0,0,0,0,0,0
0,0,0,0,0,0,0,0,0,0,0,0,0,0,0,0,0,0,0,0
0,0,0,0,0,0,0,0,0,0,0,0,0,0,0,0,0,0,0,0
0,0,0,0,0,0,0,0,0,0,0,0,0,0,0,0,0,0,0,0
0,0,0,0,0,0,0,0,0,0,0,0,0,0,0,0,0,0,0,0
0,0,0,0,0,0,0,0,0,0,0,0,0,0,0,0,0,0,0,0
0,0,0,0,0,0,0,0,0,0,0,0,0,0,0,0,0,0,0,0
0,0,0,0,0,0,0,0,0,0,0,0,0,0,0,0,0,0,0,0
0,0,0,0,0,0,0,0,0,0,0,0,0,0,0,0,0,0,0,0
0,0,0,0,0,0,0,0,0,0,0,0,0,0,0,0,0,0,0,0
0,0,0,0,0,0,0,0,0,0,0,0,0,0,0,0,0,0,0,0
0,0,0,0,0,0,0,0,0,0,0,0,0,0,0,0,0,0,0,0
0,0,0,0,0,0,0,0,0,0,0,0,0,0,0,0,0,0,0,0
0,0,0,0,0,0,0,0,0,0,0,0,0,0,0,0,0,0,0,0
0,0,0,0,0,0,0,0,0,0,0,0,0,0,0,0,0,0,0,0
0,0,0,0,0,0,0,0,0,0,0,0,0,0,0,0,0,0,0,0
0,0,0,0,0,0,0,0,0,0,0,0,0,0,0,0,0,0,0,0
0,0,0,0,0,0,0,0,0,0,0,0,0,0,0,0,0,0,0,0
0,0,0,0,0,0,0,0,0,0,0,0,0,0,0,0,0,0,0,0
0,0,0,0,0,0,0,0,0,0,0,0,0,0,0,0,0,0,0,0
0,0,0,0,0,0,0,0,0,0,0,0,0,0,0,0,0,0,0,0
0,0,0,0,0,0,0,0,0,0,0,0,0,0,0,0,0,0,0,0
0,0,0,0,0,0,0,0,0,0,0,0,0,0,0,0,0,0,0,0
0,0,0,0,0,0,0,0,0,0,0,0,0,0,0,0,0,0,0,0
0,0,0,0,0,0,0,0,0,0,0,0,0,0,0,0,0,0,0,0
0,0,0,0,0,0,0,0,0,0,0,0,0,0,0,0,0,0,0,0
0,0,0,0,0,0,0,0,0,0,0,0,0,0,0,0,0,0,0,0
0,0,0,0,0,0,0,0,0,0,0,0,0,0,0,0,0,0,0,0
0,0,0,0,0,0,0,0,0,0,0,0,0,0,0,0,0,0,0,0
0,0,0,0,0,0,0,0,0,0,0,0,0,0,0,0,0,0,0,0
0,0,0,0,0,0,0,0,0,0,0,0,0,0,0,0,0,0,0,0
0,0,0,0,0,0,0,0,0,0,0,0,0,0,0,0,0,0,0,0
0,0,0,0,0,0,0,0,0,0,0,0,0,0,0,0,0,0,0,0
0,0,0,0,0,0,0,0,0,0,0,0,0,0,0,0,0,0,0,0
0,0,0,0,0,0,0,0,0,0,0,0,0,0,0,0,0,0,0,0
0,0,0,0,0,0,0,0,0,0,0,0,0,0,0,0,0,0,0,0
0,0,0,0,0,0,0,0,0,0,0,0,0,0,0,0,0,0,0,0
0,0,0,0,0,0,0,0,0,0,0,0,0,0,0,0,0,0,0,0
0,0,0,0,0,0,0,0,0,0,0,0,0,0,0,0,0,0,0,0
0,0,0,0,0,0,0,0,0,0,0,0,0,0,0,0,0,0,0,0
0,0,0,0,0,0,0,0,0,0,0,0,0,0,0,0,0,0,0,0
0,0,0,0,0,0,0,0,0,0,0,0,0,0,0,0,0,0,0,0
0,0,0,0,0,0,0,0,0,0,0,0,0,0,0,0,0,0,0,0
0,0,0,0,0,0,0,0,0,0,0,0,0,0,0,0,0,0,0,0
0,0,0,0,0,0,0,0,0,0,0,0,0,0,0,0,0,0,0,0
0,0,0,0,0,0,0,0,0,0,0,0,0,0,0,0,0,0,0,0
0,0,0,0,0,0,0,0,0,0,0,0,0,0,0,0,0,0,0,0
0,0,0,0,0,0,0,0,0,0,0,0,0,0,0,0,0,0,0,0
0,0,0,0,0,0,0,0,0,0,0,0,0,0,0,0,0,0,0,0
0,0,0,0,0,0,0,0,0,0,0,0,0,0,0,0,0,0,0,0
0,0,0,0,0,0,0,0,0,0,0,0,0,0,0,0,0,0,0,0
0,0,0,0,0,0,0,0,0,0,0,0,0,0,0,0,0,0,0,0
0,0,0,0,0,0,0,0,0,0,0,0,0,0,0,0,0,0,0,0
0,0,0,0,0,0,0,0,0,0,0,0,0,0,0,0,0,0,0,0
0,0,0,0,0,0,0,0,0,0,0,0,0,0,0,0,0,0,0,0
0,0,0,0,0,0,0,0,0,0,0,0,0,0,0,0,0,0,0,0
0,0,0,0,0,0,0,0,0,0,0,0,0,0,0,0,0,0,0,0
0,0,0,0,0,0,0,0,0,0,0,0,0,0,0,0,0,0,0,0
0,0,0,0,0,0,0,0,0,0,0,0,0,0,0,0,0,0,0,0
0,0,0,0,0,0,0,0,0,0,0,0,0,0,0,0,0,0,0,0
0,0,0,0,0,0,0,0,0,0,0,0,0,0,0,0,0,0,0,0
0,0,0,0,0,0,0,0,0,0,0,0,0,0,0,0,0,0,0,0
0,0,0,0,0,0,0,0,0,0,0,0,0,0,0,0,0,0,0,0
0,0,0,0,0,0,0,0,0,0,0,0,0,0,0,0,0,0,0,0
0,0,0,0,0,0,0,0,0,0,0,0,0,0,0,0,0,0,0,0
0,0,0,0,0,0,0,0,0,0,0,0,0,0,0,0,0,0,0,0
0,0,0,0,0,0,0,0,0,0,0,0,0,0,0,0,0,0,0,0
0,0,0,0,0,0,0,0,0,0,0,0,0,0,0,0,0,0,0,0
0,0,0,0,0,0,0,0,0,0,0,0,0,0,0,0,0,0,0,0
0,0,0,0,0,0,0,0,0,0,0,0,0,0,0,0,0,0,0,0
0,0,0,0,0,0,0,0,0,0,0,0,0,0,0,0,0,0,0,0
0,0,0,0,0,0,0,0,0,0,0,0,0,0,0,0,0,0,0,0
0,0,0,0,0,0,0,0,0,0,0,0,0,0,0,0,0,0,0,0
0,0,0,0,0,0,0,0,0,0,0,0,0,0,0,0,0,0,0,0
0,0,0,0,0,0,0,0,0,0,0,0,0,0,0,0,0,0,0,0
0,0,0,0,0,0,0,0,0,0,0,0,0,0,0,0,0,0,0,0
0,0,0,0,0,0,0,0,0,0,0,0,0,0,0,0,0,0,0,0
0,0,0,0,0,0,0,0,0,0,0,0,0,0,0,0,0,0,0,0
0,0,0,0,0,0,0,0,0,0,0,0,0,0,0,0,0,0,0,0
0,0,0,0,0,0,0,0,0,0,0,0,0,0,0,0,0,0,0,0
0,0,0,0,0,0,0,0,0,0,0,0,0,0,0,0,0,0,0,0
0,0,0,0,0,0,0,0,0,0,0,0,0,0,0,0,0,0,0,0
0,0,0,0,0,0,0,0,0,0,0,0,0,0,0,0,0,0,0,0
0,0,0,0,0,0,0,0,0,0,0,0,0,0,0,0,0,0,0,0
0,0,0,0,0,0,0,0,0,0,0,0,0,0,0,0,0,0,0,0
0,0,0,0,0,0,0,0,0,0,0,0,0,0,0,0,0,0,0,0
0,0,0,0,0,0,0,0,0,0,0,0,0,0,0,0,0,0,0,0
0,0,0,0,0,0,0,0,0,0,0,0,0,0,0,0,0,0,0,0
0,0,0,0,0,0,0,0,0,0,0,0,0,0,0,0,0,0,0,0
0,0,0,0,0,0,0,0,0,0,0,0,0,0,0,0,0,0,0,0
0,0,0,0,0,0,0,0,0,0,0,0,0,0,0,0,0,0,0,0
0,0,0,0,0,0,0,0,0,0,0,0,0,0,0,0,0,0,0,0
0,0,0,0,0,0,0,0,0,0,0,0,0,0,0,0,0,0,0,0
0,0,0,0,0,0,0,0,0,0,0,0,0,0,0,0,0,0,0,0
0,0,0,0,0,0,0,0,0,0,0,0,0,0,0,0,0,0,0,0
0,0,0,0,0,0,0,0,0,0,0,0,0,0,0,0,0,0,0,0
0,0,0,0,0,0,0,0,0,0,0,0,0,0,0,0,0,0,0,0
0,0,0,0,0,0,0,0,0,0,0,0,0,0,0,0,0,0,0,0
0,0,0,0,0,0,0,0,0,0,0,0,0,0,0,0,0,0,0,0
0,0,0,0,0,0,0,0,0,0,0,0,0,0,0,0,0,0,0,0
0,0,0,0,0,0,0,0,0,0,0,0,0,0,0,0,0,0,0,0
0,0,0,0,0,0,0,0,0,0,0,0,0,0,0,0,0,0,0,0
0,0,0,0,0,0,0,0,0,0,0,0,0,0,0,0,0,0,0,0
0,0,0,0,0,0,0,0,0,0,0,0,0,0,0,0,0,0,0,0
0,0,0,0,0,0,0,0,0,0,0,0,0,0,0,0,0,0,0,0
0,0,0,0,0,0,0,0,0,0,0,0,0,0,0,0,0,0,0,0
0,0,0,0,0,0,0,0,0,0,0,0,0,0,0,0,0,0,0,0
0,0,0,0,0,0,0,0,0,0,0,0,0,0,0,0,0,0,0,0
0,0,0,0,0,0,0,0,0,0,0,0,0,0,0,0,0,0,0,0
0,0,0,0,0,0,0,0,0,0,0,0,0,0,0,0,0,0,0,0
0,0,0,0,0,0,0,0,0,0,0,0,0,0,0,0,0,0,0,0
0,0,0,0,0,0,0,0,0,0,0,0,0,0,0,0,0,0,0,0
0,0,0,0,0,0,0,0,0,0,0,0,0,0,0,0,0,0,0,0
0,0,0,0,0,0,0,0,0,0,0,0,0,0,0,0,0,0,0,0
0,0,0,0,0,0,0,0,0,0,0,0,0,0,0,0,0,0,0,0
0,0,0,0,0,0,0,0,0,0,0,0,0,0,0,0,0,0,0,0
0,0,0,0,0,0,0,0,0,0,0,0,0,0,0,0,0,0,0,0
0,0,0,0,0,0,0,0,0,0,0,0,0,0,0,0,0,0,0,0
0,0,0,0,0,0,0,0,0,0,0,0,0,0,0,0,0,0,0,0
0,0,0,0,0,0,0,0,0,0,0,0,0,0,0,0,0,0,0,0
0,0,0,0,0,0,0,0,0,0,0,0,0,0,0,0,0,0,0,0
0,0,0,0,0,0,0,0,0,0,0,0,0,0,0,0,0,0,0,0
0,0,0,0,0,0,0,0,0,0,0,0,0,0,0,0,0,0,0,0
0,0,0,0,0,0,0,0,0,0,0,0,0,0,0,0,0,0,0,0
0,0,0,0,0,0,0,0,0,0,0,0,0,0,0,0,0,0,0,0
0,0,0,0,0,0,0,0,0,0,0,0,0,0,0,0,0,0,0,0
0,0,0,0,0,0,0,0,0,0,0,0,0,0,0,0,0,0,0,0
0,0,0,0,0,0,0,0,0,0,0,0,0,0,0,0,0,0,0,0
0,0,0,0,0,0,0,0,0,0,0,0,0,0,0,0,0,0,0,0
0,0,0,0,0,0,0,0,0,0,0,0,0,0,0,0,0,0,0,0
0,0,0,0,0,0,0,0,0,0,0,0,0,0,0,0,0,0,0,0
0,0,0,0,0,0,0,0,0,0,0,0,0,0,0,0,0,0,0,0
0,0,0,0,0,0,0,0,0,0,0,0,0,0,0,0,0,0,0,0
0,0,0,0,0,0,0,0,0,0,0,0,0,0,0,0,0,0,0,0
0,0,0,0,0,0,0,0,0,0,0,0,0,0,0,0,0,0,0,0
0,0,0,0,0,0,0,0,0,0,0,0,0,0,0,0,0,0,0,0
0,0,0,0,0,0,0,0,0,0,0,0,0,0,0,0,0,0,0,0
0,0,0,0,0,0,0,0,0,0,0,0,0,0,0,0,0,0,0,0
0,0,0,0,0,0,0,0,0,0,0,0,0,0,0,0,0,0,0,0
0,0,0,0,0,0,0,0,0,0,0,0,0,0,0,0,0,0,0,0
0,0,0,0,0,0,0,0,0,0,0,0,0,0,0,0,0,0,0,0
0,0,0,0,0,0,0,0,0,0,0,0,0,0,0,0,0,0,0,0
0,0,0,0,0,0,0,0,0,0,0,0,0,0,0,0,0,0,0,0
0,0,0,0,0,0,0,0,0,0,0,0,0,0,0,0,0,0,0,0
0,0,0,0,0,0,0,0,0,0,0,0,0,0,0,0,0,0,0,0
0,0,0,0,0,0,0,0,0,0,0,0,0,0,0,0,0,0,0,0
0,0,0,0,0,0,0,0,0,0,0,0,0,0,0,0,0,0,0,0
0,0,0,0,0,0,0,0,0,0,0,0,0,0,0,0,0,0,0,0
0,0,0,0,0,0,0,0,0,0,0,0,0,0,0,0,0,0,0,0
0,0,0,0,0,0,0,0,0,0,0,0,0,0,0,0,0,0,0,0
0,0,0,0,0,0,0,0,0,0,0,0,0,0,0,0,0,0,0,0
0,0,0,0,0,0,0,0,0,0,0,0,0,0,0,0,0,0,0,0
0,0,0,0,0,0,0,0,0,0,0,0,0,0,0,0,0,0,0,0
0,0,0,0,0,0,0,0,0,0,0,0,0,0,0,0,0,0,0,0
0,0,0,0,0,0,0,0,0,0,0,0,0,0,0,0,0,0,0,0
0,0,0,0,0,0,0,0,0,0,0,0,0,0,0,0,0,0,0,0
0,0,0,0,0,0,0,0,0,0,0,0,0,0,0,0,0,0,0,0
0,0,0,0,0,0,0,0,0,0,0,0,0,0,0,0,0,0,0,0
0,0,0,0,0,0,0,0,0,0,0,0,0,0,0,0,0,0,0,0
0,0,0,0,0,0,0,0,0,0,0,0,0,0,0,0,0,0,0,0
0,0,0,0,0,0,0,0,0,0,0,0,0,0,0,0,0,0,0,0
0,0,0,0,0,0,0,0,0,0,0,0,0,0,0,0,0,0,0,0
0,0,0,0,0,0,0,0,0,0,0,0,0,0,0,0,0,0,0,0
0,0,0,0,0,0,0,0,0,0,0,0,0,0,0,0,0,0,0,0
0,0,0,0,0,0,0,0,0,0,0,0,0,0,0,0,0,0,0,0
0,0,0,0,0,0,0,0,0,0,0,0,0,0,0,0,0,0,0,0
0,0,0,0,0,0,0,0,0,0,0,0,0,0,0,0,0,0,0,0
0,0,0,0,0,0,0,0,0,0,0,0,0,0,0,0,0,0,0,0
0,0,0,0,0,0,0,0,0,0,0,0,0,0,0,0,0,0,0,0
0,0,0,0,0,0,0,0,0,0,0,0,0,0,0,0,0,0,0,0
0,0,0,0,0,0,0,0,0,0,0,0,0,0,0,0,0,0,0,0
0,0,0,0,0,0,0,0,0,0,0,0,0,0,0,0,0,0,0,0
0,0,0,0,0,0,0,0,0,0,0,0,0,0,0,0,0,0,0,0
0,0,0,0,0,0,0,0,0,0,0,0,0,0,0,0,0,0,0,0
0,0,0,0,0,0,0,0,0,0,0,0,0,0,0,0,0,0,0,0
0,0,0,0,0,0,0,0,0,0,0,0,0,0,0,0,0,0,0,0
0,0,0,0,0,0,0,0,0,0,0,0,0,0,0,0,0,0,0,0
0,0,0,0,0,0,0,0,0,0,0,0,0,0,0,0,0,0,0,0
0,0,0,0,0,0,0,0,0,0,0,0,0,0,0,0,0,0,0,0
0,0,0,0,0,0,0,0,0,0,0,0,0,0,0,0,0,0,0,0
0,0,0,0,0,0,0,0,0,0,0,0,0,0,0,0,0,0,0,0
0,0,0,0,0,0,0,0,0,0,0,0,0,0,0,0,0,0,0,0
0,0,0,0,0,0,0,0,0,0,0,0,0,0,0,0,0,0,0,0
0,0,0,0,0,0,0,0,0,0,0,0,0,0,0,0,0,0,0,0
0,0,0,0,0,0,0,0,0,0,0,0,0,0,0,0,0,0,0,0
0,0,0,0,0,0,0,0,0,0,0,0,0,0,0,0,0,0,0,0
0,0,0,0,0,0,0,0,0,0,0,0,0,0,0,0,0,0,0,0
0,0,0,0,0,0,0,0,0,0,0,0,0,0,0,0,0,0,0,0
0,0,0,0,0,0,0,0,0,0,0,0,0,0,0,0,0,0,0,0
0,0,0,0,0,0,0,0,0,0,0,0,0,0,0,0,0,0,0,0
0,0,0,0,0,0,0,0,0,0,0,0,0,0,0,0,0,0,0,0
0,0,0,0,0,0,0,0,0,0,0,0,0,0,0,0,0,0,0,0
0,0,0,0,0,0,0,0,0,0,0,0,0,0,0,0,0,0,0,0
0,0,0,0,0,0,0,0,0,0,0,0,0,0,0,0,0,0,0,0
0,0,0,0,0,0,0,0,0,0,0,0,0,0,0,0,0,0,0,0
0,0,0,0,0,0,0,0,0,0,0,0,0,0,0,0,0,0,0,0
0,0,0,0,0,0,0,0,0,0,0,0,0,0,0,0,0,0,0,0
0,0,0,0,0,0,0,0,0,0,0,0,0,0,0,0,0,0,0,0
0,0,0,0,0,0,0,0,0,0,0,0,0,0,0,0,0,0,0,0
0,0,0,0,0,0,0,0,0,0,0,0,0,0,0,0,0,0,0,0
0,0,0,0,0,0,0,0,0,0,0,0,0,0,0,0,0,0,0,0
0,0,0,0,0,0,0,0,0,0,0,0,0,0,0,0,0,0,0,0
0,0,0,0,0,0,0,0,0,0,0,0,0,0,0,0,0,0,0,0
0,0,0,0,0,0,0,0,0,0,0,0,0,0,0,0,0,0,0,0
0,0,0,0,0,0,0,0,0,0,0,0,0,0,0,0,0,0,0,0
0,0,0,0,0,0,0,0,0,0,0,0,0,0,0,0,0,0,0,0
0,0,0,0,0,0,0,0,0,0,0,0,0,0,0,0,0,0,0,0
0,0,0,0,0,0,0,0,0,0,0,0,0,0,0,0,0,0,0,0
0,0,0,0,0,0,0,0,0,0,0,0,0,0,0,0,0,0,0,0
0,0,0,0,0,0,0,0,0,0,0,0,0,0,0,0,0,0,0,0
0,0,0,0,0,0,0,0,0,0,0,0,0,0,0,0,0,0,0,0
0,0,0,0,0,0,0,0,0,0,0,0,0,0,0,0,0,0,0,0
0,0,0,0,0,0,0,0,0,0,0,0,0,0,0,0,0,0,0,0
0,0,0,0,0,0,0,0,0,0,0,0,0,0,0,0,0,0,0,0
0,0,0,0,0,0,0,0,0,0,0,0,0,0,0,0,0,0,0,0
0,0,0,0,0,0,0,0,0,0,0,0,0,0,0,0,0,0,0,0
0,0,0,0,0,0,0,0,0,0,0,0,0,0,0,0,0,0,0,0
0,0,0,0,0,0,0,0,0,0,0,0,0,0,0,0,0,0,0,0
0,0,0,0,0,0,0,0,0,0,0,0,0,0,0,0,0,0,0,0
0,0,0,0,0,0,0,0,0,0,0,0,0,0,0,0,0,0,0,0
0,0,0,0,0,0,0,0,0,0,0,0,0,0,0,0,0,0,0,0
0,0,0,0,0,0,0,0,0,0,0,0,0,0,0,0,0,0,0,0
0,0,0,0,0,0,0,0,0,0,0,0,0,0,0,0,0,0,0,0
0,0,0,0,0,0,0,0,0,0,0,0,0,0,0,0,0,0,0,0
0,0,0,0,0,0,0,0,0,0,0,0,0,0,0,0,0,0,0,0
0,0,0,0,0,0,0,0,0,0,0,0,0,0,0,0,0,0,0,0
0,0,0,0,0,0,0,0,0,0,0,0,0,0,0,0,0,0,0,0
0,0,0,0,0,0,0,0,0,0,0,0,0,0,0,0,0,0,0,0
0,0,0,0,0,0,0,0,0,0,0,0,0,0,0,0,0,0,0,0
0,0,0,0,0,0,0,0,0,0,0,0,0,0,0,0,0,0,0,0
0,0,0,0,0,0,0,0,0,0,0,0,0,0,0,0,0,0,0,0
0,0,0,0,0,0,0,0,0,0,0,0,0,0,0,0,0,0,0,0
0,0,0,0,0,0,0,0,0,0,0,0,0,0,0,0,0,0,0,0
0,0,0,0,0,0,0,0,0,0,0,0,0,0,0,0,0,0,0,0
0,0,0,0,0,0,0,0,0,0,0,0,0,0,0,0,0,0,0,0
0,0,0,0,0,0,0,0,0,0,0,0,0,0,0,0,0,0,0,0
0,0,0,0,0,0,0,0,0,0,0,0,0,0,0,0,0,0,0,0
0,0,0,0,0,0,0,0,0,0,0,0,0,0,0,0,0,0,0,0
0,0,0,0,0,0,0,0,0,0,0,0,0,0,0,0,0,0,0,0
0,0,0,0,0,0,0,0,0,0,0,0,0,0,0,0,0,0,0,0
0,0,0,0,0,0,0,0,0,0,0,0,0,0,0,0,0,0,0,0
0,0,0,0,0,0,0,0,0,0,0,0,0,0,0,0,0,0,0,0
0,0,0,0,0,0,0,0,0,0,0,0,0,0,0,0,0,0,0,0
0,0,0,0,0,0,0,0,0,0,0,0,0,0,0,0,0,0,0,0
0,0,0,0,0,0,0,0,0,0,0,0,0,0,0,0,0,0,0,0
0,0,0,0,0,0,0,0,0,0,0,0,0,0,0,0,0,0,0,0
0,0,0,0,0,0,0,0,0,0,0,0,0,0,0,0,0,0,0,0
0,0,0,0,0,0,0,0,0,0,0,0,0,0,0,0,0,0,0,0
0,0,0,0,0,0,0,0,0,0,0,0,0,0,0,0,0,0,0,0
0,0,0,0,0,0,0,0,0,0,0,0,0,0,0,0,0,0,0,0
0,0,0,0,0,0,0,0,0,0,0,0,0,0,0,0,0,0,0,0
0,0,0,0,0,0,0,0,0,0,0,0,0,0,0,0,0,0,0,0
0,0,0,0,0,0,0,0,0,0,0,0,0,0,0,0,0,0,0,0
0,0,0,0,0,0,0,0,0,0,0,0,0,0,0,0,0,0,0,0
0,0,0,0,0,0,0,0,0,0,0,0,0,0,0,0,0,0,0,0
0,0,0,0,0,0,0,0,0,0,0,0,0,0,0,0,0,0,0,0
0,0,0,0,0,0,0,0,0,0,0,0,0,0,0,0,0,0,0,0
0,0,0,0,0,0,0,0,0,0,0,0,0,0,0,0,0,0,0,0
0,0,0,0,0,0,0,0,0,0,0,0,0,0,0,0,0,0,0,0
0,0,0,0,0,0,0,0,0,0,0,0,0,0,0,0,0,0,0,0
0,0,0,0,0,0,0,0,0,0,0,0,0,0,0,0,0,0,0,0
0,0,0,0,0,0,0,0,0,0,0,0,0,0,0,0,0,0,0,0
0,0,0,0,0,0,0,0,0,0,0,0,0,0,0,0,0,0,0,0
0,0,0,0,0,0,0,0,0,0,0,0,0,0,0,0,0,0,0,0
0,0,0,0,0,0,0,0,0,0,0,0,0,0,0,0,0,0,0,0
0,0,0,0,0,0,0,0,0,0,0,0,0,0,0,0,0,0,0,0
0,0,0,0,0,0,0,0,0,0,0,0,0,0,0,0,0,0,0,0
0,0,0,0,0,0,0,0,0,0,0,0,0,0,0,0,0,0,0,0
0,0,0,0,0,0,0,0,0,0,0,0,0,0,0,0,0,0,0,0
0,0,0,0,0,0,0,0,0,0,0,0,0,0,0,0,0,0,0,0
0,0,0,0,0,0,0,0,0,0,0,0,0,0,0,0,0,0,0,0
0,0,0,0,0,0,0,0,0,0,0,0,0,0,0,0,0,0,0,0
0,0,0,0,0,0,0,0,0,0,0,0,0,0,0,0,0,0,0,0
0,0,0,0,0,0,0,0,0,0,0,0,0,0,0,0,0,0,0,0
0,0,0,0,0,0,0,0,0,0,0,0,0,0,0,0,0,0,0,0
0,0,0,0,0,0,0,0,0,0,0,0,0,0,0,0,0,0,0,0
0,0,0,0,0,0,0,0,0,0,0,0,0,0,0,0,0,0,0,0
0,0,0,0,0,0,0,0,0,0,0,0,0,0,0,0,0,0,0,0
0,0,0,0,0,0,0,0,0,0,0,0,0,0,0,0,0,0,0,0
0,0,0,0,0,0,0,0,0,0,0,0,0,0,0,0,0,0,0,0
0,0,0,0,0,0,0,0,0,0,0,0,0,0,0,0,0,0,0,0
0,0,0,0,0,0,0,0,0,0,0,0,0,0,0,0,0,0,0,0
0,0,0,0,0,0,0,0,0,0,0,0,0,0,0,0,0,0,0,0
0,0,0,0,0,0,0,0,0,0,0,0,0,0,0,0,0,0,0,0
0,0,0,0,0,0,0,0,0,0,0,0,0,0,0,0,0,0,0,0
0,0,0,0,0,0,0,0,0,0,0,0,0,0,0,0,0,0,0,0
0,0,0,0,0,0,0,0,0,0,0,0,0,0,0,0,0,0,0,0
0,0,0,0,0,0,0,0,0,0,0,0,0,0,0,0,0,0,0,0
0,0,0,0,0,0,0,0,0,0,0,0,0,0,0,0,0,0,0,0
0,0,0,0,0,0,0,0,0,0,0,0,0,0,0,0,0,0,0,0
0,0,0,0,0,0,0,0,0,0,0,0,0,0,0,0,0,0,0,0
0,0,0,0,0,0,0,0,0,0,0,0,0,0,0,0,0,0,0,0
0,0,0,0,0,0,0,0,0,0,0,0,0,0,0,0,0,0,0,0
0,0,0,0,0,0,0,0,0,0,0,0,0,0,0,0,0,0,0,0
0,0,0,0,0,0,0,0,0,0,0,0,0,0,0,0,0,0,0,0
0,0,0,0,0,0,0,0,0,0,0,0,0,0,0,0,0,0,0,0
0,0,0,0,0,0,0,0,0,0,0,0,0,0,0,0,0,0,0,0
0,0,0,0,0,0,0,0,0,0,0,0,0,0,0,0,0,0,0,0
0,0,0,0,0,0,0,0,0,0,0,0,0,0,0,0,0,0,0,0
0,0,0,0,0,0,0,0,0,0,0,0,0,0,0,0,0,0,0,0
0,0,0,0,0,0,0,0,0,0,0,0,0,0,0,0,0,0,0,0
0,0,0,0,0,0,0,0,0,0,0,0,0,0,0,0,0,0,0,0
0,0,0,0,0,0,0,0,0,0,0,0,0,0,0,0,0,0,0,0
0,0,0,0,0,0,0,0,0,0,0,0,0,0,0,0,0,0,0,0
0,0,0,0,0,0,0,0,0,0,0,0,0,0,0,0,0,0,0,0
0,0,0,0,0,0,0,0,0,0,0,0,0,0,0,0,0,0,0,0
0,0,0,0,0,0,0,0,0,0,0,0,0,0,0,0,0,0,0,0
0,0,0,0,0,0,0,0,0,0,0,0,0,0,0,0,0,0,0,0
0,0,0,0,0,0,0,0,0,0,0,0,0,0,0,0,0,0,0,0
0,0,0,0,0,0,0,0,0,0,0,0,0,0,0,0,0,0,0,0
0,0,0,0,0,0,0,0,0,0,0,0,0,0,0,0,0,0,0,0
0,0,0,0,0,0,0,0,0,0,0,0,0,0,0,0,0,0,0,0
0,0,0,0,0,0,0,0,0,0,0,0,0,0,0,0,0,0,0,0
0,0,0,0,0,0,0,0,0,0,0,0,0,0,0,0,0,0,0,0
0,0,0,0,0,0,0,0,0,0,0,0,0,0,0,0,0,0,0,0
0,0,0,0,0,0,0,0,0,0,0,0,0,0,0,0,0,0,0,0
0,0,0,0,0,0,0,0,0,0,0,0,0,0,0,0,0,0,0,0
0,0,0,0,0,0,0,0,0,0,0,0,0,0,0,0,0,0,0,0
0,0,0,0,0,0,0,0,0,0,0,0,0,0,0,0,0,0,0,0
0,0,0,0,0,0,0,0,0,0,0,0,0,0,0,0,0,0,0,0
0,0,0,0,0,0,0,0,0,0,0,0,0,0,0,0,0,0,0,0
0,0,0,0,0,0,0,0,0,0,0,0,0,0,0,0,0,0,0,0
0,0,0,0,0,0,0,0,0,0,0,0,0,0,0,0,0,0,0,0
0,0,0,0,0,0,0,0,0,0,0,0,0,0,0,0,0,0,0,0
0,0,0,0,0,0,0,0,0,0,0,0,0,0,0,0,0,0,0,0
0,0,0,0,0,0,0,0,0,0,0,0,0,0,0,0,0,0,0,0
0,0,0,0,0,0,0,0,0,0,0,0,0,0,0,0,0,0,0,0
0,0,0,0,0,0,0,0,0,0,0,0,0,0,0,0,0,0,0,0
0,0,0,0,0,0,0,0,0,0,0,0,0,0,0,0,0,0,0,0
0,0,0,0,0,0,0,0,0,0,0,0,0,0,0,0,0,0,0,0
0,0,0,0,0,0,0,0,0,0,0,0,0,0,0,0,0,0,0,0
0,0,0,0,0,0,0,0,0,0,0,0,0,0,0,0,0,0,0,0
0,0,0,0,0,0,0,0,0,0,0,0,0,0,0,0,0,0,0,0
0,0,0,0,0,0,0,0,0,0,0,0,0,0,0,0,0,0,0,0
0,0,0,0,0,0,0,0,0,0,0,0,0,0,0,0,0,0,0,0
0,0,0,0,0,0,0,0,0,0,0,0,0,0,0,0,0,0,0,0
0,0,0,0,0,0,0,0,0,0,0,0,0,0,0,0,0,0,0,0
0,0,0,0,0,0,0,0,0,0,0,0,0,0,0,0,0,0,0,0
0,0,0,0,0,0,0,0,0,0,0,0,0,0,0,0,0,0,0,0
0,0,0,0,0,0,0,0,0,0,0,0,0,0,0,0,0,0,0,0
0,0,0,0,0,0,0,0,0,0,0,0,0,0,0,0,0,0,0,0
0,0,0,0,0,0,0,0,0,0,0,0,0,0,0,0,0,0,0,0
0,0,0,0,0,0,0,0,0,0,0,0,0,0,0,0,0,0,0,0
0,0,0,0,0,0,0,0,0,0,0,0,0,0,0,0,0,0,0,0
0,0,0,0,0,0,0,0,0,0,0,0,0,0,0,0,0,0,0,0
0,0,0,0,0,0,0,0,0,0,0,0,0,0,0,0,0,0,0,0
0,0,0,0,0,0,0,0,0,0,0,0,0,0,0,0,0,0,0,0
0,0,0,0,0,0,0,0,0,0,0,0,0,0,0,0,0,0,0,0
0,0,0,0,0,0,0,0,0,0,0,0,0,0,0,0,0,0,0,0
0,0,0,0,0,0,0,0,0,0,0,0,0,0,0,0,0,0,0,0
0,0,0,0,0,0,0,0,0,0,0,0,0,0,0,0,0,0,0,0
0,0,0,0,0,0,0,0,0,0,0,0,0,0,0,0,0,0,0,0
0,0,0,0,0,0,0,0,0,0,0,0,0,0,0,0,0,0,0,0
0,0,0,0,0,0,0,0,0,0,0,0,0,0,0,0,0,0,0,0
0,0,0,0,0,0,0,0,0,0,0,0,0,0,0,0,0,0,0,0
0,0,0,0,0,0,0,0,0,0,0,0,0,0,0,0,0,0,0,0
0,0,0,0,0,0,0,0,0,0,0,0,0,0,0,0,0,0,0,0
0,0,0,0,0,0,0,0,0,0,0,0,0,0,0,0,0,0,0,0
0,0,0,0,0,0,0,0,0,0,0,0,0,0,0,0,0,0,0,0
0,0,0,0,0,0,0,0,0,0,0,0,0,0,0,0,0,0,0,0
0,0,0,0,0,0,0,0,0,0,0,0,0,0,0,0,0,0,0,0
0,0,0,0,0,0,0,0,0,0,0,0,0,0,0,0,0,0,0,0
0,0,0,0,0,0,0,0,0,0,0,0,0,0,0,0,0,0,0,0
0,0,0,0,0,0,0,0,0,0,0,0,0,0,0,0,0,0,0,0
0,0,0,0,0,0,0,0,0,0,0,0,0,0,0,0,0,0,0,0
0,0,0,0,0,0,0,0,0,0,0,0,0,0,0,0,0,0,0,0
0,0,0,0,0,0,0,0,0,0,0,0,0,0,0,0,0,0,0,0
0,0,0,0,0,0,0,0,0,0,0,0,0,0,0,0,0,0,0,0
0,0,0,0,0,0,0,0,0,0,0,0,0,0,0,0,0,0,0,0
0,0,0,0,0,0,0,0,0,0,0,0,0,0,0,0,0,0,0,0
0,0,0,0,0,0,0,0,0,0,0,0,0,0,0,0,0,0,0,0
0,0,0,0,0,0,0,0,0,0,0,0,0,0,0,0,0,0,0,0
0,0,0,0,0,0,0,0,0,0,0,0,0,0,0,0,0,0,0,0
0,0,0,0,0,0,0,0,0,0,0,0,0,0,0,0,0,0,0,0
0,0,0,0,0,0,0,0,0,0,0,0,0,0,0,0,0,0,0,0
0,0,0,0,0,0,0,0,0,0,0,0,0,0,0,0,0,0,0,0
0,0,0,0,0,0,0,0,0,0,0,0,0,0,0,0,0,0,0,0
0,0,0,0,0,0,0,0,0,0,0,0,0,0,0,0,0,0,0,0
0,0,0,0,0,0,0,0,0,0,0,0,0,0,0,0,0,0,0,0
0,0,0,0,0,0,0,0,0,0,0,0,0,0,0,0,0,0,0,0
0,0,0,0,0,0,0,0,0,0,0,0,0,0,0,0,0,0,0,0
0,0,0,0,0,0,0,0,0,0,0,0,0,0,0,0,0,0,0,0
0,0,0,0,0,0,0,0,0,0,0,0,0,0,0,0,0,0,0,0
0,0,0,0,0,0,0,0,0,0,0,0,0,0,0,0,0,0,0,0
0,0,0,0,0,0,0,0,0,0,0,0,0,0,0,0,0,0,0,0
0,0,0,0,0,0,0,0,0,0,0,0,0,0,0,0,0,0,0,0
0,0,0,0,0,0,0,0,0,0,0,0,0,0,0,0,0,0,0,0
0,0,0,0,0,0,0,0,0,0,0,0,0,0,0,0,0,0,0,0
0,0,0,0,0,0,0,0,0,0,0,0,0,0,0,0,0,0,0,0
0,0,0,0,0,0,0,0,0,0,0,0,0,0,0,0,0,0,0,0
0,0,0,0,0,0,0,0,0,0,0,0,0,0,0,0,0,0,0,0
0,0,0,0,0,0,0,0,0,0,0,0,0,0,0,0,0,0,0,0
0,0,0,0,0,0,0,0,0,0,0,0,0,0,0,0,0,0,0,0
0,0,0,0,0,0,0,0,0,0,0,0,0,0,0,0,0,0,0,0
0,0,0,0,0,0,0,0,0,0,0,0,0,0,0,0,0,0,0,0
0,0,0,0,0,0,0,0,0,0,0,0,0,0,0,0,0,0,0,0
0,0,0,0,0,0,0,0,0,0,0,0,0,0,0,0,0,0,0,0
0,0,0,0,0,0,0,0,0,0,0,0,0,0,0,0,0,0,0,0
0,0,0,0,0,0,0,0,0,0,0,0,0,0,0,0,0,0,0,0
0,0,0,0,0,0,0,0,0,0,0,0,0,0,0,0,0,0,0,0
0,0,0,0,0,0,0,0,0,0,0,0,0,0,0,0,0,0,0,0
0,0,0,0,0,0,0,0,0,0,0,0,0,0,0,0,0,0,0,0
0,0,0,0,0,0,0,0,0,0,0,0,0,0,0,0,0,0,0,0
0,0,0,0,0,0,0,0,0,0,0,0,0,0,0,0,0,0,0,0
0,0,0,0,0,0,0,0,0,0,0,0,0,0,0,0,0,0,0,0
0,0,0,0,0,0,0,0,0,0,0,0,0,0,0,0,0,0,0,0
0,0,0,0,0,0,0,0,0,0,0,0,0,0,0,0,0,0,0,0
0,0,0,0,0,0,0,0,0,0,0,0,0,0,0,0,0,0,0,0
0,0,0,0,0,0,0,0,0,0,0,0,0,0,0,0,0,0,0,0
0,0,0,0,0,0,0,0,0,0,0,0,0,0,0,0,0,0,0,0
0,0,0,0,0,0,0,0,0,0,0,0,0,0,0,0,0,0,0,0
0,0,0,0,0,0,0,0,0,0,0,0,0,0,0,0,0,0,0,0
0,0,0,0,0,0,0,0,0,0,0,0,0,0,0,0,0,0,0,0
0,0,0,0,0,0,0,0,0,0,0,0,0,0,0,0,0,0,0,0
0,0,0,0,0,0,0,0,0,0,0,0,0,0,0,0,0,0,0,0
0,0,0,0,0,0,0,0,0,0,0,0,0,0,0,0,0,0,0,0
0,0,0,0,0,0,0,0,0,0,0,0,0,0,0,0,0,0,0,0
0,0,0,0,0,0,0,0,0,0,0,0,0,0,0,0,0,0,0,0
0,0,0,0,0,0,0,0,0,0,0,0,0,0,0,0,0,0,0,0
0,0,0,0,0,0,0,0,0,0,0,0,0,0,0,0,0,0,0,0
0,0,0,0,0,0,0,0,0,0,0,0,0,0,0,0,0,0,0,0
0,0,0,0,0,0,0,0,0,0,0,0,0,0,0,0,0,0,0,0
0,0,0,0,0,0,0,0,0,0,0,0,0,0,0,0,0,0,0,0
0,0,0,0,0,0,0,0,0,0,0,0,0,0,0,0,0,0,0,0
0,0,0,0,0,0,0,0,0,0,0,0,0,0,0,0,0,0,0,0
0,0,0,0,0,0,0,0,0,0,0,0,0,0,0,0,0,0,0,0
0,0,0,0,0,0,0,0,0,0,0,0,0,0,0,0,0,0,0,0
0,0,0,0,0,0,0,0,0,0,0,0,0,0,0,0,0,0,0,0
0,0,0,0,0,0,0,0,0,0,0,0,0,0,0,0,0,0,0,0
0,0,0,0,0,0,0,0,0,0,0,0,0,0,0,0,0,0,0,0
0,0,0,0,0,0,0,0,0,0,0,0,0,0,0,0,0,0,0,0
0,0,0,0,0,0,0,0,0,0,0,0,0,0,0,0,0,0,0,0
0,0,0,0,0,0,0,0,0,0,0,0,0,0,0,0,0,0,0,0
0,0,0,0,0,0,0,0,0,0,0,0,0,0,0,0,0,0,0,0
0,0,0,0,0,0,0,0,0,0,0,0,0,0,0,0,0,0,0,0
0,0,0,0,0,0,0,0,0,0,0,0,0,0,0,0,0,0,0,0
0,0,0,0,0,0,0,0,0,0,0,0,0,0,0,0,0,0,0,0
0,0,0,0,0,0,0,0,0,0,0,0,0,0,0,0,0,0,0,0
0,0,0,0,0,0,0,0,0,0,0,0,0,0,0,0,0,0,0,0
0,0,0,0,0,0,0,0,0,0,0,0,0,0,0,0,0,0,0,0
0,0,0,0,0,0,0,0,0,0,0,0,0,0,0,0,0,0,0,0
0,0,0,0,0,0,0,0,0,0,0,0,0,0,0,0,0,0,0,0
0,0,0,0,0,0,0,0,0,0,0,0,0,0,0,0,0,0,0,0
0,0,0,0,0,0,0,0,0,0,0,0,0,0,0,0,0,0,0,0
0,0,0,0,0,0,0,0,0,0,0,0,0,0,0,0,0,0,0,0
0,0,0,0,0,0,0,0,0,0,0,0,0,0,0,0,0,0,0,0
0,0,0,0,0,0,0,0,0,0,0,0,0,0,0,0,0,0,0,0
0,0,0,0,0,0,0,0,0,0,0,0,0,0,0,0,0,0,0,0
0,0,0,0,0,0,0,0,0,0,0,0,0,0,0,0,0,0,0,0
0,0,0,0,0,0,0,0,0,0,0,0,0,0,0,0,0,0,0,0
0,0,0,0,0,0,0,0,0,0,0,0,0,0,0,0,0,0,0,0
0,0,0,0,0,0,0,0,0,0,0,0,0,0,0,0,0,0,0,0
0,0,0,0,0,0,0,0,0,0,0,0,0,0,0,0,0,0,0,0
0,0,0,0,0,0,0,0,0,0,0,0,0,0,0,0,0,0,0,0
0,0,0,0,0,0,0,0,0,0,0,0,0,0,0,0,0,0,0,0
0,0,0,0,0,0,0,0,0,0,0,0,0,0,0,0,0,0,0,0
0,0,0,0,0,0,0,0,0,0,0,0,0,0,0,0,0,0,0,0
0,0,0,0,0,0,0,0,0,0,0,0,0,0,0,0,0,0,0,0
0,0,0,0,0,0,0,0,0,0,0,0,0,0,0,0,0,0,0,0
0,0,0,0,0,0,0,0,0,0,0,0,0,0,0,0,0,0,0,0
0,0,0,0,0,0,0,0,0,0,0,0,0,0,0,0,0,0,0,0
0,0,0,0,0,0,0,0,0,0,0,0,0,0,0,0,0,0,0,0
0,0,0,0,0,0,0,0,0,0,0,0,0,0,0,0,0,0,0,0
0,0,0,0,0,0,0,0,0,0,0,0,0,0,0,0,0,0,0,0
0,0,0,0,0,0,0,0,0,0,0,0,0,0,0,0,0,0,0,0
0,0,0,0,0,0,0,0,0,0,0,0,0,0,0,0,0,0,0,0
0,0,0,0,0,0,0,0,0,0,0,0,0,0,0,0,0,0,0,0
0,0,0,0,0,0,0,0,0,0,0,0,0,0,0,0,0,0,0,0
0,0,0,0,0,0,0,0,0,0,0,0,0,0,0,0,0,0,0,0
0,0,0,0,0,0,0,0,0,0,0,0,0,0,0,0,0,0,0,0
0,0,0,0,0,0,0,0,0,0,0,0,0,0,0,0,0,0,0,0
0,0,0,0,0,0,0,0,0,0,0,0,0,0,0,0,0,0,0,0
0,0,0,0,0,0,0,0,0,0,0,0,0,0,0,0,0,0,0,0
0,0,0,0,0,0,0,0,0,0,0,0,0,0,0,0,0,0,0,0
0,0,0,0,0,0,0,0,0,0,0,0,0,0,0,0,0,0,0,0
0,0,0,0,0,0,0,0,0,0,0,0,0,0,0,0,0,0,0,0
0,0,0,0,0,0,0,0,0,0,0,0,0,0,0,0,0,0,0,0
0,0,0,0,0,0,0,0,0,0,0,0,0,0,0,0,0,0,0,0
0,0,0,0,0,0,0,0,0,0,0,0,0,0,0,0,0,0,0,0
0,0,0,0,0,0,0,0,0,0,0,0,0,0,0,0,0,0,0,0
0,0,0,0,0,0,0,0,0,0,0,0,0,0,0,0,0,0,0,0
0,0,0,0,0,0,0,0,0,0,0,0,0,0,0,0,0,0,0,0
0,0,0,0,0,0,0,0,0,0,0,0,0,0,0,0,0,0,0,0
0,0,0,0,0,0,0,0,0,0,0,0,0,0,0,0,0,0,0,0
0,0,0,0,0,0,0,0,0,0,0,0,0,0,0,0,0,0,0,0
0,0,0,0,0,0,0,0,0,0,0,0,0,0,0,0,0,0,0,0
0,0,0,0,0,0,0,0,0,0,0,0,0,0,0,0,0,0,0,0
0,0,0,0,0,0,0,0,0,0,0,0,0,0,0,0,0,0,0,0
0,0,0,0,0,0,0,0,0,0,0,0,0,0,0,0,0,0,0,0
0,0,0,0,0,0,0,0,0,0,0,0,0,0,0,0,0,0,0,0
0,0,0,0,0,0,0,0,0,0,0,0,0,0,0,0,0,0,0,0
0,0,0,0,0,0,0,0,0,0,0,0,0,0,0,0,0,0,0,0
0,0,0,0,0,0,0,0,0,0,0,0,0,0,0,0,0,0,0,0
0,0,0,0,0,0,0,0,0,0,0,0,0,0,0,0,0,0,0,0
0,0,0,0,0,0,0,0,0,0,0,0,0,0,0,0,0,0,0,0
0,0,0,0,0,0,0,0,0,0,0,0,0,0,0,0,0,0,0,0
0,0,0,0,0,0,0,0,0,0,0,0,0,0,0,0,0,0,0,0
0,0,0,0,0,0,0,0,0,0,0,0,0,0,0,0,0,0,0,0
0,0,0,0,0,0,0,0,0,0,0,0,0,0,0,0,0,0,0,0
0,0,0,0,0,0,0,0,0,0,0,0,0,0,0,0,0,0,0,0
0,0,0,0,0,0,0,0,0,0,0,0,0,0,0,0,0,0,0,0
0,0,0,0,0,0,0,0,0,0,0,0,0,0,0,0,0,0,0,0
0,0,0,0,0,0,0,0,0,0,0,0,0,0,0,0,0,0,0,0
0,0,0,0,0,0,0,0,0,0,0,0,0,0,0,0,0,0,0,0
0,0,0,0,0,0,0,0,0,0,0,0,0,0,0,0,0,0,0,0
0,0,0,0,0,0,0,0,0,0,0,0,0,0,0,0,0,0,0,0
0,0,0,0,0,0,0,0,0,0,0,0,0,0,0,0,0,0,0,0
0,0,0,0,0,0,0,0,0,0,0,0,0,0,0,0,0,0,0,0
0,0,0,0,0,0,0,0,0,0,0,0,0,0,0,0,0,0,0,0
0,0,0,0,0,0,0,0,0,0,0,0,0,0,0,0,0,0,0,0
0,0,0,0,0,0,0,0,0,0,0,0,0,0,0,0,0,0,0,0
0,0,0,0,0,0,0,0,0,0,0,0,0,0,0,0,0,0,0,0
0,0,0,0,0,0,0,0,0,0,0,0,0,0,0,0,0,0,0,0
0,0,0,0,0,0,0,0,0,0,0,0,0,0,0,0,0,0,0,0
0,0,0,0,0,0,0,0,0,0,0,0,0,0,0,0,0,0,0,0
0,0,0,0,0,0,0,0,0,0,0,0,0,0,0,0,0,0,0,0
0,0,0,0,0,0,0,0,0,0,0,0,0,0,0,0,0,0,0,0
0,0,0,0,0,0,0,0,0,0,0,0,0,0,0,0,0,0,0,0
0,0,0,0,0,0,0,0,0,0,0,0,0,0,0,0,0,0,0,0
0,0,0,0,0,0,0,0,0,0,0,0,0,0,0,0,0,0,0,0
0,0,0,0,0,0,0,0,0,0,0,0,0,0,0,0,0,0,0,0
0,0,0,0,0,0,0,0,0,0,0,0,0,0,0,0,0,0,0,0
0,0,0,0,0,0,0,0,0,0,0,0,0,0,0,0,0,0,0,0
0,0,0,0,0,0,0,0,0,0,0,0,0,0,0,0,0,0,0,0
0,0,0,0,0,0,0,0,0,0,0,0,0,0,0,0,0,0,0,0
0,0,0,0,0,0,0,0,0,0,0,0,0,0,0,0,0,0,0,0
0,0,0,0,0,0,0,0,0,0,0,0,0,0,0,0,0,0,0,0
0,0,0,0,0,0,0,0,0,0,0,0,0,0,0,0,0,0,0,0
0,0,0,0,0,0,0,0,0,0,0,0,0,0,0,0,0,0,0,0
0,0,0,0,0,0,0,0,0,0,0,0,0,0,0,0,0,0,0,0
0,0,0,0,0,0,0,0,0,0,0,0,0,0,0,0,0,0,0,0
0,0,0,0,0,0,0,0,0,0,0,0,0,0,0,0,0,0,0,0
0,0,0,0,0,0,0,0,0,0,0,0,0,0,0,0,0,0,0,0
0,0,0,0,0,0,0,0,0,0,0,0,0,0,0,0,0,0,0,0
0,0,0,0,0,0,0,0,0,0,0,0,0,0,0,0,0,0,0,0
0,0,0,0,0,0,0,0,0,0,0,0,0,0,0,0,0,0,0,0
0,0,0,0,0,0,0,0,0,0,0,0,0,0,0,0,0,0,0,0
0,0,0,0,0,0,0,0,0,0,0,0,0,0,0,0,0,0,0,0
0,0,0,0,0,0,0,0,0,0,0,0,0,0,0,0,0,0,0,0
0,0,0,0,0,0,0,0,0,0,0,0,0,0,0,0,0,0,0,0
0,0,0,0,0,0,0,0,0,0,0,0,0,0,0,0,0,0,0,0
0,0,0,0,0,0,0,0,0,0,0,0,0,0,0,0,0,0,0,0
0,0,0,0,0,0,0,0,0,0,0,0,0,0,0,0,0,0,0,0
0,0,0,0,0,0,0,0,0,0,0,0,0,0,0,0,0,0,0,0
0,0,0,0,0,0,0,0,0,0,0,0,0,0,0,0,0,0,0,0
0,0,0,0,0,0,0,0,0,0,0,0,0,0,0,0,0,0,0,0
0,0,0,0,0,0,0,0,0,0,0,0,0,0,0,0,0,0,0,0
0,0,0,0,0,0,0,0,0,0,0,0,0,0,0,0,0,0,0,0
0,0,0,0,0,0,0,0,0,0,0,0,0,0,0,0,0,0,0,0
0,0,0,0,0,0,0,0,0,0,0,0,0,0,0,0,0,0,0,0
0,0,0,0,0,0,0,0,0,0,0,0,0,0,0,0,0,0,0,0
0,0,0,0,0,0,0,0,0,0,0,0,0,0,0,0,0,0,0,0
0,0,0,0,0,0,0,0,0,0,0,0,0,0,0,0,0,0,0,0
0,0,0,0,0,0,0,0,0,0,0,0,0,0,0,0,0,0,0,0
0,0,0,0,0,0,0,0,0,0,0,0,0,0,0,0,0,0,0,0
0,0,0,0,0,0,0,0,0,0,0,0,0,0,0,0,0,0,0,0
0,0,0,0,0,0,0,0,0,0,0,0,0,0,0,0,0,0,0,0
0,0,0,0,0,0,0,0,0,0,0,0,0,0,0,0,0,0,0,0
0,0,0,0,0,0,0,0,0,0,0,0,0,0,0,0,0,0,0,0
0,0,0,0,0,0,0,0,0,0,0,0,0,0,0,0,0,0,0,0
0,0,0,0,0,0,0,0,0,0,0,0,0,0,0,0,0,0,0,0
0,0,0,0,0,0,0,0,0,0,0,0,0,0,0,0,0,0,0,0
0,0,0,0,0,0,0,0,0,0,0,0,0,0,0,0,0,0,0,0
0,0,0,0,0,0,0,0,0,0,0,0,0,0,0,0,0,0,0,0
0,0,0,0,0,0,0,0,0,0,0,0,0,0,0,0,0,0,0,0
0,0,0,0,0,0,0,0,0,0,0,0,0,0,0,0,0,0,0,0
0,0,0,0,0,0,0,0,0,0,0,0,0,0,0,0,0,0,0,0
0,0,0,0,0,0,0,0,0,0,0,0,0,0,0,0,0,0,0,0
0,0,0,0,0,0,0,0,0,0,0,0,0,0,0,0,0,0,0,0
0,0,0,0,0,0,0,0,0,0,0,0,0,0,0,0,0,0,0,0
0,0,0,0,0,0,0,0,0,0,0,0,0,0,0,0,0,0,0,0
0,0,0,0,0,0,0,0,0,0,0,0,0,0,0,0,0,0,0,0
0,0,0,0,0,0,0,0,0,0,0,0,0,0,0,0,0,0,0,0
0,0,0,0,0,0,0,0,0,0,0,0,0,0,0,0,0,0,0,0
0,0,0,0,0,0,0,0,0,0,0,0,0,0,0,0,0,0,0,0
0,0,0,0,0,0,0,0,0,0,0,0,0,0,0,0,0,0,0,0
0,0,0,0,0,0,0,0,0,0,0,0,0,0,0,0,0,0,0,0
0,0,0,0,0,0,0,0,0,0,0,0,0,0,0,0,0,0,0,0
0,0,0,0,0,0,0,0,0,0,0,0,0,0,0,0,0,0,0,0
0,0,0,0,0,0,0,0,0,0,0,0,0,0,0,0,0,0,0,0
0,0,0,0,0,0,0,0,0,0,0,0,0,0,0,0,0,0,0,0
0,0,0,0,0,0,0,0,0,0,0,0,0,0,0,0,0,0,0,0
0,0,0,0,0,0,0,0,0,0,0,0,0,0,0,0,0,0,0,0
0,0,0,0,0,0,0,0,0,0,0,0,0,0,0,0,0,0,0,0
0,0,0,0,0,0,0,0,0,0,0,0,0,0,0,0,0,0,0,0
0,0,0,0,0,0,0,0,0,0,0,0,0,0,0,0,0,0,0,0
0,0,0,0,0,0,0,0,0,0,0,0,0,0,0,0,0,0,0,0
0,0,0,0,0,0,0,0,0,0,0,0,0,0,0,0,0,0,0,0
0,0,0,0,0,0,0,0,0,0,0,0,0,0,0,0,0,0,0,0
0,0,0,0,0,0,0,0,0,0,0,0,0,0,0,0,0,0,0,0
0,0,0,0,0,0,0,0,0,0,0,0,0,0,0,0,0,0,0,0
0,0,0,0,0,0,0,0,0,0,0,0,0,0,0,0,0,0,0,0
0,0,0,0,0,0,0,0,0,0,0,0,0,0,0,0,0,0,0,0
0,0,0,0,0,0,0,0,0,0,0,0,0,0,0,0,0,0,0,0
0,0,0,0,0,0,0,0,0,0,0,0,0,0,0,0,0,0,0,0
0,0,0,0,0,0,0,0,0,0,0,0,0,0,0,0,0,0,0,0
0,0,0,0,0,0,0,0,0,0,0,0,0,0,0,0,0,0,0,0
0,0,0,0,0,0,0,0,0,0,0,0,0,0,0,0,0,0,0,0
0,0,0,0,0,0,0,0,0,0,0,0,0,0,0,0,0,0,0,0
0,0,0,0,0,0,0,0,0,0,0,0,0,0,0,0,0,0,0,0
0,0,0,0,0,0,0,0,0,0,0,0,0,0,0,0,0,0,0,0
0,0,0,0,0,0,0,0,0,0,0,0,0,0,0,0,0,0,0,0
0,0,0,0,0,0,0,0,0,0,0,0,0,0,0,0,0,0,0,0
0,0,0,0,0,0,0,0,0,0,0,0,0,0,0,0,0,0,0,0
0,0,0,0,0,0,0,0,0,0,0,0,0,0,0,0,0,0,0,0
0,0,0,0,0,0,0,0,0,0,0,0,0,0,0,0,0,0,0,0
0,0,0,0,0,0,0,0,0,0,0,0,0,0,0,0,0,0,0,0
0,0,0,0,0,0,0,0,0,0,0,0,0,0,0,0,0,0,0,0
0,0,0,0,0,0,0,0,0,0,0,0,0,0,0,0,0,0,0,0
0,0,0,0,0,0,0,0,0,0,0,0,0,0,0,0,0,0,0,0
0,0,0,0,0,0,0,0,0,0,0,0,0,0,0,0,0,0,0,0
0,0,0,0,0,0,0,0,0,0,0,0,0,0,0,0,0,0,0,0
0,0,0,0,0,0,0,0,0,0,0,0,0,0,0,0,0,0,0,0
0,0,0,0,0,0,0,0,0,0,0,0,0,0,0,0,0,0,0,0
0,0,0,0,0,0,0,0,0,0,0,0,0,0,0,0,0,0,0,0
0,0,0,0,0,0,0,0,0,0,0,0,0,0,0,0,0,0,0,0
0,0,0,0,0,0,0,0,0,0,0,0,0,0,0,0,0,0,0,0
0,0,0,0,0,0,0,0,0,0,0,0,0,0,0,0,0,0,0,0
0,0,0,0,0,0,0,0,0,0,0,0,0,0,0,0,0,0,0,0
0,0,0,0,0,0,0,0,0,0,0,0,0,0,0,0,0,0,0,0
0,0,0,0,0,0,0,0,0,0,0,0,0,0,0,0,0,0,0,0
0,0,0,0,0,0,0,0,0,0,0,0,0,0,0,0,0,0,0,0
0,0,0,0,0,0,0,0,0,0,0,0,0,0,0,0,0,0,0,0
0,0,0,0,0,0,0,0,0,0,0,0,0,0,0,0,0,0,0,0
0,0,0,0,0,0,0,0,0,0,0,0,0,0,0,0,0,0,0,0
0,0,0,0,0,0,0,0,0,0,0,0,0,0,0,0,0,0,0,0
0,0,0,0,0,0,0,0,0,0,0,0,0,0,0,0,0,0,0,0
0,0,0,0,0,0,0,0,0,0,0,0,0,0,0,0,0,0,0,0
0,0,0,0,0,0,0,0,0,0,0,0,0,0,0,0,0,0,0,0
0,0,0,0,0,0,0,0,0,0,0,0,0,0,0,0,0,0,0,0
0,0,0,0,0,0,0,0,0,0,0,0,0,0,0,0,0,0,0,0
0,0,0,0,0,0,0,0,0,0,0,0,0,0,0,0,0,0,0,0
0,0,0,0,0,0,0,0,0,0,0,0,0,0,0,0,0,0,0,0
0,0,0,0,0,0,0,0,0,0,0,0,0,0,0,0,0,0,0,0
0,0,0,0,0,0,0,0,0,0,0,0,0,0,0,0,0,0,0,0
0,0,0,0,0,0,0,0,0,0,0,0,0,0,0,0,0,0,0,0
0,0,0,0,0,0,0,0,0,0,0,0,0,0,0,0,0,0,0,0
0,0,0,0,0,0,0,0,0,0,0,0,0,0,0,0,0,0,0,0
0,0,0,0,0,0,0,0,0,0,0,0,0,0,0,0,0,0,0,0
0,0,0,0,0,0,0,0,0,0,0,0,0,0,0,0,0,0,0,0
0,0,0,0,0,0,0,0,0,0,0,0,0,0,0,0,0,0,0,0
0,0,0,0,0,0,0,0,0,0,0,0,0,0,0,0,0,0,0,0
0,0,0,0,0,0,0,0,0,0,0,0,0,0,0,0,0,0,0,0
0,0,0,0,0,0,0,0,0,0,0,0,0,0,0,0,0,0,0,0
0,0,0,0,0,0,0,0,0,0,0,0,0,0,0,0,0,0,0,0
0,0,0,0,0,0,0,0,0,0,0,0,0,0,0,0,0,0,0,0
0,0,0,0,0,0,0,0,0,0,0,0,0,0,0,0,0,0,0,0
0,0,0,0,0,0,0,0,0,0,0,0,0,0,0,0,0,0,0,0
0,0,0,0,0,0,0,0,0,0,0,0,0,0,0,0,0,0,0,0
0,0,0,0,0,0,0,0,0,0,0,0,0,0,0,0,0,0,0,0
0,0,0,0,0,0,0,0,0,0,0,0,0,0,0,0,0,0,0,0
0,0,0,0,0,0,0,0,0,0,0,0,0,0,0,0,0,0,0,0
0,0,0,0,0,0,0,0,0,0,0,0,0,0,0,0,0,0,0,0
0,0,0,0,0,0,0,0,0,0,0,0,0,0,0,0,0,0,0,0
0,0,0,0,0,0,0,0,0,0,0,0,0,0,0,0,0,0,0,0
0,0,0,0,0,0,0,0,0,0,0,0,0,0,0,0,0,0,0,0
0,0,0,0,0,0,0,0,0,0,0,0,0,0,0,0,0,0,0,0
0,0,0,0,0,0,0,0,0,0,0,0,0,0,0,0,0,0,0,0
0,0,0,0,0,0,0,0,0,0,0,0,0,0,0,0,0,0,0,0
0,0,0,0,0,0,0,0,0,0,0,0,0,0,0,0,0,0,0,0
0,0,0,0,0,0,0,0,0,0,0,0,0,0,0,0,0,0,0,0
0,0,0,0,0,0,0,0,0,0,0,0,0,0,0,0,0,0,0,0
0,0,0,0,0,0,0,0,0,0,0,0,0,0,0,0,0,0,0,0
0,0,0,0,0,0,0,0,0,0,0,0,0,0,0,0,0,0,0,0
0,0,0,0,0,0,0,0,0,0,0,0,0,0,0,0,0,0,0,0
0,0,0,0,0,0,0,0,0,0,0,0,0,0,0,0,0,0,0,0
0,0,0,0,0,0,0,0,0,0,0,0,0,0,0,0,0,0,0,0
0,0,0,0,0,0,0,0,0,0,0,0,0,0,0,0,0,0,0,0
0,0,0,0,0,0,0,0,0,0,0,0,0,0,0,0,0,0,0,0
0,0,0,0,0,0,0,0,0,0,0,0,0,0,0,0,0,0,0,0
0,0,0,0,0,0,0,0,0,0,0,0,0,0,0,0,0,0,0,0
0,0,0,0,0,0,0,0,0,0,0,0,0,0,0,0,0,0,0,0
0,0,0,0,0,0,0,0,0,0,0,0,0,0,0,0,0,0,0,0
0,0,0,0,0,0,0,0,0,0,0,0,0,0,0,0,0,0,0,0
0,0,0,0,0,0,0,0,0,0,0,0,0,0,0,0,0,0,0,0
0,0,0,0,0,0,0,0,0,0,0,0,0,0,0,0,0,0,0,0
0,0,0,0,0,0,0,0,0,0,0,0,0,0,0,0,0,0,0,0
0,0,0,0,0,0,0,0,0,0,0,0,0,0,0,0,0,0,0,0
0,0,0,0,0,0,0,0,0,0,0,0,0,0,0,0,0,0,0,0
0,0,0,0,0,0,0,0,0,0,0,0,0,0,0,0,0,0,0,0
0,0,0,0,0,0,0,0,0,0,0,0,0,0,0,0,0,0,0,0
0,0,0,0,0,0,0,0,0,0,0,0,0,0,0,0,0,0,0,0
0,0,0,0,0,0,0,0,0,0,0,0,0,0,0,0,0,0,0,0
0,0,0,0,0,0,0,0,0,0,0,0,0,0,0,0,0,0,0,0
0,0,0,0,0,0,0,0,0,0,0,0,0,0,0,0,0,0,0,0
0,0,0,0,0,0,0,0,0,0,0,0,0,0,0,0,0,0,0,0
0,0,0,0,0,0,0,0,0,0,0,0,0,0,0,0,0,0,0,0
0,0,0,0,0,0,0,0,0,0,0,0,0,0,0,0,0,0,0,0
0,0,0,0,0,0,0,0,0,0,0,0,0,0,0,0,0,0,0,0
0,0,0,0,0,0,0,0,0,0,0,0,0,0,0,0,0,0,0,0
0,0,0,0,0,0,0,0,0,0,0,0,0,0,0,0,0,0,0,0
0,0,0,0,0,0,0,0,0,0,0,0,0,0,0,0,0,0,0,0
0,0,0,0,0,0,0,0,0,0,0,0,0,0,0,0,0,0,0,0
0,0,0,0,0,0,0,0,0,0,0,0,0,0,0,0,0,0,0,0
0,0,0,0,0,0,0,0,0,0,0,0,0,0,0,0,0,0,0,0
0,0,0,0,0,0,0,0,0,0,0,0,0,0,0,0,0,0,0,0
0,0,0,0,0,0,0,0,0,0,0,0,0,0,0,0,0,0,0,0
0,0,0,0,0,0,0,0,0,0,0,0,0,0,0,0,0,0,0,0
0,0,0,0,0,0,0,0,0,0,0,0,0,0,0,0,0,0,0,0
0,0,0,0,0,0,0,0,0,0,0,0,0,0,0,0,0,0,0,0
0,0,0,0,0,0,0,0,0,0,0,0,0,0,0,0,0,0,0,0
0,0,0,0,0,0,0,0,0,0,0,0,0,0,0,0,0,0,0,0
0,0,0,0,0,0,0,0,0,0,0,0,0,0,0,0,0,0,0,0
0,0,0,0,0,0,0,0,0,0,0,0,0,0,0,0,0,0,0,0
0,0,0,0,0,0,0,0,0,0,0,0,0,0,0,0,0,0,0,0
0,0,0,0,0,0,0,0,0,0,0,0,0,0,0,0,0,0,0,0
0,0,0,0,0,0,0,0,0,0,0,0,0,0,0,0,0,0,0,0
0,0,0,0,0,0,0,0,0,0,0,0,0,0,0,0,0,0,0,0
0,0,0,0,0,0,0,0,0,0,0,0,0,0,0,0,0,0,0,0
0,0,0,0,0,0,0,0,0,0,0,0,0,0,0,0,0,0,0,0
0,0,0,0,0,0,0,0,0,0,0,0,0,0,0,0,0,0,0,0
0,0,0,0,0,0,0,0,0,0,0,0,0,0,0,0,0,0,0,0
0,0,0,0,0,0,0,0,0,0,0,0,0,0,0,0,0,0,0,0
0,0,0,0,0,0,0,0,0,0,0,0,0,0,0,0,0,0,0,0
0,0,0,0,0,0,0,0,0,0,0,0,0,0,0,0,0,0,0,0
0,0,0,0,0,0,0,0,0,0,0,0,0,0,0,0,0,0,0,0
0,0,0,0,0,0,0,0,0,0,0,0,0,0,0,0,0,0,0,0
0,0,0,0,0,0,0,0,0,0,0,0,0,0,0,0,0,0,0,0
0,0,0,0,0,0,0,0,0,0,0,0,0,0,0,0,0,0,0,0
0,0,0,0,0,0,0,0,0,0,0,0,0,0,0,0,0,0,0,0
0,0,0,0,0,0,0,0,0,0,0,0,0,0,0,0,0,0,0,0
0,0,0,0,0,0,0,0,0,0,0,0,0,0,0,0,0,0,0,0
0,0,0,0,0,0,0,0,0,0,0,0,0,0,0,0,0,0,0,0
0,0,0,0,0,0,0,0,0,0,0,0,0,0,0,0,0,0,0,0
0,0,0,0,0,0,0,0,0,0,0,0,0,0,0,0,0,0,0,0
0,0,0,0,0,0,0,0,0,0,0,0,0,0,0,0,0,0,0,0
0,0,0,0,0,0,0,0,0,0,0,0,0,0,0,0,0,0,0,0
0,0,0,0,0,0,0,0,0,0,0,0,0,0,0,0,0,0,0,0
0,0,0,0,0,0,0,0,0,0,0,0,0,0,0,0,0,0,0,0
0,0,0,0,0,0,0,0,0,0,0,0,0,0,0,0,0,0,0,0
0,0,0,0,0,0,0,0,0,0,0,0,0,0,0,0,0,0,0,0
0,0,0,0,0,0,0,0,0,0,0,0,0,0,0,0,0,0,0,0
0,0,0,0,0,0,0,0,0,0,0,0,0,0,0,0,0,0,0,0
0,0,0,0,0,0,0,0,0,0,0,0,0,0,0,0,0,0,0,0
0,0,0,0,0,0,0,0,0,0,0,0,0,0,0,0,0,0,0,0
0,0,0,0,0,0,0,0,0,0,0,0,0,0,0,0,0,0,0,0
0,0,0,0,0,0,0,0,0,0,0,0,0,0,0,0,0,0,0,0
0,0,0,0,0,0,0,0,0,0,0,0,0,0,0,0,0,0,0,0
0,0,0,0,0,0,0,0,0,0,0,0,0,0,0,0,0,0,0,0
0,0,0,0,0,0,0,0,0,0,0,0,0,0,0,0,0,0,0,0
0,0,0,0,0,0,0,0,0,0,0,0,0,0,0,0,0,0,0,0
0,0,0,0,0,0,0,0,0,0,0,0,0,0,0,0,0,0,0,0
0,0,0,0,0,0,0,0,0,0,0,0,0,0,0,0,0,0,0,0
0,0,0,0,0,0,0,0,0,0,0,0,0,0,0,0,0,0,0,0
0,0,0,0,0,0,0,0,0,0,0,0,0,0,0,0,0,0,0,0
0,0,0,0,0,0,0,0,0,0,0,0,0,0,0,0,0,0,0,0
0,0,0,0,0,0,0,0,0,0,0,0,0,0,0,0,0,0,0,0
0,0,0,0,0,0,0,0,0,0,0,0,0,0,0,0,0,0,0,0
0,0,0,0,0,0,0,0,0,0,0,0,0,0,0,0,0,0,0,0
0,0,0,0,0,0,0,0,0,0,0,0,0,0,0,0,0,0,0,0
0,0,0,0,0,0,0,0,0,0,0,0,0,0,0,0,0,0,0,0
0,0,0,0,0,0,0,0,0,0,0,0,0,0,0,0,0,0,0,0
0,0,0,0,0,0,0,0,0,0,0,0,0,0,0,0,0,0,0,0
0,0,0,0,0,0,0,0,0,0,0,0,0,0,0,0,0,0,0,0
0,0,0,0,0,0,0,0,0,0,0,0,0,0,0,0,0,0,0,0
0,0,0,0,0,0,0,0,0,0,0,0,0,0,0,0,0,0,0,0
0,0,0,0,0,0,0,0,0,0,0,0,0,0,0,0,0,0,0,0
0,0,0,0,0,0,0,0,0,0,0,0,0,0,0,0,0,0,0,0
0,0,0,0,0,0,0,0,0,0,0,0,0,0,0,0,0,0,0,0
0,0,0,0,0,0,0,0,0,0,0,0,0,0,0,0,0,0,0,0
0,0,0,0,0,0,0,0,0,0,0,0,0,0,0,0,0,0,0,0
0,0,0,0,0,0,0,0,0,0,0,0,0,0,0,0,0,0,0,0
0,0,0,0,0,0,0,0,0,0,0,0,0,0,0,0,0,0,0,0
0,0,0,0,0,0,0,0,0,0,0,0,0,0,0,0,0,0,0,0
0,0,0,0,0,0,0,0,0,0,0,0,0,0,0,0,0,0,0,0
0,0,0,0,0,0,0,0,0,0,0,0,0,0,0,0,0,0,0,0
0,0,0,0,0,0,0,0,0,0,0,0

StopIdsByRoute: 49012
---------------------------------------------------------------
10109,11838,11769,11765,8770,8765,8769,8734,8722,8705,8724,8728,8732,8703,8717,8736,10130,10136,10135,10137
7779,10132,10138,7884,11932,10134,10133,10131,10127,10128,10118,10119,10125,10121,7611,7528,7526,7524,7523,7527
7529,7505,7502,7498,11877,11880,7945,12030,7942,11054,11056,11049,11045,7627,10353,11051,11052,11058,10001,10003
10005,10007,11101,11099,11726,11723,10427,10418,8126,8112,8121,8109,8117,8128,8123,8129,8116,8120,8863,8892
8864,8888,8873,8884,8875,8414,8418,8415,8416,11585,11571,8071,10131,10127,10128,10118,10119,10125,10121,7611
7528,7526,7524,7523,7527,7529,7505,7502,7498,11877,11880,7945,12030,7942,11054,11056,11049,11045,7627,10353
11051,11052,11058,10001,10003,10005,10007,11101,11099,11726,11723,10427,10418,8126,8112,8121,8109,8117,8128,8123
8129,8116,8120,8863,8892,8864,8888,8873,8884,8875,8414,8418,8415,8416,11585,11571,8071,10190,10191,7812
10188,10194,10733,10699,10700,10702,10703,11820,7592,10714,9066,9068,9064,8563,8570,8564,8556,7865,8559,8551
8549,8866,8880,8877,8876,8868,8871,8863,8892,8890,8864,8888,8873,8884,8875,8414,8418,8415,8416,11585
11601,10190,10191,7812,10188,10194,7692,11857,11852,8299,8294,8310,8309,8864,8888,8873,8884,8875,8414,8418
8415,8416,11585,11601,11908,11902,11896,11895,11904,10839,10190,10346,10350,7949,10348,10343,8942,8944,8945,8947
11610,9931,10207,7795,7805,7792,7798,7783,7786,7788,7790,11608,11606,8810,10210,10209,10256,10233,10232,10230
10227,8019,8013,8009,8021,8011,8023,8018,10056,7977,7979,7982,7984,7985,11267,1675,10218,10283,10254,10263
10216,10279,10213,10272,10250,10258,10247,10287,10282,8792,8794,10238,10240,10116,10115,1680,10238,10240,10116,10115
10114,11452,11436,11437,11453,11445,11441,12085,12087,12082,7781,7803,7800,10207,7795,7805,7792,7798,7783,7786
7788,7790,11608,11606,8810,10251,10271,10267,10214,10215,10273,10262,10280,10217,10274,8631,8632,9475,9464,9201
7898,7893,7904,7890,7905,7896,7903,7899,7907,7886,1677,1026,13437,12676,12794,12792,13003,13081,13102,13106
13099,13105,13101,13103,13114,13098,13116,13169,10266,10292,10239,10237,10276,10212,10241,7559,10281,10294,10286,10236
10259,10243,10264,10251,10271,10267,10214,10215,10273,10262,10280,10217,10274,8631,8632,9475,9464,9470,10220,10278
10285,10221,10223,10249,10224,10225,10228,10229,8051,8049,8060,10266,10292,10239,10237,10936,10925,10932,10931,10928
10921,10934,10937,10947,10733,10699,10700,10702,10703,11820,7592,10714,9066,9068,9064,8563,8570,8564,8556,7865
8559,8551,8549,10566,8882,8868,8871,8111,8119,8115,8130,8124,8127,8118,8110,8122,8113,8125,11219,11234
11239,11224,11237,11247,11225,11233,11230,11221,11244,11231,11245,11227,11242,11236,10020,1027,15148,15150,14830,14826
14821,14829,14822,14824,12803,12807,14467,14470,14468,14464,14465,14462,14475,12685,12679,14832,14833,14527,14536,14535
14542,14517,14525,14528,14531,13114,13098,13116,13169,10276,10212,10241,7559,10281,10294,10286,10236,10259,10243,10264
10251,10271,10267,10214,10215,10273,10262,10280,10217,10274,8631,8632,9475,9464,9201,7898,7893,7904,7890,7905
7896,7903,7899,7907,7886,1677,1029,15189,13985,12491,14045,13646,12617,12880,13154,15146,14447,14279,13255,13619
12798,12489,12485,12825,12322,13261,1690,12875,13445,12539,14343,13838,12387,1029,15189,13985,12491,14045,13646,12617
12880,13154,15146,14447,14279,13255,13619,12798,12489,12825,12322,13261,1690,12875,13445,12539,14343,13838,12387,10321
8972,8954,8981,8968,8966,8964,8962,8960,8956,9804,9797,9792,10318,10316,10298,12088,1039,16840,16839,16751
16757,16755,16746,16762,16743,16758,16752,16754,16756,16750,16837,16789,16791,16734,16735,16739,16738,16828,16833,16831
16792,10392,10391,9493,9491,9486,9489,7925,7929,7931,7939,7934,7881,7883,10319,10296,10322,407,10299,10302
10303,10305,10307,10321,10310,10311,10313,10314,10324,11342,11395,1337,11341,11371,11345,11300,9367,9368,9363,9362
8280,8283,8285,10683,10786,10785,11483,11482,9034,1040,16838,16771,16767,16768,16772,16720,16716,16721,16717,16763
16841,16843,16803,16711,16713,16712,16812,16819,16823,16824,16820,16857,16848,16852,16860,16854,16864,16798,16765,16797
16794,16781,16837,1041,16840,16839,16751,16757,16755,16746,16762,16743,16758,16752,16754,16804,16729,16727,16826,16726
16728,16732,16837,1042,16838,16771,16767,16724,16723,16796,16714,16846,16857,16848,16852,16860,16854,16864,16798,16765
16797,16851,16844,16859,16836,10426,10420,10424,10408,10428,7613,7916,7941,7933,7944,7911,7918,7935,7928,8493
8497,10426,10420,10424,10408,10428,7613,7916,7941,7933,7944,7911,7918,7935,7928,8493,8497,8499,11917,11773
11776,11778,11779,11781,11783,11785,11795,11788,11790,11792,11803,8319,8298,8321,8317,8290,8101,11578,11589,11583
11584,11581,11585,11601,11908,11902,11896,11895,11904,11889,11893,11905,11322,11311,11365,11333,11337,11361,11351,11304
11381,11370,11301,11308,11347,11328,11385,11359,11380,11350,11306,11372,1335,11394,11319,10325,10315,10312,10309,10308
10306,10320,10304,10301,10300,403,1043,16840,16839,16751,16757,16755,16746,16762,16743,16758,16752,16754,16756,16750
16837,16789,16791,16778,16782,16807,16806,16777,16776,16774,16775,16800,16799,16815,16818,16817,16816,16834,16830,16829
16835,16792,10432,10433,10290,10245,10210,10209,10256,10233,10232,10230,10227,10226,7989,10253,10222,10277,9202,9459
9476,8633,8630,8634,10218,10283,9951,1680,10434,7514,7512,8520,7920,12016,12013,12010,12012,12014,8776,8008
10896,10890,9682,7809,11614,11615,12080,12077,12044,8108,8105,10961,10963,10958,10965,10954,10957,10953,7701,7700
9117,320,9586,9576,9578,9583,9579,9587,9570,9590,9572,9596,9595,9592,1044,9010,8998,9016,9017,9013
9008,9012,9001,8205,10792,10796,10787,10794,10797,11836,11826,11769,8681,9390,9292,9290,12078,12074,8773,8781
8770,8765,8769,8734,8722,8705,10748,10802,10740,10752,10772,10763,10744,10754,10760,10771,10759,10767,8833,8831
9500,1045,9006,9004,9018,8997,10604,10577,10636,10621,10647,10815,10809,10806,10807,7772,10812,10819,10764,10749
10758,10747,10765,8833,8831,9495,8835,11744,11752,11750,11749,11746,7811,11739,11755,11740,11747,11743,8735,8718
8704,8733,8727,10748,10802,10741,10742,10770,1046,9010,8998,9016,9013,9008,9001,8208,12182,12184,12166,12174
12169,12167,12133,12172,12144,1046,9010,8998,9016,9013,9008,9001,8208,12182,12184,12166,12174,12169,12167,12150
12146,12149,12147,12155,12138,12163,12164,12153,12139,12152,12131,12143,12145,1047,9010,8998,9016,9013,9008,9001
8208,12182,12184,12180,12178,12161,12176,12158,475,12175,11728,1048,9010,8170,8167,8163,8174,8159,8162,8166
8168,8157,11874,9102,9103,8141,8144,8153,8147,8156,11866,11871,11865,11873,11869,9883,9891,9879,9897,9896
9877,9911,9901,8784,9916,9903,9919,9893,9907,9914,9917,9874,9876,9888,9899,9885,9908,9905,9881,9913
8442,10523,10530,10526,10525,10537,9780,10536,8344,8348,8342,8345,11171,11173,11177,11174,10060,10887,10891,10884
10961,10963,10958,10965,10954,10957,10953,7701,7700,9117,320,9586,9576,9578,9583,9579,9587,9570,9590,9572
9596,9595,9592,10523,10530,10526,10525,10537,9780,10536,8344,8348,8342,8345,11171,11173,11177,11174,10060,10887
10891,10884,10961,10963,10958,10965,10954,10957,10953,7701,7700,9117,320,9586,9576,9578,9583,9579,9587,9570
9590,9572,9596,9595,9593,9591,10523,10530,10526,10525,10537,9780,10536,8344,8348,8342,8345,11171,11173,11177
11174,10060,10887,10891,10884,10961,10963,10958,10965,10954,10957,10953,7701,7700,9117,320,9586,9576,9578,9583
9579,9587,9570,9590,9572,9596,9595,9593,9591,10192,10187,10191,7812,10188,10194,10075,10074,10069,10071,10076
10073,10080,11625,11629,11634,11633,11622,10523,10530,10526,10525,10537,9780,10536,8344,8348,8342,8345,11171,11173
11177,11174,10060,10887,10891,10884,10961,10963,10958,10965,10954,10957,10953,7701,7700,9117,320,9586,9576,9578
9583,9579,9587,9570,9590,9572,9596,9595,9593,9591,10192,10187,10191,7812,10188,10194,10075,10074,10069,10071
10076,10073,11628,11635,8786,10539,10698,10732,10694,11116,11137,8680,8048,8035,10579,10602,10629,10656,10581,10675
10645,10631,10674,10651,10594,9040,10651,10594,9040,9041,10993,10983,10987,11011,11040,11019,11010,11018,11035,11028
11014,11001,11026,11013,11032,11005,1067,20080,20062,20098,20103,20369,20388,20082,20491,20505,20493,20104,20433,20436
20428,20431,20123,20122,20121,20278,1068,18134,18231,19029,18136,19113,1066,10687,11360,11338,11334,11366,8747,8743
8742,8740,11228,11246,11903,11894,11897,11901,11898,10898,9848,9849,9850,9619,11071,11061,8414,8419,10688,10066
8028,10065,11351,11304,11666,11661,11667,11672,11673,11662,11669,11678,11664,11659,11677,11761,11762,9871,11600,11594
11575,11595,11576,11592,11570,11586,11580,11582,11590,11579,11588,11573,11597,11568,11564,11562,11567,7845,7842,10459
10456,10454,10452,10451,10449,10504,10446,10444,10442,10441,10439,10437,10502,11818,11913,8500,8495,7516,7517,7518
7610,10122,9170,10922,10940,10935,10919,10923,10939,10936,10925,10932,10931,10930,10928,10921,10934,10937,10947,10733
10727,10689,10258,10247,10287,10293,10282,8454,8453,7557,7564,7556,7553,7552,7563,7992,9253,9262,10862,10864
10865,10861,7528,7526,8494,8520,7920,10384,10680,7861,12016,12013,12010,10197,10185,10184,10913,10914,8336,12005
12007,10918,10917,12092,12091,1069,18508,18500,18499,18503,18173,18156,18160,18184,18138,18147,18167,18148,18171,18159
18151,18149,18140,18231,19026,1069,18508,18500,18499,18503,18173,18520,18517,19240,19243,19237,19242,18184,18138,18147
18167,18148,18171,18159,18151,18149,18140,18231,19026,10690,8279,8277,10712,10720,10738,10724,10722,10075,10074,10069
10071,10076,10073,10080,11625,11629,11634,11123,11140,11143,11138,11117,11136,11128,7769,7756,7770,7740,7760,7768
7766,7762,7736,7738,7759,7742,7750,7748,7747,7745,7753,7752,319,10690,8279,8277,10712,10720,10738,10724
10722,10075,10074,10069,10071,10076,10073,10080,11625,11629,11634,11633,11621,11620,7530,11627,11630,7533,9777,9779
9770,9772,9775,9768,10089,10090,10097,10095,10725,10730,10716,9419,9418,8026,9649,9645,7968,7964,7957,7960
7971,7965,7967,7951,7954,7987,7975,7956,1677,10690,8279,8277,10712,10720,10738,10724,10722,10075,10074,10069
10071,10076,10073,10080,11625,11629,11634,11633,11621,11620,7530,11627,11630,7533,9777,9779,9770,9772,9775,9768
10099,11522,11526,11524,11527,11523,10710,10719,9643,9646,9652,9071,9070,9635,11613,9650,10690,8279,8277,10712
10720,10738,10724,10722,10195,10189,7813,10190,10196,10193,10258,10247,10287,10293,10282,8793,8792,8794,10238,10240
10116,10115,10114,11452,11436,11437,11453,11445,11441,12085,12087,12082,7781,10690,8279,8277,10733,10699,10700,10702
10703,10697,9788,9786,9785,9784,10681,9403,9402,9401,8556,7865,8559,8551,8549,8532,8516,8515,10690,8279
8277,10733,10699,10700,10702,10703,11820,7592,10714,10707,8569,8572,8558,8561,8554,8574,8546,8566,11855,10690
8279,8277,10946,10149,10151,7607,10157,10158,7622,10147,10146,10155,7689,10153,10694,10075,10074,10069,10071,10076
10073,10080,11625,11629,11634,11633,11621,11620,7530,11627,11630,7533,9777,9779,9770,9772,9775,9768,10089,10090
10097,10095,10695,10093,10094,9698,9695,9692,9694,9233,9972,9975,9977,9974,9979,9981,11512,11508,11492,11513
11499,11515,11502,11490,11497,11505,10690,8279,8277,11655,11656,7849,11654,11657,11653,11652,11650,8897,8899,9853
8898,8900,8901,8275,8274,9638,11467,11466,11468,11469,9854,9852,7873,8895,8896,11651,10691,11241,11228,11246
11243,11222,11229,11232,11226,11248,11238,11223,11240,11235,8126,8112,8121,8109,8117,8123,8129,8116,8120,8114
8870,8869,8883,8886,10087,8538,8544,8521,8545,8548,8552,8550,7864,8565,8573,8553,9065,9069,9067,10713
7549,11819,10701,10698,10732,10946,10942,10926,10929,10945,10933,10927,10920,10238,10240,10116,10115,10114,1070,19935
19932,19931,19869,19867,20358,20354,20356,20353,19856,20448,20449,20446,20445,20452,19868,19861,19866,20302,19970,20468
1070,19941,19909,19905,19907,19902,20417,20418,20416,20419,20032,20029,20025,20028,20290,20288,1070,19941,19909,19905
19907,19902,20417,20418,20416,20419,20032,20029,20025,20028,20290,20288,20289,19906,20072,20120,19903,19898,19904,19910
19967,1070,1070,19941,19969,20076,20083,19995,20159,20308,20063,20070,20075,1065,1070,19941,19969,20076,20083,20159
20308,20063,20070,20075,1065,1070,19943,1623,1671,19942,1070,20079,20389,20377,20394,20393,20395,20392,20391,1070
19943,1671,1623,1070,1070,20080,20079,20375,20389,20377,20371,20394,20393,20395,20392,20391,1070,20238,20240,20243
20498,20318,20315,20320,20312,20310,20160,20272,20209,20036,20362,20361,20360,20364,20017,20016,20019,20021,20295,20293
20294,19937,20156,1070,20242,20098,20103,20100,20106,20104,20433,20436,20428,20431,20439,20425,20396,20040,20036,20455
20454,19882,20126,20127,20129,20124,20125,20128,20041,20397,20426,20438,20430,20434,20432,20427,20437,20101,20105,20099
20102,20097,20237,1065,1070,20305,20307,19854,19976,19977,20191,20184,20189,20187,20019,20021,20295,20293,20294,19937
20156,1070,20406,20408,20402,20411,20403,20405,19994,19993,19981,19991,20221,20219,20224,20043,20038,20035,20156,1070
20474,20470,20476,20472,20477,20504,20499,20484,20368,20381,20378,20385,20370,20479,20482,20478,19998,19996,20002,20189
20233,20232,20230,20339,20053,20051,20050,20244,19930,19929,20163,20162,20156,10727,10698,10732,10946,10942,10926,10929
10945,7806,10933,10927,10920,10938,10924,10943,10944,10941,9176,9175,7611,7528,7526,7525,8498,8499,11915,11817
10435,10503,10436,10438,10440,10443,10445,10447,10505,10448,10450,10453,10455,10457,7844,7843,11561,11566,11563,11565
11569,11598,11572,11587,11578,11589,11583,11584,11581,11571,11591,11577,11596,11574,11593,11599,9870,11760,11676,11658
11663,11675,11670,11674,11671,11668,11660,11665,11305,11352,10688,10770,10751,10769,10748,10802,10741,8724,8728,8732
8702,8703,8717,8736,11742,11753,11741,11738,11745,11748,11754,11751,8834,8836,9501,8832,10766,10746,10757,10750
7724,10820,10813,10811,10808,10805,10810,10648,10620,10635,10582,9007,9019,9005,1045,10796,10180,10182,10068,9764
9766,9760,9762,11766,11769,11765,8795,8801,8803,8799,8797,10751,10769,8724,8728,8702,10802,10741,8723,8706
8721,8730,8708,8715,8731,8738,8729,8713,8720,8710,10800,10793,8202,8203,8207,11034,10992,11031,10980,10996
10982,10984,10990,11039,9003,9015,8999,9020,11863,10803,10816,10815,10809,10806,10807,7772,10812,10819,10764,10749
10758,10747,10765,7688,10768,10761,7773,9522,9533,9563,9518,10824,10828,11948,11967,11959,11965,11950,11953,11957
11955,11952,11961,10646,11004,10999,11012,11027,10988,11015,11029,9079,8353,8351,8356,9701,9708,9714,9716,9703
8468,8790,10824,11948,11967,11959,11965,11950,11953,11957,11955,11952,11961,11962,11969,1363,11545,11541,11550,8489
8619,8813,9701,9708,9714,9716,9703,9705,9712,9706,9710,9713,11007,11023,11021,11033,11037,11944,9494,10839
11903,11894,11897,11901,11898,9074,9073,9078,9072,8874,8885,8872,8889,8296,8308,8311,8293,11853,11856,11854
8457,10075,10074,10069,10071,10076,10073,10080,11625,11629,11634,7840,10195,10190,10860,9861,9857,9867,9866,9865
9863,9858,1677,7887,7885,7888,11691,7900,7902,7906,7901,7891,7892,7897,9200,9459,9476,8633,8630,8634
10218,10283,10254,10261,10263,10216,10279,10213,10268,10272,10250,10265,10242,10258,10247,10287,10293,10282,8793,8792
8794,10238,10240,10116,10115,9668,9662,9671,9670,9665,9675,8577,8502,8500,8496,10860,9861,9857,9867,9866
9865,9863,9858,1677,7887,7885,7888,11691,7900,7902,7906,7901,7891,7892,7897,9204,10868,10581,11980,11994
11986,11983,11992,11995,11989,11991,11979,11981,9521,9540,9544,9556,9511,9557,9509,9547,7773,9522,9533,9563
9518,9520,9554,9561,9507,9548,9559,9527,9536,9525,9534,8139,8150,8151,8149,9098,9104,9099,11875,10870
8796,8798,8802,8800,8770,10788,10790,11832,11840,11828,11824,11827,11830,11831,11835,11024,11016,10994,10986,11008
7775,11944,9496,10901,11570,11586,9077,9074,8985,11796,11798,11800,11802,11791,11789,11787,11786,11784,11782,11801
11780,11777,11775,11774,11913,8500,8492,7507,10938,10924,10943,10944,10941,9176,9175,7611,7528,7526,7525,8498
8499,8575,8503,9676,9813,9811,9815,10840,10858,10857,11441,1097,15452,15408,15400,15430,15441,15420,1098,1187
15425,15448,1030,15433,15405,470,15427,15431,15423,15442,1673,15444,15393,327,1098,1187,15425,15448,1030,15433
15405,470,15427,15431,15437,15397,15423,15421,15442,15403,1673,15435,15444,15395,15393,327,1098,15409,1187,15425
15448,1030,15433,15405,470,15427,15431,15437,15397,15423,15421,15442,15403,1673,15435,15444,15395,15393,327,1098
15448,1030,470,15431,15423,15442,1673,15444,15393,327,1099,14622,14613,14616,15039,12520,1100,14624,14622,14620
12263,12259,12261,12262,12267,12253,12231,12221,14103,14104,14169,14192,14171,14132,14131,14166,14140,14163,14159,14189
14143,14173,14185,14188,14110,14137,14118,13117,12866,12861,12860,12864,14648,14654,14679,14669,14683,14662,14642,14644
14639,14646,14640,14656,14666,14670,14665,13278,13287,13285,13280,13283,13292,13290,13281,13289,13737,13746,14098,14134
14191,14123,14139,14199,14200,14155,14203,14136,14130,14115,14179,14184,14126,14128,14151,14117,14145,14182,14112,14121
14142,14157,14178,14170,14201,14154,14095,14096,14101,13214,1100,14624,14622,14620,12263,12259,12261,12262,12267,12253
12231,12221,14103,14104,14169,14192,14171,14132,14131,14166,14140,14163,14159,14189,14143,14173,14185,14188,14110,14137
14118,13117,12866,12861,12860,14648,14654,14679,14669,14683,14662,14642,14644,14639,14646,14640,14656,14666,14670,14665
13278,13287,13285,13280,13283,13292,13290,13281,13289,13737,13746,14098,14134,14191,14123,14139,14199,14200,14155,14203
14136,14130,14115,14179,14184,14126,14128,14151,14117,14145,14182,14112,14121,14142,14157,14178,14170,14201,14154,14095
14096,14101,13214,1103,14627,14624,14622,14620,14605,12277,13498,13486,13487,13489,13490,13493,13495,13496,13824,13835
13827,13830,13834,13833,13825,13183,15220,15213,13840,11081,1680,11162,7731,11160,8340,11086,12019,9700,11059,10082
10081,7727,8523,8524,8526,8527,10575,8922,8894,11188,11185,11198,11189,11193,11195,11191,11199,7541,7544,9798
9800,8427,8431,10380,406,10299,7634,8652,8663,8658,8666,11089,11090,11092,11213,11211,9825,7822,9824,8674
8649,8661,8671,8662,8675,8660,8655,8670,8778,9238,11163,10108,9999,11555,11553,9742,9744,10777,10773,10782
10775,10780,11556,8462,8463,8464,10141,8065,8063,10139,9024,9023,10575,8923,10576,11386,11166,11167,8815,8820
8823,8819,8814,10395,10394,10388,10386,10396,10392,10391,9493,9491,9486,9489,7925,7929,7931,7939,7934,7881
7883,10319,10296,10322,404,10323,9793,9791,9796,9803,8957,8961,8963,8965,8967,8969,8970,8971,8973,8975
8978,8979,1333,11164,8815,8823,12018,11390,11387,11331,11349,11321,11371,11300,11358,11367,11326,11312,8767,11073
11077,7836,11076,11079,1680,11164,9397,9392,9393,8189,8195,8190,8196,8194,7815,8193,8197,8191,11399,7774
11411,11407,11420,9341,11920,11919,7706,7703,11158,11157,11154,11152,11150,7541,7544,9798,9800,9795,404,10323
9793,9791,9796,9803,8957,8961,8963,8965,8967,8969,8970,8971,8973,8975,8978,8979,1333,11167,8815,8820
8823,8819,8814,10395,10394,10388,10386,10396,10392,10391,9493,9491,9486,9489,7925,7929,7931,7939,7934,7881
7883,10319,10296,10322,404,10323,9793,9791,9796,9803,8957,8961,8963,8965,8967,8969,8970,8971,8973,8975
8978,8979,1333,11175,11176,11170,8346,8343,10524,10538,10527,10532,10529,10535,10340,10341,10060,10887,10891,10884
10893,7631,12079,12076,12081,7616,11616,9683,10886,10889,12027,8007,8775,12015,12011,12009,12008,12017,7913,1680
11175,11176,11172,11170,8346,8347,8343,10524,10533,10538,10527,10532,10529,10535,10340,10341,10061,10060,10887,9934
9961,9278,9282,9287,9274,9284,9272,11175,11176,11172,11170,8346,8347,8343,10524,10533,10538,10527,10532,10529
10535,10340,10341,10061,10060,10887,9934,9961,9278,9282,9287,9274,9284,9272,9276,9280,9273,8779,8764,8775
12015,10197,10185,10184,10913,10914,8774,8762,11175,11176,11172,11170,8346,8347,8343,10524,10533,10538,10527,10532
10529,10535,10340,10341,10061,10060,9387,11218,11216,12122,12126,12130,12127,12124,12123,9058,9845,11243,11222,11232
11226,11248,11238,11223,8287,8315,7870,7872,8806,8811,1680,11249,11258,11254,10370,10369,8178,8176,8179,10693
9409,9406,9759,9758,9889,8443,8860,9131,9139,9133,7597,7604,7602,7600,10573,10571,10574,11731,11733,11680
10111,8694,8692,8697,8700,8695,11120,8688,11119,11134,11133,11126,11531,11529,11534,11532,10333,10332,9922,8758
8752,8754,8757,7633,8756,8602,8599,8597,8593,8591,8590,8588,8585,8584,8596,8600,8601,9836,11250,9038
11259,9620,9076,7474,8042,8029,8015,7990,7961,7910,7895,7879,7867,11488,7838,7818,9959,7777,9567,7729
7698,7686,7625,7560,7496,7855,7707,10335,9807,8829,7588,8501,11251,9834,9832,9157,9158,9152,9144,9148
9145,9154,9155,9120,9123,9125,9127,9150,9142,7595,8861,8449,8860,9131,9139,9133,9134,9147,9138,10608
10644,10600,10589,10618,10663,10615,8601,9838,10603,10633,10654,10664,10650,10585,10670,10625,7693,10658,10634,10623
10668,11682,10671,10584,10610,10616,10587,10637,10666,10678,10612,9007,9019,9005,1684,9010,8998,9016,9017,9013
9526,9560,9549,9538,9506,9562,9515,9553,9519,9550,9532,9541,9546,9510,11934,11947,11944,9499,11253,9834
9832,9157,9158,9152,9144,9148,9145,9154,9155,9120,9123,9125,9127,9150,9142,7595,8861,8449,8860,9131
9139,9133,9134,9147,9138,10608,10644,10600,10589,10618,10663,10615,8601,9838,10603,10633,10654,10664,10650,10585
10670,10625,7693,10658,10634,10623,10668,11682,10671,10632,10584,10610,10616,10587,10637,10666,10678,10612,9007,9019
9005,11862,11494,317,7754,7744,7746,7749,7751,7741,7758,7743,7735,7763,7767,7764,7761,7739,7771,7757
7755,11135,11118,11116,11137,11142,11121,8645,8641,11506,11498,11491,11501,11504,11489,11500,11514,11493,11509,11507
11511,11510,11503,9980,9973,9978,9976,9982,11759,9232,9693,9696,9699,9697,10092,10695,10096,10098,10091,10088
9769,9774,9773,9771,9778,9776,11636,7534,7532,11631,11623,11622,11632,11637,11626,10079,10072,10077,10070,10078
10152,10154,10145,10148,7618,10159,10156,7606,10144,10150,10937,10947,8278,8276,10690,11506,11498,11491,11501,11504
11489,11500,11514,11493,11509,11507,11511,11510,11503,9980,9973,9978,9976,9982,11759,9232,9693,9696,9699,9697
10092,10695,10096,10098,10091,10088,9769,9774,9773,9771,9778,9776,11636,7534,7532,11631,11623,11622,11638,11570
11586,11580,11582,11590,11579,8100,8289,8318,8322,8297,11800,11802,11791,11789,11787,11786,11784,11782,11801,11780
11777,11775,11774,11913,8500,8496,7577,10426,11570,11586,9077,9074,9073,9078,9072,8874,8885,8872,8889,8865
8893,8862,8870,8869,8883,8881,8878,8879,8867,8516,8515,8513,8579,8540,8536,8510,8508,8504,8577,8502
8500,8496,8492,8520,7920,10955,12016,12013,12010,12012,11456,11426,11433,11430,11442,11451,11440,11434,11458,11454
11446,11449,11438,8543,8533,8470,9568,9581,315,11622,11632,11637,11626,10079,10072,10077,10070,10078,10195,10189
7813,10190,10196,10193,9592,9594,9574,9597,9573,9589,9571,9588,9580,9584,9577,9575,9585,316,11622,11632
11637,11626,10079,10072,10077,10070,10078,10195,10189,7813,10190,10196,10193,9592,9594,9574,9597,9573,9589,9571
9588,9580,9584,9577,9575,9585,316,9119,7702,7638,10956,10955,10964,10959,10962,10894,10885,10892,10888,10063
11175,11176,11172,11170,8346,8347,8343,10537,9780,10536,10524,10533,10538,10527,10062,10342,10339,10534,10528,10531
10523,11632,11637,11626,10079,10072,10077,10070,10078,10739,10723,10737,10721,10704,10733,10699,10700,10702,10703,10697
9788,9786,9785,9784,10681,9403,9402,9401,8556,7865,8559,8551,8549,8532,8516,8515,11638,11123,11140,11143
10734,10859,7825,11845,11849,11847,11844,9968,9965,9955,9949,9951,9956,9971,9943,9932,9964,9935,9944,9948
11262,319,11638,11123,11140,11143,11138,11117,11136,11128,7769,7756,7770,7737,7740,7760,7768,7766,7762,7736
7738,7759,7742,7750,7748,7747,7745,7753,7752,319,11638,11123,11140,11143,8680,10280,10217,10274,8631,8632
9475,9464,9201,7898,7893,7904,7890,7905,7896,7903,11638,11620,7530,11627,11630,7533,9777,9779,9770,9772
9775,9768,10089,10090,10097,10095,10695,10093,10094,9698,9695,9692,9694,9233,9972,9975,9977,9974,9979,9981
11512,11508,11492,11513,11499,11515,11502,11490,11497,11505,11638,11620,7530,11627,11630,7533,9777,9779,9770,9772
9775,9768,10089,10090,10097,10095,10725,10730,10716,9419,9418,8026,9649,9645,7968,7964,7957,7960,7971,7965
7967,7951,7954,7987,7975,7956,1677,11638,11620,7530,11627,11630,7533,9777,9779,9770,9772,9775,9768,10099
11522,11526,11524,11527,11523,10710,10719,9643,9646,9652,9071,9070,9635,11613,9650,11638,11620,7530,11627,11630
7533,9777,9779,9770,9772,9775,9768,10099,11522,11526,11524,11527,11523,10710,10719,9651,8048,8035,8050,10230
10227,8019,8013,8009,8021,8011,8023,8018,11638,11632,11637,11626,10079,10072,10077,10070,10078,10195,10189,7813
10190,8134,8136,8133,8132,8935,8929,8934,8932,10265,10242,10258,10247,10287,10293,10282,8793,8792,8794,10238
10240,10116,10115,10114,11452,11436,11437,11453,11445,11441,12085,12087,12082,11638,11632,11637,11626,10079,10072,10077
10070,10078,10739,10723,10737,10721,10704,10733,10699,10700,10702,10703,10697,9788,9786,9785,9784,10681,9403,9402
9401,8556,7865,8559,8551,8549,8532,8516,8515,7781,11659,11677,11761,9871,11600,11594,11575,11576,11592,11902
11904,11893,11906,11884,1680,11683,11808,11804,12109,12101,12116,12105,11807,12111,12103,12107,11805,12098,12113,10045
10048,8200,8937,8939,7695,10059,7734,9211,9210,8854,7690,8858,8857,9025,9029,9026,9028,8621,8624,7630
8622,8626,12120,10330,10326,7620,10327,11218,11216,12122,12126,12130,12127,12124,12123,9058,9845,11685,11808,11804
12109,12101,12116,12105,11807,12111,12103,9911,9901,8784,9916,9903,11689,11690,12127,12124,12123,9058,9842,8952
8951,8950,7714,7710,7720,7681,7719,7713,8643,8640,12028,10871,9198,12029,11700,8455,11102,11103,10106,11851
11699,11717,7841,11702,11707,11715,11713,11706,11695,11697,11712,10904,10907,10899,10909,10902,10906,8138,11728,11184
11109,11108,9255,8208,9560,9515,9546,11947,9498,11728,11184,475,12159,12157,12160,12162,12177,12179,12183,12181
8208,9002,9009,9014,9015,8999,9020,1047,11809,11810,11537,11536,12090,12089,10297,10317,10319,10296,10322,403
10299,10302,10303,10305,10307,10321,10310,10311,10313,10314,10324,11342,11395,1337,11341,11371,11345,11300,11363,11358
11367,11318,11326,8778,9235,11329,11307,11302,11309,11382,11305,11352,11360,11338,11334,11366,11310,11323,11388,11293
11296,11313,11325,11369,11336,11340,11294,11290,11288,11287,11285,11384,11283,11281,11279,11278,11276,11273,11271,11354
11357,11396,11398,11818,11914,8500,8494,8520,8517,8512,7722,11809,11810,11537,11536,12090,12089,10297,10317,10319
10296,10322,407,10323,10295,10318,7882,7880,7943,7940,7932,7930,7926,9488,9487,9490,9492,10390,10393,11194
11192,11190,11186,11386,7677,7661,7660,7670,7673,11830,9561,9507,9548,9559,9009,9000,11038,10989,11041,11002
11003,10997,10981,11030,10991,10998,8206,8204,11855,11624,8547,8562,8560,8557,8571,8568,8567,10706,10713,7549
10736,10708,10711,10539,10698,10732,8278,8276,10690,11862,9006,9004,9018,8997,10677,10665,10638,10586,10601,10611
10583,10613,10578,10672,11684,10667,10622,10590,10657,10627,10624,10669,10598,10595,10626,9398,12004,12003,9844,8952
10338,10614,10662,10619,10588,10599,10643,10641,9137,9136,9135,9132,9140,7595,8861,8448,8860,9130,9141,9129
9128,9126,9124,9122,9121,9153,9143,9149,9146,9151,8988,11253,11863,9010,8998,9016,9017,11038,10989,11041
11002,11003,10997,10981,11030,10991,10998,8206,8204,8205,10792,10796,8726,8709,8719,8714,8712,8725,8737,8711
8716,8707,8734,8722,8705,10748,10802,11875,9102,9103,8142,8148,8145,8152,8140,9535,9552,9537,9526,9560
9549,9538,9506,9562,9515,9553,9519,9550,9532,9541,9546,9510,9558,9512,9555,9539,9551,11982,11976,11990
11988,11978,11987,11993,11984,11985,11977,8582,8583,10869,10868,11876,9101,9106,12042,12040,10040,10037,10043,10029
10038,10035,10030,10026,12110,12102,11686,11808,11804,9820,10354,10357,10355,11472,11470,9598,9600,9805,12051,12048
12047,12053,11763,11618,11617,9680,9843,11876,9101,9106,12042,12040,10040,10037,10043,10029,10049,10051,11757,11756
11202,7531,11205,9412,9410,9415,9413,11770,11807,12111,11044,11042,9654,9656,11861,11859,9345,9344,9347,11459
7684,7682,8181,8184,12119,12128,11461,11463,11464,8335,8328,8334,8327,8331,9835,11881,11883,11885,11886,11907
11892,11888,11903,11894,11897,11901,11909,11570,11586,9077,9074,9073,9078,9072,8874,8885,8872,8889,8865,8893
8862,8870,8869,8883,10565,8887,11881,11885,11886,11388,11293,11296,11313,11325,11369,11336,11340,11294,11290,11288
11287,11285,11384,11283,11281,11279,11278,11276,11273,11271,11354,11357,11396,11398,11818,11914,8500,8495,11890,11486
11891,11899,11910,11885,11886,11907,11892,11888,11903,11894,11897,11901,11909,11570,11586,9077,9074,9073,9078,9072
8874,8885,8872,8889,8865,8893,8862,8870,8869,8883,10565,8887,11898,9074,9073,9078,9072,8874,8885,8872
8889,8865,8891,8893,8862,8870,8869,8883,8886,10087,8538,8544,8521,8545,8548,8552,8550,7864,8555,8565
8573,8553,9065,9069,9067,10713,7549,10736,10708,10711,10539,10698,10732,10195,10190,11907,11892,11888,11903,11897
11901,11909,11570,11586,11580,11582,11590,11579,8100,8289,8318,8322,8297,11800,11802,11791,11789,11787,11786,11784
11782,11801,11780,11777,11775,11774,11913,8500,8496,7577,10426,11912,7589,8830,9808,10336,7708,7856,7497,7561
7626,7687,7697,7728,9566,7776,9958,7819,7839,11487,7868,7878,7894,7909,7962,7991,8016,8030,8043,7475
9075,9621,11260,9039,11250,1192,12846,12848,14854,14855,14858,13953,1192,12846,12848,14854,14855,14858,13953,12646
12647,12654,12649,12653,12650,14229,13702,13704,13695,13697,13698,15093,15095,14087,1238,1193,12496,12499,12501,12498
12502,14749,13430,13419,13424,13414,13412,13426,13427,13403,13415,13408,13433,13435,13405,13432,13407,13410,13423,13766
13768,13762,13764,13771,14460,14458,12517,12516,12511,12507,12506,12509,12514,15162,15170,15172,15164,15177,15166,14995
12016,12013,12010,12012,11456,11426,11433,11430,11442,11451,11440,11434,11458,11454,11446,11449,11438,8543,8533,8470
9568,9581,315,12029,8638,8639,8642,7712,7718,7680,7679,7721,7709,7716,7715,8584,8596,8600,8601,9846
12029,8638,8639,8642,7712,7718,7680,7679,7721,7709,7716,7715,8584,8596,8600,8601,9846,9050,9053,9059
12125,12119,12128,11688,9894,9892,8785,9880,9902,12108,12104,12112,12106,12115,12100,12110,12102,11685,12031,7942
7946,12095,12093,7591,7574,7580,7587,7566,7576,7581,7572,7583,7570,7569,7584,7610,10122,9170,9171,9173
9164,9166,9169,7554,9177,9180,9181,7645,7647,7648,7649,9189,9191,9590,9572,9596,11475,11478,11480,7767
7764,10215,10273,9951,9956,9971,9943,9932,9964,9935,9944,9948,11262,322,12032,7944,8092,8073,8074,8077
8079,8104,8080,8083,8085,8086,8088,8091,7796,7783,7786,7788,7790,11608,11606,8804,8807,8809,7871,10013
10014,7914,7924,7921,7937,9080,9081,9095,9088,9097,9092,9089,9085,9087,9091,11584,9077,9074,9073,9078
9072,11064,11065,11975,11973,9031,8853,8838,8851,8852,8843,8849,8870,8869,8883,10565,8882,12033,7933,7944
7911,7918,7935,7928,7920,7923,7927,10865,7500,7503,9108,9110,7850,7852,7857,8001,7994,7996,7997,7999
9183,9185,7538,7539,7540,9194,9193,7559,10281,8209,7653,7652,7650,7637,7646,7644,7643,7641,7655,7656
9114,9115,9117,321,12084,12086,12083,10289,10235,7732,10260,10266,10292,10239,10237,10276,10212,10241,7559,10281
10294,10286,10236,10259,10243,10264,8931,8933,8930,8936,7778,8928,8791,10110,8137,8135,10191,7812,10188,10194
10075,10074,10069,10071,10076,10073,10080,11625,11629,11634,11633,11638,12090,12089,10297,10317,10319,9793,9791,9796
9803,8957,8961,8963,8965,8967,8969,8970,8971,11210,9822,12091,12117,12118,12006,11113,10911,10912,10183,10186
12011,12009,12008,7862,10679,10373,8003,8002,8490,7516,7517,7518,10337,7859,10863,9263,9254,8581,9261,9258
7562,7551,7596,7554,7555,7565,7550,7558,7559,10281,10294,10286,10236,10259,10689,12144,12142,12141,12151,12140
12154,12163,12164,12156,12137,12148,12136,12135,12134,12168,12170,12173,12165,12183,12181,8208,9002,9009,9014,9015
8999,9020,1046,12145,12171,12132,12168,12170,12173,12165,12183,12181,8208,9002,9009,9014,9015,8999,9020,1046
12221,12330,12362,12364,12359,15003,12331,14012,14007,14009,14014,14011,14240,14242,12863,12255,12256,12260,12265,14616
14588,12196,12197,12195,12193,13503,13506,14774,14798,14796,14781,14807,14777,14809,14776,14790,14804,14782,14803,14779
14786,14784,14800,14791,12255,12256,12260,12265,14616,14588,12196,12197,12195,12193,13503,13506,14774,14798,14796,14781
14807,14777,14809,14776,14790,14804,14782,14803,14779,14786,14784,14800,14791,14185,14188,14109,14197,14187,14792,12255
12256,12260,12265,14616,14588,12196,12197,12195,12193,13503,13506,14774,14798,14796,14781,14807,14777,14809,14776,14790
14804,14803,14779,14786,14784,14800,14791,14185,14188,14109,14197,14187,14792,12255,12256,12260,12265,14616,14588,14543
14544,14547,14511,14513,14516,13875,13842,13853,13863,13876,13848,13859,13851,13864,13869,13845,13856,13872,13867,13861
13847,13868,13857,13874,15385,15391,15390,15000,14779,14786,14784,14800,14791,12255,12256,12260,12265,14616,14588,14543
14544,14547,14511,14513,14516,13875,13842,13853,13863,13876,13848,13859,13851,13864,13869,13845,13856,13872,13867,13861
13847,13868,13857,13874,15385,15391,15390,15000,14779,14786,14784,14800,14791,14185,14188,14109,14197,14187,14794,12263
12259,12261,12262,12267,12253,12231,12221,14103,14104,14169,14192,14171,14132,14131,14166,14140,14163,14159,14189,14143
14173,14185,14188,14110,14137,14118,13117,12866,12861,12860,12864,14648,14654,14679,14669,14683,14662,14642,14644,14639
14646,14640,14656,14666,14670,14665,13278,13287,13285,13280,13283,13292,13290,13281,13289,13737,13746,14098,14134,14191
14123,14139,14199,14200,14155,14203,14136,14130,14115,14179,14184,14126,14128,14151,14117,14145,14182,14112,14121,14142
14157,14178,14170,14201,14154,14095,14096,14101,13214,12264,12258,14548,14566,14567,14573,14557,14561,14550,14571,14564
14568,14553,14569,14572,14552,14893,14936,14939,14906,14898,14927,14929,14910,14941,14897,14896,14908,14934,14902,14940
14922,14892,14937,14901,14925,14931,12931,12266,12257,14567,14573,15153,15003,12920,12777,12640,14273,12595,14877,12860
14676,12266,12257,14567,14590,1102,14306,13198,14946,12873,14294,15314,1228,14078,15094,13708,13699,13696,13694,13705
13701,13707,13706,13693,12522,13565,13562,13567,13547,13570,13560,13580,13551,13574,13552,13568,13559,13554,13583,13573
13576,13549,14476,14479,14403,12980,12281,14615,12266,12257,14567,14550,14568,14552,14936,14939,14898,14910,14896,14908
14940,14901,14886,12281,14615,12266,12257,14567,14550,14568,14552,14936,14939,14898,14910,14896,14908,14940,14901,14886
14882,13431,14988,14986,14983,14994,13774,13780,13784,13782,13781,13649,12282,14615,14614,14626,14619,14621,14625,1101
15066,15076,14443,14436,14437,14495,13935,13912,13901,13946,13924,13896,13916,13930,13908,13928,13903,13919,13922,13910
13921,13950,13925,13915,13900,13938,13906,13940,13898,13934,13944,13932,13942,13936,12699,12701,12694,12690,12711,12339
1230,14083,14317,14311,14322,14323,14314,12668,12665,12666,13742,13752,14815,13814,14444,14445,13815,12492,12430,12431
12323,12301,12294,12299,12297,12754,12763,12786,12976,1231,13718,14299,14304,13342,13338,13337,13340,13391,13392,14021
14305,13388,13393,13386,12403,12948,12949,12323,13809,13812,13814,14444,14445,13815,14814,13751,13743,12667,12664,12956
14313,14307,14321,14308,13605,14881,1232,12339,12881,12712,12691,12700,12702,12703,13937,13941,13931,13943,13933,13897
13926,13905,13939,13899,13914,13948,13949,13920,13909,13923,13895,13904,13927,13907,13913,13917,13947,13929,13945,13902
13911,13918,14434,14438,14435,14442,14441,15073,15067,1103,14627,14624,14622,14620,14605,12277,13498,13486,13487,13489
13490,13493,13495,13496,13824,13835,13827,13830,13834,13833,13825,13183,15220,15213,13840,12339,12881,12712,12691,12700
12702,12703,13937,13941,13931,13943,13933,13897,13926,13905,13939,13899,13914,13948,13949,13920,13909,13923,13895,13904
13927,13907,13913,13917,13947,13929,13945,13902,13911,13918,14434,14438,14435,14442,14441,15073,15067,1103,14627,14624
14622,14620,14605,12282,1234,13259,13735,13716,13723,14259,14251,14262,14254,14248,14249,14260,14264,14256,14252,14257
13352,12191,12199,12188,12192,12198,14618,14615,12263,12259,12261,12262,12267,12253,12231,12221,14103,14104,14169,14192
14171,14132,14131,14166,14140,14163,14159,14189,14143,14173,14185,14860,14862,14865,14868,14870,14875,14866,14872,14672
14652,14658,14660,14648,14654,14681,1235,11639,11649,11647,11643,10822,10836,10826,10830,10833,10838,10835,10824,10828
11948,11967,11959,11965,11950,11953,11957,11955,11952,11961,11962,11969,1363,10880,10883,10878,9545,9531,9523,9529
9543,9513,9516,9505,9564,9521,9540,9544,9556,9511,9557,11934,11947,11944,9503,12357,12352,12354,12350,12689
12712,12691,12700,12702,13803,13806,13808,13800,12332,12343,12356,12334,12544,12587,15332,12823,14273,1237,14083,13604
13598,13600,13602,14354,14361,14346,14349,14352,14351,14355,14360,14363,14345,14357,15199,15206,15217,15220,15213,15227
15202,15190,15223,15197,15229,15226,15224,15214,15222,15219,15196,15207,15203,15204,14420,14418,14415,12975,1238,14078
15094,13708,13699,13696,13694,13705,14221,14228,12651,12652,12648,12212,13954,14857,14854,14856,12853,12849,12847,13033
1191,1238,14078,15094,13708,13699,13696,13694,13705,14221,14228,12651,12652,12648,12212,13954,14857,14854,14856,12853
12849,12847,13033,1191,12496,12499,12501,14058,13760,13759,15270,15304,15319,15281,15310,15329,15316,15307,15301,15296
15327,15286,15309,15272,15288,15295,15276,15299,15277,15314,12388,13839,14342,12538,13446,12874,1689,13260,12324,12824
12488,12388,13839,14342,12538,13446,12874,1689,13260,12324,12824,12488,12797,13620,13254,14281,14446,15145,13155,12879
12618,13647,14044,12490,13988,15188,1028,12389,12370,12371,15223,15197,15229,14968,14960,14948,14957,14951,14949,14955
14965,14959,14966,13505,13504,13510,13508,13225,15250,15265,15002,15264,15267,15252,15257,15260,15255,15254,13945,13902
13198,13192,13194,13196,12448,15140,12832,12389,12370,12371,15223,15197,15229,14968,14960,14948,14957,14951,14949,14955
14965,14959,14966,13505,13504,13510,13508,13225,15250,15265,15002,15264,15267,15252,15257,15260,15255,15254,13945,13902
13198,13192,13194,13196,12448,15140,14209,14208,15301,15296,15248,15234,15232,15230,15241,15242,15247,15237,15245,15236
14205,12613,12607,12611,12610,12602,12605,12928,12940,12943,14901,14925,14887,12389,12370,12371,15223,15197,15229,14968
14960,14963,14948,14957,14951,14949,14955,14965,14959,14966,13505,13504,13510,13508,13225,15250,15265,15002,15264,15267
15252,15257,15260,15255,15254,13945,13902,13198,13192,13194,13196,12448,15140,12389,12370,12371,15223,15197,15229,14968
14960,14963,14948,14957,14951,14949,14955,14965,14959,14966,13505,13504,13510,13508,13225,15250,15265,15002,15264,15267
15252,15257,15260,15255,15254,13945,13902,13198,13192,13194,13196,12448,15140,12832,12389,12370,12371,15223,15197,15229
14968,14960,14963,14948,14957,14951,14949,14955,14965,14959,14966,13505,13504,13510,13508,13225,15250,15265,15002,15264
15267,15252,15257,15260,15255,15254,13945,13902,13198,13192,13194,13196,12448,15140,14209,14208,15301,15296,15248,15234
15232,15230,15241,15242,15247,12389,12370,12371,15223,15197,15229,14968,14960,14963,14948,14957,14951,14949,14955,14965
14959,14966,13505,13504,13510,13508,13225,15250,15265,15002,15264,15267,15252,15257,15260,15255,15254,13945,13902,13198
13192,13194,13196,12448,15140,14209,14208,15301,15296,15248,15234,15232,15230,15241,15242,15247,15237,15245,15236,14205
12613,12607,12611,12610,12602,12605,12928,12940,12943,14901,14925,14887,12390,12369,12368,12375,12379,12393,12385,12382
12366,14611,14610,14607,14603,14602,14600,14618,14615,12264,12390,12369,12368,12375,12379,12393,12385,12382,12366,14611
14610,14607,14603,14602,14600,14618,14615,12264,12258,14548,14566,14567,14573,14557,14561,14550,14571,14564,14568,14553
14569,14572,14552,14893,14936,14939,14906,14898,14927,14929,14910,14941,14897,14896,14908,14934,14902,14940,14922,14892
14937,14901,14925,14931,12931,12396,13244,14288,14286,14337,14336,14325,14327,14330,14333,14329,14276,14275,14283,937
12407,14574,12986,471,13325,15180,15181,12799,13956,13978,13967,13983,13959,13989,13963,13972,13970,13958,13976,13974
13961,13981,14532,14524,14837,14832,14836,14526,14533,12681,12688,12680,12684,12673,12678,12682,12686,12671,12675,13438
1388,14036,14038,13979,13966,13991,13987,13652,13785,13789,13792,13796,13779,13775,13773,13126,13121,13124,13127,13131
14455,14452,14449,14450,14067,14065,14064,14049,14048,14069,14053,14071,14072,14055,14074,14052,14061,14058,13420,13588
12504,1409,12407,14574,12986,471,13325,15180,15181,12799,13956,13978,13967,13983,13959,13989,13963,13972,13970,13976
13974,13961,13981,14532,14524,14837,14832,14836,14526,14533,12681,12688,12680,12684,12673,12678,12682,12686,12671,12675
13438,1388,12484,15031,14484,14295,12616,12857,13501,13951,13215,12828,13478,14497,14629,12484,15031,14484,14295,12616
12857,13501,13951,13215,12828,13478,14497,14629,14539,12859,12818,15151,15005,12917,12774,12643,14269,12594,14873,12869
14674,12487,12248,12228,12241,12217,12218,12230,12250,12209,12216,12223,13220,13218,13257,13244,13250,13243,14284,14277
13256,13247,13252,14023,14030,14028,14029,14031,14025,14766,14759,14769,14752,14771,14762,14071,14072,14055,14074,13054
13033,1195,12487,12248,12228,12241,12217,12218,12230,12250,12209,12216,12223,13220,13218,13257,13244,13250,13243,14284
14277,13256,13247,13252,14023,14030,14028,14029,14031,14025,14766,14759,14769,14752,14771,14762,14071,14072,14055,14074
13054,13033,1195,12496,13589,13591,15178,15174,12452,14230,13180,13178,15329,15316,15307,14210,14207,12832,12487,15007
15014,15013,15018,14280,15027,15033,13157,1026,12489,12825,12322,13261,1690,12875,13445,12539,14343,13838,12387,12520
12519,12199,14615,14606,12520,12519,12199,14615,14606,14621,1099,12521,13712,13714,13467,13459,13466,13470,13472,13456
13457,13476,13465,13462,13474,12303,12305,12307,14266,12765,12973,14402,14478,14477,13556,13545,13579,14846,12760,14782
14803,14779,14786,14784,14800,14791,14186,12772,12784,12757,12775,12521,13712,13714,13467,13459,13466,13470,13472,13456
13457,13476,13465,13462,13474,12303,12305,12307,14266,12765,12973,14402,14478,14477,13556,13545,13579,14846,12760,14803
14779,14786,14784,14800,14791,14186,12772,12784,12757,12775,12523,15045,15043,15041,15038,15050,15047,12249,12829,13357
13356,12852,12851,12855,15053,15052,14237,14235,14232,12456,12458,12466,12468,12463,12449,12455,12445,12476,12461,12472
12438,12447,12436,12433,12443,12478,12479,12441,12469,12435,12471,12483,12480,14506,13223,12629,12621,12626,12624,12627
12620,12632,13514,13515,13513,13522,13519,13527,13517,13525,13523,13529,14707,14715,14713,14747,14743,14716,14710,14691
14699,14718,14431,14428,14429,14423,14432,14421,14426,12326,12328,15187,12664,12956,14313,14307,14321,14308,13605,14881
1232,12670,14299,14304,13342,13338,13337,13340,13391,13392,14021,14305,12697,12714,12706,15314,13333,13318,13328,14397
13607,14908,15136,12950,12947,12406,13387,13394,13389,13390,13395,13339,13341,13335,13336,14301,14302,14303,13059,13346
13343,13348,12746,12743,12753,12734,12739,12738,12730,12728,12731,12741,12752,14294,12736,12750,12436,12433,12443,12478
15120,12925,12910,12902,12912,12901,12908,12890,12889,12913,12916,12899,12914,12904,12894,12886,12892,12921,12906,12924
15112,15101,15099,15117,15105,15118,15110,15102,15108,15103,15115,15104,12782,12977,12775,12756,12785,12771,14793,14801
14785,14787,14805,14802,12768,12761,14843,13578,13544,13555,14476,14479,14403,12981,14268,14267,12306,12308,12304,12302
13475,13461,13464,13473,13458,13468,13469,13471,13463,13460,13711,13710,13713,12525,12775,12756,12785,12771,14793,14801
14785,14787,14805,14802,12768,12761,14843,13578,13544,13555,14476,14479,14403,12981,14268,14267,12306,12308,12304,12302
13475,13461,13464,13473,13458,13468,13469,13471,13463,13460,13711,13710,13713,12525,12531,13160,13161,13167,13166,13444
13442,13440,14215,14219,14214,14217,13605,14881,1232,1392,12776,14239,13383,13367,13182,12347,13368,13384,13364,13370
13380,13375,13372,13374,13379,13363,12698,12704,12710,12714,12707,12706,15274,15315,12776,14239,13383,13367,13182,12347
13368,13384,13364,13370,13380,13375,13372,13374,13379,13363,12698,12704,12710,12714,12707,12706,15274,15315,15273,15285
15318,13275,13274,13269,13272,12658,14373,14382,14378,12326,12328,15186,12828,13478,14497,14629,14539,12859,12818,15151
15005,12917,12774,12643,14269,12594,14873,12869,14674,12828,13478,14497,14629,14539,12859,14591,1095,14440,13200,12473
13329,12748,15312,12829,12215,13953,12219,12214,12211,14296,12239,15006,12486,15016,15010,13258,1688,12781,12758,12766
14344,12759,12391,12832,14209,14208,15306,15305,15317,15284,13179,13177,12457,12451,15175,15179,13590,13588,12494,12504
1196,13092,14057,14073,14056,14051,14070,14761,14770,14753,14768,14758,14767,14032,14026,14024,14027,14023,13246,13251
13248,14278,12832,14209,14208,15306,15305,15317,15284,13179,13177,12457,12451,15175,15179,13590,13588,12494,12504,1196
13092,14057,14073,14056,14051,14070,14761,14770,14753,14768,14758,14767,14032,14026,14024,14027,14023,13246,13251,13248
14278,13242,13249,13253,13217,13219,13221,13618,12251,12229,12222,12254,12240,12227,15006,12487,12832,15139,12463,13190
13195,13193,13191,13197,13912,13901,15262,15253,15256,15261,15259,15251,15258,15263,15002,15266,15249,13226,13507,13509
13511,13503,13506,14967,14958,14964,14954,14950,14953,14952,14956,14947,14962,14961,15225,15193,15198,15201,12394,12372
12755,12389,12931,14930,14890,14900,14935,14891,14923,14916,14903,14933,14932,14909,14912,14889,14924,14917,14911,14928
14905,14899,14907,14938,14926,14894,14551,14563,14562,14554,14558,14565,14570,14549,14560,14556,14559,14555,12232,14605
14616,14617,14599,14601,14604,14608,14609,14612,12367,12383,12384,12373,12378,12374,12386,12755,12390,12950,12947,12406
13387,13394,13389,14305,13390,13395,13339,13341,13335,13336,14301,14302,14303,14300,13718,1231,12957,14006,15173,15161
15168,13120,13448,13454,12286,12283,13742,13752,13726,13753,13728,13734,13258,1232,1234,13259,13735,13716,13723,14259
14251,14262,14254,14248,14249,14260,14264,14256,14252,14257,13352,12191,12199,12188,12192,12198,14618,14615,12263,12259
12261,12262,12267,12253,12231,12221,14103,14104,14169,14192,14171,14132,14131,14166,14140,14163,14159,14189,14143,14173
14185,14860,14862,14865,14868,14870,14875,14866,14872,14672,14652,14658,14660,14648,14654,14681,12958,14241,14015,14013
14010,14008,12361,15003,12360,12365,12363,12208,12220,12973,12779,13197,12950,12947,12406,13387,13394,13389,13390,13395
13339,13341,13335,13336,14301,14302,14303,13059,13346,13343,13348,12974,14416,14417,14419,14409,14411,14413,14399,14404
14407,13266,13265,13268,12292,12296,12288,14494,14492,14489,12955,14575,14586,14582,14584,15087,15085,12975,14416,14417
15221,15218,15192,15195,15211,15215,15194,15208,15225,15193,15198,15201,15191,15210,15228,15212,15216,15209,15205,15200
14356,14365,14364,14359,14358,14350,14366,14348,14347,14362,14353,13601,13603,13599,13605,14881,1232,1237,12976,12762
12290,12289,12291,12293,12300,14581,14577,14575,14586,15387,15382,15381,13132,12977,15114,15106,15107,15111,15109,15116
15098,15100,15113,12923,12907,12919,12893,12887,12895,12905,12911,12898,12896,12897,12888,12891,12909,12915,12900,12903
12922,15125,12446,12477,12444,12432,12726,12749,12735,12827,12826,12751,12742,12740,12737,12729,12725,12744,12732,12727
12733,12745,14397,12977,15114,15106,15107,15111,15109,15116,15098,15100,15113,12923,12907,12919,12893,12887,12895,12905
12911,12898,12896,12897,12888,12891,12909,12915,12900,12903,12922,15125,12446,12477,12444,12432,12726,12749,12735,12827
12826,12751,12742,12740,12737,12729,12725,12744,12732,12727,12733,12745,14397,14711,14748,14696,14745,14703,14744,13203
13201,15184,12978,12979,12764,12779,12392,12376,12380,14610,14603,14615,14606,14621,14623,15072,15082,1194,13079,12995
13034,13094,13018,13085,12991,13003,13083,13008,13058,13000,13016,478,12978,12979,15114,15106,13577,13572,13582,13553
13569,13548,13557,13575,13564,13581,13561,13571,12382,12366,14611,14610,14607,14603,14602,14600,14618,14615,14614,14626
14619,14621,14625,14623,15066,15076,15072,15071,15081,15082,15084,15074,15078,15080,13090,13002,1194,13092,13053,13035
13079,13037,13077,12993,12995,12984,12997,13065,13019,13034,13087,13067,13094,13043,13018,13007,13085,13049,13062,13046
13022,12991,13088,13055,12999,12996,13003,13081,13044,13017,13071,13056,13083,13074,13005,13014,13008,13051,13040,13012
13041,13058,13000,13084,13061,13010,13073,13016,13093,478,12980,14402,14478,14477,13558,13550,13577,13572,13582,13553
13569,13548,13557,13575,13564,13581,13561,13571,13546,13566,13563,13713,12526,13692,13709,13700,13703,13702,13704,13695
13697,13698,15093,15095,14087,1228,13082,13004,13032,13086,13069,13095,13024,13031,13078,1190,15077,15069,14627,14622
14613,14616,14604,14609,12381,12377,12391,12780,12765,12978,13082,13030,13070,13011,13015,13063,13052,13004,12992,13064
12989,13096,12985,13032,13023,13045,13027,13048,13086,13006,13069,13042,13095,13068,13026,13024,13020,13066,12998,12983
13031,12994,13076,13038,13078,13029,13054,13033,1189,12982,12990,13089,15079,15075,15083,15077,15068,15070,15069,15073
15067,14627,14624,14622,14620,14605,14616,14617,14599,14601,14604,14608,14609,14612,12367,13547,13570,13560,13580,13551
13574,13552,13568,13559,13554,13583,13573,15108,15103,15115,15104,12782,12978,1309,941,313,879,5002,2734,2716
2718,4464,4470,4465,2719,2721,2723,2725,2729,2123,4565,4558,4568,4569,4564,2372,1309,941,313,879
5002,3865,3863,3166,5040,4915,1895,4775,4777,4779,4780,4782,4792,4785,4787,4788,4790,2230,2232,2234
1309,941,313,879,5002,3865,3863,3166,5040,5030,5038,3571,4118,4091,4119,4104,4110,4108,4096,2372
1309,941,313,879,5002,3865,3863,3166,5040,5030,5038,4472,4467,2009,1977,1995,1996,4424,4426,4130
2481,2483,4551,4561,4562,13120,13448,13454,12286,12283,13742,13752,13726,13753,13728,13734,13258,1232,1234,13259
13735,13716,13723,13120,13449,13450,13453,14312,14315,14319,14309,12660,12662,15059,15061,15062,15065,14810,14812,15376
15377,15375,13120,13449,13450,13453,14312,14315,14319,14309,14313,14307,14321,14308,13605,13128,13123,13537,15353,15339
12952,14943,14944,14685,12414,12418,14756,14760,937,13132,15380,15383,15388,14587,14576,14578,14580,12301,12294,12299
12297,12754,12763,12786,12976,13132,15380,15383,15388,15386,14853,14845,12760,12767,14816,14818,14791,14185,14188,12639
12637,12634,12638,12641,14486,14488,14118,14106,14852,14849,13361,13359,14841,14593,14595,14596,15141,14678,13157,13158
13153,13143,13147,13138,13142,13139,13152,14291,14292,15357,15352,15346,15354,15342,15345,15344,15355,15349,15347,15360
13999,14001,13997,13994,13992,14002,14005,14392,14395,14388,14390,14389,14694,14700,12425,13313,13317,13323,13301,13316
13303,13334,13310,13331,13297,13296,13315,13306,13320,13305,14368,14241,14015,14013,14010,14008,12361,15003,12360,12365
12363,14103,14104,14169,14192,14171,15112,14167,13169,13170,13171,13111,13115,13112,13113,13100,13110,13104,13108,13107
13109,13015,13063,13052,12796,12793,12675,13438,1026,13169,13170,13171,13111,13115,13112,13113,14530,14529,14519,14518
14541,14520,14537,13075,14834,14835,12688,12680,14461,14474,14463,14469,14472,14473,14471,14466,12800,12806,12805,14819
14825,14823,14828,14820,14827,14831,15149,15147,1027,13188,13185,13400,13401,13145,13150,13151,13146,13141,13137,13148
12960,12962,12965,12969,12966,12967,13608,13594,13593,13880,13596,13597,13595,13609,15020,13188,13185,13400,13401,14991
14983,14977,14975,14994,14971,14969,14972,13799,13795,13788,12960,12962,12965,12969,12966,12967,13608,13594,13593,13880
13596,13597,13595,13609,15020,13209,15091,15090,14387,14385,12189,12187,14093,13210,13210,14102,12194,12190,14384,14386
15089,15092,15088,14682,13209,13211,12270,12269,12272,12268,12273,12278,15370,15366,14092,14091,15366,15363,15373,15369
13756,12819,15183,13211,12270,12269,12272,12268,12273,12278,15370,15366,14092,14091,15366,15363,15373,15369,13756,12819
15183,13611,14690,14688,14499,13212,14102,12186,12718,12719,12717,12723,12721,12716,15138,13500,12424,14690,14688,14499
13213,14153,14141,14183,14194,14133,14099,14120,14147,14149,14175,14186,14144,14195,14125,12220,12233,12246,14621,1426
13214,14100,14097,14094,14153,14158,14177,14156,14141,14122,14111,14181,14162,14116,14150,14152,14127,14183,14180,14114
14129,14135,14202,14161,14113,14198,14194,14124,14105,14133,14099,13745,13738,13294,13276,13282,13291,13293,13284,13279
13286,13288,13277,14664,14671,14667,14657,14641,14647,14638,14645,14643,14661,14655,14668,14673,14663,14650,12865,12867
12862,14107,14176,14175,14138,14108,14109,14197,14187,14186,14174,14144,14190,14160,14164,14196,14165,14195,14172,14193
14168,14125,12208,12220,12224,12252,12236,12243,12233,12247,14626,14619,14621,14625,1100,13222,14505,12464,12481,12482
12470,12434,12453,12440,12446,12477,12444,12432,12437,12439,12450,12460,12475,12442,12454,12448,12462,12467,12465,12459
14231,14233,14234,14236,15051,15054,12854,12850,13354,13355,13358,12830,15044,15048,15049,15037,15040,15042,15046,12524
12531,12530,12527,12537,14218,14838,14840,14839,13223,14508,14510,14501,14504,15132,15123,15122,15128,15130,15125,12446
12477,12444,12432,12437,12439,12450,12460,12475,12442,12454,12448,12462,12467,12465,12459,14231,14233,14234,14236,15051
15054,12854,12850,13354,13355,13358,12830,15044,15048,15049,15037,15040,15042,15046,12524,12531,12530,12527,12537,14218
14838,14840,14839,13224,14508,14510,14501,14504,15131,15124,13658,13655,13617,13615,13616,12561,12549,12568,12563,12557
12582,12558,12598,12578,12590,12547,12585,12544,12587,12601,12570,12588,12584,12553,12595,12566,12591,12572,12565,12575
12555,12551,12866,12861,12860,12864,14648,14654,14675,1333,8980,8977,8976,8974,8972,8954,8981,8968,8966,8964
8962,8960,8956,9804,9797,9792,10296,10322,407,10323,10295,10318,7882,7880,7943,7940,7932,7930,7926,9488
9487,9490,9492,10390,10393,10397,10385,10387,10389,8822,8817,8818,8824,8821,8816,11169,11168,11373,11327,10575
8921,8894,11375,10140,8064,8066,10142,8465,7699,8466,11557,10779,10776,10781,10774,10778,9745,9743,11554,10000
10107,8471,11163,1333,8980,8977,8976,8974,8972,8954,8981,8968,8966,8964,8962,8960,8956,9804,9797,9792
10296,10322,408,10323,10295,9794,9801,9799,7543,7542,11151,11153,11155,11156,11159,7704,7705,11918,11390,11405
11421,11408,11412,11419,7807,8198,8192,7814,8188,7820,8199,8187,8186,9395,9394,9396,11164,13333,13304,13321
13302,13324,13318,13312,13322,13328,12745,14397,14391,14394,14393,13995,14003,14004,13993,13996,14000,13998,15361,15359
15348,15350,15356,15343,15341,15362,15358,15351,14293,14290,13150,13151,13146,13141,13137,13148,13144,13140,13159,13156
13483,13481,13479,13649,13347,13344,13345,14299,14304,13342,13338,13337,13340,13391,13392,13388,13393,13386,12403,12948
12949,13198,12780,12973,13347,13344,13345,14299,14304,13342,13338,13337,13340,13391,13392,13388,13393,13386,12403,12948
12949,14271,14877,14872,14658,14648,14677,13347,13344,13345,14299,14304,13342,13338,13337,13340,13391,13392,13388,13393
13386,12403,12948,12949,15137,14932,13606,14396,13327,13317,15288,15314,12692,12713,12697,1335,11394,11319,10325,10315
10312,10309,10308,10306,10320,10304,10301,10300,405,10323,10295,10318,10316,10298,12088,9602,11538,11811,11809,1336
11394,11319,11348,8435,8429,8433,8428,8440,8426,8436,8423,8430,8422,8250,7605,8266,7593,8259,8246,8248
8245,8256,8253,8260,8257,8224,8223,8235,8231,8222,8214,8212,8227,8225,8232,8237,8220,8217,10371,10377
11677,11761,11762,9871,11600,11594,11575,11595,11576,11592,11570,11586,11580,11582,11590,11579,8100,8102,8096,8099
8093,11721,11724,11722,11727,11098,11100,8805,13406,13404,13436,13434,13409,13429,13428,13425,13413,13416,13417,13418
14757,12503,12495,12497,12500,12494,12504,1193,13423,13766,13768,13762,13764,13771,14460,14458,12517,12516,12511,12507
12506,12509,12514,15162,15170,15172,15164,15177,15166,14995,13447,12821,12820,15371,15368,15372,15364,14092,14091,15365
15367,12279,12274,12275,12271,12276,13211,13463,13460,13711,13710,13713,12525,12531,13160,13161,13167,13166,13444,13442
13440,14215,14219,14214,14217,13605,1347,932,15766,656,1348,19312,19358,19264,19570,19575,19659,19265,19260,19422
19287,19565,19604,19579,19586,19554,19302,19593,19511,19564,19562,19560,19580,19598,19597,19555,19566,19568,19603,19290
19582,19589,19588,19557,19551,19573,1348,7209,7451,7244,7247,7246,7250,7251,7254,360,1348,7361,19365,19436
19439,19419,19415,19418,19375,19370,19374,19378,19377,19606,19607,1351,21073,20992,21072,21145,1351,21118,21117,1351
21118,21117,21132,1674,1351,21123,21122,1351,1352,2330,2334,2500,2715,3155,3153,3156,3159,3527,3163,3165
3152,3161,3613,5055,2534,2108,1971,2299,2013,2014,3018,3020,3570,5035,5034,5033,4922,1352,3298,2922
3898,3890,3916,3910,1469,1353,6210,6206,6215,6207,6220,6223,5723,5722,6225,6596,6599,6026,6025,6845
5764,5941,5815,6316,6322,6890,5350,6179,5360,6184,5946,7018,6503,6144,6132,6133,6141,6136,6143,6138
6130,6085,6088,6604,6601,6605,1353,6210,6206,6215,6207,6220,6223,5723,5722,6225,6596,6599,6026,6025
6845,5764,5941,5815,6316,6322,6890,5350,6179,5360,6184,5946,7018,6503,6144,6132,6133,6141,6136,6143
6138,6384,6381,6379,6378,5399,1353,6261,6249,6251,5780,6377,1353,6312,6303,6307,6305,6957,6951,6953
6955,6946,6947,6949,6942,6944,6941,5776,6626,6611,6617,6613,6579,5388,6583,6577,6575,6073,6261,6249
6251,5778,5784,5789,5785,5790,5783,5782,5779,7051,7049,5312,7048,7045,7052,6585,6374,6372,6371,6376
6375,6377,1353,6312,6303,6307,6305,6957,6951,6953,6955,6946,6947,6949,6942,6944,6941,5776,6626,6611
6617,6613,6579,5388,6583,6577,6575,6073,6261,6249,6251,6373,5778,5784,5789,5785,5790,5783,5782,5779
7051,7049,5312,7048,7045,7052,6585,6374,6372,6371,6376,6375,6377,1353,6528,6522,6839,6210,6206,6215
6207,6220,6223,5723,5722,6225,6596,6599,6696,13539,13123,13537,13536,13542,13543,13533,15353,15339,12952,14943
14944,14685,12414,12418,14756,14760,937,1354,1352,1990,2007,2003,1994,1989,1980,2885,4195,4196,2553,2572
1354,1352,3572,3566,1983,1990,1354,1352,3572,3566,1983,1990,2007,1973,2001,2004,2003,1998,1994,1991
1989,1985,1980,1978,2885,4195,4192,4196,4193,3330,3331,4460,3696,3710,3699,3707,3701,4981,4979,4074
4065,4068,4073,4337,1355,3930,3928,3920,3944,3936,3951,3960,3954,3904,3898,3895,3890,3884,3916,3910
3908,3907,3902,3934,3721,3794,4689,3946,1356,2330,2327,2331,4526,4524,4265,4249,4257,4260,4268,4255
4251,3340,4007,4008,3714,3713,3298,3304,3311,3308,3315,4002,4003,4000,4006,4370,4369,4233,3997,3998
3995,2357,2358,3059,3057,3055,3053,3061,4964,4967,5068,5069,3412,2368,2364,2362,2367,4244,4243,4246
4874,2479,4879,4878,4433,5049,4977,4976,3481,3479,3478,4440,4441,4437,2180,2177,2174,3427,3424,3420
3419,3430,3423,4081,4080,4079,2991,3595,3597,3596,3469,3630,3632,3631,2640,2641,2639,3425,3426,4033
13610,13592,13593,13880,13596,13597,13595,12961,12968,12959,12970,12964,12963,13143,13147,13138,13142,13139,13152,13149
14457,14992,14985,13644,13740,13722,13732,13720,13717,14098,14134,14191,14123,14139,14199,14200,14155,14203,14136,14130
14115,14179,14184,13650,13485,13480,13482,13484,13157,13158,13153,13143,13147,13138,13142,13139,13152,14291,14292,15357
15352,15346,15354,15342,15345,15344,15355,15349,15347,15360,13999,14001,13997,13994,13992,14002,14005,14392,14395,14388
14390,14389,14694,14700,12425,13313,13317,13323,13301,13316,13303,13334,13310,13331,13297,13296,13315,13306,13320,13305
14368,14241,14015,14013,14010,14008,12361,15003,12360,12365,12363,14103,14104,14169,14192,14171,15112,14167,13650,13777
13783,13772,13779,13773,14993,14984,14985,13432,14884,14883,14930,14900,14916,14932,14912,14911,14899,14938,14926,14551
14558,14549,14555,12234,14613,14616,12281,13695,13697,13698,15093,15095,14080,13810,12872,12656,14996,14997,13816,14222
14225,14227,15055,13399,13396,13351,15154,937,13730,13727,13737,13747,13719,13733,13721,13750,13645,13097,14034,12837
12839,12835,14341,14340,13184,14879,13784,13648,12213,13485,13480,13482,12878,12876,12788,937,13840,13831,13826,13832
13837,13829,13828,13836,13823,13497,13494,13492,13491,13488,13499,12280,14615,14614,14626,14619,14621,14625,1101,13840
13831,13826,13832,13837,13829,13828,13836,13823,13497,13494,13492,13491,13488,13499,12280,14615,14614,14626,14619,14621
14625,1101,12427,12429,12543,12541,12842,12843,13626,13628,13640,13621,13635,13643,13639,13625,13632,13630,13637,13633
12347,12351,12338,12337,12341,12333,12335,12355,15334,15337,15330,15332,12823,14272,13840,13831,13826,13832,13837,13829
13828,13836,13823,13497,13494,13492,13491,13488,13499,12280,14615,14614,14626,14619,14621,14625,1101,15066,15076,14443
14436,14437,14495,13935,13912,13901,13946,13924,13896,13916,13930,13908,13928,13903,13919,13922,13910,13921,13950,13925
13915,13900,13938,13906,13940,13898,13934,13944,13932,13942,13936,12699,12701,12694,12690,12711,12339,13884,13136,13134
12802,14523,13758,13206,13207,12800,12806,12805,14819,14825,14823,937,1392,14083,14216,14211,14213,14220,14212,13439
13441,13443,13165,13163,13164,13162,12529,12532,12521,13712,13714,13467,13459,13466,13470,13472,13456,13457,13476,13465
13462,13474,12303,12305,12307,14266,12765,12973,14402,14478,14477,13556,13545,13579,14846,12760,14782,14803,14779,14786
14784,14800,14791,14186,12772,12784,12757,12775,1392,14083,14216,14211,14213,14220,14212,13439,13441,13443,13165,13163
13164,13162,12529,12532,12521,13712,13714,13467,13459,13466,13470,13472,13456,13457,13476,13465,13462,13474,12303,12305
12307,14266,12765,12973,14402,14478,14477,13556,13545,13579,14846,12760,14803,14779,14786,14784,14800,14791,14186,12772
12784,12757,12775,13954,14857,14854,14856,12853,12849,12847,13033,1191,12496,12499,12501,14058,13760,13759,15270,15304
15319,15281,15310,15329,15316,15307,15301,15296,15327,15286,15309,15272,15288,15295,15276,15299,15277,15314,13986,13990
13965,14042,14037,14039,15149,15147,1388,13437,12676,12674,12687,12683,12677,12672,12685,12679,14832,14836,14526,14533
14522,14534,14538,13980,13962,13973,13975,13957,13969,13971,13964,13982,13960,13984,13968,13977,13955,13402,15182,13332
13326,13311,473,13987,21546,21547,21545,21558,21552,1679,14041,14042,14037,14039,15149,15147,1387,13437,12676,12794
12792,12790,12791,14019,14017,12883,12885,13230,13238,13028,13229,15096,14042,14037,14039,15149,15147,1387,13437,12676
12794,12792,12790,12791,14019,14017,12883,12885,13230,13238,13028,13229,15096,1409,12496,13589,13421,14059,14060,14057
14073,14056,14051,14070,14054,14068,14047,14050,14063,14066,14062,14453,14448,14451,14454,13130,13128,13123,13122,13129
13125,13774,13776,13793,13797,13791,13790,13786,13651,13986,13990,13965,14042,14037,14039,15149,15147,1388,13437,12676
12674,12687,12683,12677,12672,12685,12679,14832,14836,14526,14533,14522,14534,14538,13980,13962,13973,13975,13957,13969
13971,13964,13982,13960,13984,13968,13977,13955,13402,15182,13332,13326,13311,473,1409,12496,13589,13421,14059,14060
14057,14073,14056,14051,14070,14054,14068,14047,14050,14063,14066,14062,14453,14448,14451,14454,13130,13128,13123,13122
13129,13125,13774,13776,13793,13797,13791,13790,13786,13651,13986,13990,13965,14042,14037,14039,15149,15147,1388,13437
12676,12674,12687,12683,12677,12672,12685,12679,14832,14836,14526,14533,14522,14534,14538,13980,13962,13973,13975,13957
13969,13971,13964,13982,13960,13984,13968,13977,13955,13402,15182,13332,13326,13311,473,14398,12407,1416,21165,1416
21165,21168,1416,1416,21167,1416,21168,1416,21168,21165,1416,1416,21168,21166,14167,14195,14172,14193,14168,12330
12362,12364,12359,15003,12331,14012,14007,14009,14014,14011,14240,14242,14367,13309,13319,13307,13314,13308,13298,13300
13299,13333,13304,13321,13302,13324,13318,13312,13322,13328,12745,14397,14391,14394,14393,13995,14003,14004,13993,13996
14000,13998,15361,15359,15348,15350,15356,15343,15341,15362,15358,15351,14293,14290,13150,13151,13146,13141,13137,13148
13144,13140,13159,13156,14167,14195,14172,14193,14168,12330,12362,12364,12359,15003,12331,14012,14007,14009,14014,14011
14240,14242,14367,13309,13319,13307,13314,13308,13298,13300,13299,13333,13304,13321,13302,13324,13318,13312,13322,13328
12745,14397,14391,14394,14393,13995,14003,14004,13993,13996,14000,13998,15361,15359,15348,15350,15356,15343,15341,15362
15358,15351,14293,14290,13150,13151,13146,13141,13137,13148,13144,13140,13159,13156,13483,13481,13479,13649,14186,14174
14144,14190,14160,14164,14196,14165,14195,14172,14193,14168,14125,12208,12220,12224,12252,12236,12243,12233,12244,14616
14617,12205,12201,12200,12206,13353,14246,14253,14255,14245,14261,14247,14258,14265,14263,14250,14244,13744,13724,13715
13258,1232,1233,13259,13262,13736,13729,13754,13725,13751,13743,12284,12285,13455,13118,13119,15167,12409,12408,12957
14243,14041,14042,14037,14039,15149,15147,1387,13437,12676,12794,12792,12790,14243,14041,14042,14037,14039,15149,15147
1387,13437,12676,12794,12792,12790,12791,14019,14017,12883,12885,13230,13238,13028,13229,15096,13189,13187,13239,13234
13241,13227,13235,13172,13168,14904,14921,14918,14895,14915,14930,14243,14041,14042,14037,14039,15149,15147,1387,13437
12676,12794,12792,12790,12791,14019,14017,12883,12885,13230,13238,13028,13229,15096,13189,13187,13239,13234,13241,13227
13235,13172,13168,14904,14921,14918,14895,14915,14930,14496,14243,14041,14042,14037,14039,15149,15147,1387,13437,12676
12794,12792,12790,12791,14019,14017,12883,12885,13230,13238,13028,13229,15096,13189,13187,13239,13234,13241,13227,13235
13172,13168,14904,14921,14918,14895,14915,14930,14890,12942,12939,12927,12932,12934,12944,14736,14733,14742,14726,14732
14740,14730,14737,14734,14723,14705,14702,14720,14698,13203,13201,15185,14249,14260,14264,14256,14252,14257,13352,12191
12199,12188,12192,12198,14618,14615,12263,12259,12261,12262,12267,12253,12231,12221,14103,14104,14169,14192,14171,14132
14131,14166,14140,14163,14159,14189,14143,14173,14185,14860,14862,14865,14868,14870,14875,14866,14872,14672,14652,14658
14660,14648,14654,14681,1426,14622,12263,12259,12221,14104,14132,14143,14185,14118,14148,14146,14119,14098,14134,14139
14184,14142,14154,13213,14272,12822,15333,15331,15336,15335,12343,12356,12334,12346,14272,12822,15333,15331,15336,15335
12343,12356,12334,12346,12342,12336,12340,12348,13634,13627,13629,13631,13624,13638,13642,13636,13622,13641,13623,12845
12844,12841,12540,12542,12428,12426,1103,14627,14624,14622,14620,14605,12277,13498,13486,13487,13489,13490,13493,13495
13496,13824,13835,13827,13830,13834,13833,13825,13183,15220,15213,13840,14273,12822,15333,12600,12586,12335,12355,12344
13801,13807,13805,13804,13802,12694,12690,12711,12339,12345,12353,15142,15143,15144,12709,12708,12693,12696,13349,13822
13821,12349,12358,12357,14278,14327,15024,15027,15012,13610,13592,13593,13880,13596,13597,13595,12961,12968,12959,12970
12964,12963,13143,13787,13794,13798,14973,14970,14974,14993,14976,14978,14984,14992,14985,14278,14327,15024,15027,15012
13610,13592,13593,13880,13596,13597,13595,12961,12968,12959,12970,12964,12963,13143,13787,13794,13798,14973,14970,14974
14993,14976,14978,14984,14992,14985,14980,14979,14989,12933,12938,12936,14901,14925,14888,14279,13255,13619,12798,15031
14484,14295,12616,12857,13501,13951,13215,12828,13478,14497,14629,14279,13255,13619,12798,15031,14484,14295,12616,12857
13501,13951,13215,12828,13478,14497,14629,14539,12859,14591,1095,14440,13200,12473,13329,12748,15312,14284,14277,13256
13247,13252,14023,13245,12629,12621,12626,12624,12627,12620,12632,13514,13515,13513,13522,13519,13527,13517,13525,13523
13529,14707,14715,14713,14747,14743,14716,14710,14691,14699,14718,14284,14277,13256,13247,13252,14023,13245,12629,12621
12626,12624,12627,12620,12632,13514,13515,13513,13522,13519,13527,13517,13525,13523,13529,14707,14715,14713,14747,14743
14716,14710,14691,14699,14718,14431,14428,14429,14423,14432,14421,14426,12326,12328,15187,14305,13390,13395,13339,13341
13335,13336,14301,14302,14303,14300,12670,14305,14022,14020,12402,12405,12404,12399,12813,12810,12971,12811,12808,12815
13133,13135,13883,13691,13687,13690,13684,13963,13972,13970,13653,14305,14022,14020,12402,12405,12404,13008,13894,13887
13892,13879,13885,13890,13691,13687,13690,13684,13682,13680,14317,14311,14322,14323,14314,14310,14318,14316,14320,13452
13451,13118,13119,14444,13815,13818,12321,15009,15017,15022,15036,12487,15007,15029,15014,15028,937,14468,14464,14465
14462,14475,12685,12679,14832,14833,14527,14536,14535,14542,14517,14525,14528,14531,13114,13098,13116,13169,13170,13171
14480,14485,14482,14773,14772,14089,14086,14090,12226,12239,12238,15007,937,14496,12395,14925,14931,14914,14919,14913
14920,13173,13176,13175,13174,13228,13240,13233,13236,13186,15097,13237,13231,13232,12882,12884,14018,14016,12795,12789
12796,12793,12675,13438,1387,14036,14038,14043,14040,14880,14499,14687,14689,12423,12724,12715,12720,12722,12718,12719
12717,12185,14093,13212,14499,14687,14689,13612,14201,13447,12821,12820,15371,15368,15372,15364,14092,14091,15365,15367
12279,12274,12275,12271,12276,13211,14518,14541,14520,14537,13075,14834,14835,12688,12680,14461,14474,14463,14469,14472
14473,14471,14466,1452,11885,11886,11322,11311,11333,11361,11351,11304,11666,11661,11667,11672,11673,11662,11669,11664
8909,8914,8911,8908,8902,9364,9361,9237,1453,11885,11907,11892,11903,11901,11591,11577,11574,11593,11599,9870
11760,11676,11658,1454,11080,11075,8452,11078,11074,8783,11347,11385,11359,11350,11372,11320,11348,11332,11346,11391
7535,8818,8816,11164,1455,5151,1455,5151,5115,1455,5288,1456,10851,10854,10841,10853,10856,10845,10844,10849
10847,9930,9931,1457,9952,10280,10217,10274,8631,8632,9475,9464,9470,10278,10221,10223,10224,10225,10228,10229
10231,10234,10246,10208,10244,10275,10257,10432,1458,10260,10292,10239,10237,10276,10212,7559,10281,10286,10259,10251
10271,10214,10215,10273,10262,10280,10217,10274,1459,10044,7860,12016,12013,12010,12012,12014,8776,8008,10896,10890
9682,11614,11615,12080,12077,10897,10895,10894,10885,10892,10888,10063,11175,11176,11170,8346,8347,8343,10524,10538
10527,10532,10529,10535,10340,10341,10060,1460,10936,10925,10932,10931,10930,10928,10921,10934,10937,10947,10733,10699
10700,10702,10703,9641,8570,8564,8556,7865,8559,8551,8549,8532,1461,10044,12036,12034,12039,12026,11818,11916
9664,9672,10266,10239,10276,10281,10259,10251,10214,10262,10280,10274,9475,9470,9200,14613,14616,15039,12520,1462
10044,7860,7863,12016,12013,12010,11456,11429,11430,11451,11440,11434,11458,11446,11449,9285,9275,9288,9283,9937
9963,9940,9385,9384,9389,9568,9581,318,1463,8812,11605,7789,7787,7785,7784,7797,10409,10412,10414,10415
10421,11725,11720,8094,8098,8097,8095,8101,11589,11583,11581,11585,11571,11591,9851,1463,8812,11605,7789,7787
7785,7784,7797,10409,10412,10414,10415,10421,11725,11720,8094,8098,8097,8095,8101,11589,11583,11581,11585,11571
11591,9851,9848,9849,9850,9619,11071,11061,8414,8418,8415,1464,8847,8839,8841,8844,8850,8845,11853,11856
11854,8629,1465,10003,7790,11606,8804,8807,7871,10013,10014,8286,8316,8288,11237,11247,11225,11233,11221,11889
1466,2773,1467,7340,7341,7343,7346,7348,7314,7328,7461,7462,7456,7459,7465,7470,7468,7317,7395,7295
514,7256,7258,7387,7390,7296,1467,7340,7341,7343,7346,7348,7314,7328,7461,7462,7456,7459,7465,7470
7468,7317,7395,7295,515,1467,7340,7341,7343,7346,7348,7314,7328,7461,7462,7456,7459,7465,7470,7468
7317,7395,7295,7298,7194,7175,7213,7218,7226,7221,7220,7224,7214,7219,7325,7419,7322,7415,7453,7394
14675,14663,14650,12865,12867,14383,12550,12554,12576,12574,12571,12592,12567,12596,12559,12552,12583,12589,12580,12600
12586,12546,12545,12548,12573,12579,12599,12560,12581,12556,12564,12569,12577,12562,13614,13613,13656,13657,15129,14509
14503,14502,14500,14507,13222,14505,13661,13659,13665,13666,13669,13660,13674,13673,13662,13677,13748,13755,14633,15134
15135,13675,14631,14637,14630,15279,15322,15298,15325,15291,15293,15268,13584,13586,14376,14375,12659,13271,13270,13273
15287,15274,15315,14675,14663,14650,12865,12867,14383,12550,12554,12576,12574,12571,12592,12596,12559,12552,12583,12589
12580,12600,12586,12546,12545,12548,12573,12579,12599,12560,12581,12556,12564,12569,12577,12562,13614,13613,13656,13657
15129,14509,14503,14502,14500,14507,13222,14505,13661,13659,13665,13666,13669,13660,13674,13673,13662,13677,13748,13755
14633,15134,15135,13675,14631,14637,14630,15279,15322,15298,15325,15291,15293,15268,13584,13586,14376,14375,12659,13271
13270,13273,15287,15274,15315,14677,14650,14659,14871,14877,14271,12950,12947,12406,13387,13394,13389,13390,13395,13339
13341,13335,13336,14301,14302,14303,13059,13346,13343,13348,14678,14598,14597,14594,12505,14842,13360,14850,14851,14107
14176,14487,12642,12635,12636,14109,14197,14187,14793,14678,14598,14597,14594,12505,14842,13360,14850,14851,14107,14176
14487,12642,12635,12636,14109,14197,14187,14793,14817,12770,12769,12761,12783,14844,14847,14848,15389,15387,15382,15381
13132,1468,3178,3792,3784,3775,3788,3783,3847,3845,3850,3854,3844,3849,3841,3852,3840,3837,3216,3212
3218,3223,3211,3205,2268,1468,3178,3792,3784,3775,3788,3783,3847,3845,3850,3854,3844,3849,3841,3852
3840,3837,3216,3212,3218,3223,3211,3205,3207,3208,3182,3219,3185,3187,3189,3191,3193,3194,3196,3199
3200,3203,3623,3622,2550,1468,3178,3792,3784,3775,3788,3783,3847,3854,3849,3841,3840,3216,3218,3211
3207,1468,3178,3792,3784,3775,3788,3783,3847,3854,3849,3841,3840,3216,3218,3211,3207,3208,3182,3219
3185,3187,3189,3191,3193,3194,3196,3199,3200,3203,3623,3622,2550,14680,12868,14874,12593,14270,12644,12773
12918,15004,15152,12817,12858,14540,14628,14498,13477,12831,14680,12868,14874,12593,14270,12644,12773,12918,15004,15152
12817,12858,14540,14628,14498,13477,12831,13216,13952,13502,12856,12615,14298,14483,15032,12485,14681,14663,14650,14649
14653,14659,14651,14871,14867,14876,14863,14869,14864,14859,14861,14187,14186,14174,14144,14190,14160,14164,14196,14165
14195,14172,14193,14168,14125,12208,12220,12224,12252,12236,12243,12233,12244,14616,14617,12205,12201,12200,12206,13353
14246,14253,14255,14245,14261,14247,14258,14265,14263,14250,14244,13744,13724,13715,13258,1232,1233,13259,13262,13736
13729,13754,13725,13751,13743,12284,12285,13455,13118,13119,15167,12409,12408,12957,1469,3178,3792,3784,3291,3295
3294,3293,3288,3277,3274,3272,3281,3266,3262,3280,3239,3244,3251,3254,3256,4270,4271,4272,2236,1469
3911,3917,3889,3899,2923,4554,1352,14694,14700,14709,14717,14714,14746,14712,14692,13528,13530,13524,13526,13518
13531,13520,13521,13512,13516,12625,12633,12619,12628,12623,12631,12622,12630,14023,13246,13251,13248,14280,14339,14284
1470,3178,3792,3784,3291,3295,3294,3296,3290,3293,3292,3288,3275,3277,3289,3274,3282,3272,3267,3281
3269,3285,3270,3266,3257,3262,3263,3280,3237,3239,3241,3244,3246,3248,2146,2138,2141,3249,1470,3178
3792,3784,3291,3295,3294,3296,3290,3293,3292,3288,3275,3277,3289,3274,3282,3272,3267,3281,3269,3285
3270,3266,3257,3262,3263,3280,3237,3239,3241,3244,3246,3248,3251,3254,3256,4270,2193,4970,1470,3178
3792,3784,3291,3295,3294,3296,3290,3293,3292,3288,3275,3277,3289,3274,3282,3272,3267,3281,3269,3285
3270,3266,3257,3262,3263,3280,3237,3239,3241,3244,3246,3248,3251,3254,3256,4270,2193,4970,2194,2195
4271,4272,2236,1470,3178,3792,3784,3291,3295,3294,3296,3290,3293,3292,3288,3275,3277,3289,3274,3282
3272,3267,3281,3269,3285,3270,3266,3257,3262,3263,3280,3237,3239,3241,3244,3246,3248,3251,3254,3256
4270,4271,4272,2236,1471,2773,1471,3178,3759,3745,3779,3796,3751,3797,3754,3777,3781,3798,3363,3365
3354,3362,3369,3358,3352,3366,3356,3370,4676,3175,3176,3170,3686,3689,3692,3666,3669,3670,3673,2042
2038,2039,2040,2041,2043,2044,4044,4047,4049,4051,4064,4053,4055,4057,4059,4061,4062,4132,14724,14741
14729,14731,14739,14735,14727,14728,14738,12941,12929,12926,12930,12928,12940,12943,14901,14925,14931,14914,14919,14913
14920,13173,13176,13175,13174,13228,13240,13233,13236,13186,15097,13237,13231,13232,12882,12884,14018,14016,12795,12789
12796,12793,12675,13438,1387,14036,14038,14043,14040,14880,14766,14759,14769,14752,15160,15157,15159,15158,15156,12622
14750,14754,14765,14032,14026,14024,14027,13246,13251,937,14792,14801,14785,14787,14805,14802,14783,14789,14797,14808
14778,14806,14780,14795,14799,14775,14788,13505,12203,12202,12207,12204,14589,14615,12245,12242,12210,14793,14801,14785
14787,14805,14802,12768,12761,14843,13578,13544,13555,14476,14479,14403,12981,14268,14267,12306,12308,12304,12302,13475
13461,13464,13473,13458,13468,13469,13471,13463,13460,13711,13710,13713,12525,14793,14801,14785,14787,14805,14802,12768
12761,14843,13578,13544,13555,14476,14479,14403,12981,14268,14267,12306,12308,12304,12302,13475,13461,13464,13473,13458
13468,13469,13471,13463,13460,13711,13710,13713,12525,12531,13160,13161,13167,13166,13444,13442,13440,14215,14219,14214
14217,13605,14881,1232,1392,14794,14801,14785,14787,15001,14999,15384,15379,13877,13855,13841,13854,13846,13866,13873
13860,13844,13870,13843,13871,13850,13849,13858,13862,13852,13865,14515,14514,14512,14546,14545,12204,14589,14615,12245
12242,12210,14822,14824,12803,12807,14467,14470,14468,14464,14465,14462,14475,12685,12679,14832,14833,14527,14536,14535
14542,14517,14525,14528,14531,13114,13098,13116,13169,14834,14835,12688,12680,14461,14474,14463,14469,14472,14473,14471
14466,12800,12806,12805,14819,14825,14823,14828,14820,14827,14831,15149,15147,1027,14836,14526,14533,12681,12688,12680
12684,12673,12678,12682,12686,12671,12675,13438,1388,14036,14038,13979,13966,13991,13987,13652,13785,13789,13792,13796
13779,13775,13773,13126,13121,13124,13127,13131,14455,14452,14449,14450,14067,14065,14064,14049,14048,14069,14053,14071
14072,14055,14074,14052,14061,14058,13420,13588,12504,1409,14839,12535,12536,12533,12534,12528,12529,12532,12523,15045
15043,15041,15038,15050,15047,12249,12829,13357,13356,12852,12851,12855,15053,15052,14237,14235,14232,12456,12458,12466
12468,12463,12449,12455,12445,12476,12461,12472,12438,12447,12436,12433,12443,12478,12479,12441,12469,12435,12471,12483
12480,14506,13223,14839,12535,12536,12533,12534,12528,12529,12532,12523,15045,15043,15041,15038,15050,15047,12249,12829
13357,13356,12852,12851,12855,15053,15052,14237,14235,14232,12456,12458,12466,12468,12463,12449,12455,12445,12476,12461
12472,12438,12447,12436,12433,12443,12478,15120,15126,15127,15121,15133,15119,14509,14503,14502,14500,14507,13222,1484
6898,6896,6897,6899,6901,14845,12760,12767,14816,14818,14791,14185,14188,12639,12637,12634,12638,12641,14486,14488
14118,14106,14852,14849,13361,13359,14841,14593,14595,14596,15141,14678,1485,21013,1485,1485,21016,1485,1485,21016
20979,20982,21121,20981,20980,21071,1485,1485,21071,20979,20982,21121,20981,20980,21013,1485,1486,20908,20917,20925
20919,21030,20918,21102,1486,1486,20919,21030,20918,21102,20923,21002,20907,1486,20919,21030,20918,21102,20923,21002
20907,1486,1486,20941,20983,20969,20970,20974,1486,20941,20983,20969,20970,20974,1486,1486,21012,20903,20927,21031
21029,20939,21032,1486,1486,5823,20939,20903,20927,21031,21029,21011,1486,5823,20939,20903,20927,21031,21029,21011
1486,14879,14035,12834,12833,12838,12840,12836,14033,13295,13731,13644,13740,13722,13732,13720,13717,13745,13738,12325
13730,14887,14885,13820,13819,12606,12604,12603,12609,12612,12608,12614,14206,15239,15235,15238,15246,15244,15240,15231
15243,15233,15326,15297,14210,14207,14204,15139,12463,13190,13195,13193,13191,13197,13912,13901,15262,15253,15256,15261
15259,15251,15258,15263,15002,15266,15249,13226,13507,13509,13511,13503,13506,14967,14958,14964,14954,14950,14953,14952
14956,14947,14962,14961,15225,15193,15198,15201,12394,12372,12755,12389,14888,14885,13820,13819,12940,12946,12945,12935
12937,14988,14990,14987,14981,13188,13185,13400,13401,14991,14983,14977,14975,14994,14971,14969,14972,13799,13795,13788
12960,12962,12965,12969,12966,12967,13608,13594,13593,13880,13596,13597,13595,13609,15020,15011,15026,15025,14278,14888
14885,13820,13819,12940,12946,12945,12935,12937,14988,14990,14987,14981,14986,14982,14991,14983,14977,14975,14994,14971
14969,14972,13799,13795,13788,12960,12962,12965,12969,12966,12967,13608,13594,13593,13880,13596,13597,13595,13609,15020
15011,15026,15025,14278,14903,14933,14932,14909,14912,14889,14924,14917,14911,14911,14928,14905,14899,14907,14938,14926
14894,14551,14563,14562,14554,14558,14565,14570,14549,14560,14556,14559,14555,12232,14605,14616,14617,14599,14601,14604
14608,14609,14612,12367,12383,12384,12373,12378,12374,12386,12755,12390,14931,14914,14919,14913,14920,13173,13176,13175
13174,13228,13240,13233,13236,13186,15097,13237,13231,13232,12882,12884,14018,14016,12795,12789,12796,12793,12675,13438
1387,14036,14038,14043,14040,14880,14983,14977,14975,14994,14971,14969,14972,13799,13795,13788,12960,12962,12965,12969
12966,12967,13608,13594,13593,13880,13596,13597,13595,13609,15020,15011,15026,15025,14278,14993,14984,14985,13432,14884
14883,14930,14900,14916,14932,14912,14911,14899,14938,14926,14551,14558,14549,14555,12234,14613,14616,12281,14995,13121
13141,12412,12422,12410,12420,12416,12414,12418,14756,14763,14760,12630,14023,14030,14028,12317,12315,12312,12309,12313
12320,14077,14076,14297,14369,14372,14085,14088,14084,14079,14087,1688,14995,15165,15176,15163,15171,15169,12518,12513
12510,12508,12512,12515,14456,14459,13767,13770,13763,13761,13769,13765,13422,14995,15165,15176,15163,15171,15169,12518
12513,12510,12508,12512,12515,14456,14459,13767,13770,13763,13761,13769,13765,13422,13411,13431,13406,14995,15165,15176
15163,15171,15169,12518,12513,12510,12508,12512,12515,14456,14459,13767,13770,13763,13761,13769,13765,13422,13411,13431
13406,13404,13436,13434,13409,13429,13428,13425,13413,13416,13417,13418,14757,12503,12495,12497,12500,12494,12504,1193
15085,15086,14583,14585,14579,14587,14576,12954,12953,14490,14491,14493,12298,12287,12295,13263,13267,13264,14408,14406
14405,14400,14414,14412,14401,14410,14420,14418,14415,12974,15097,13237,13231,13232,12882,12884,14018,14016,12795,12789
12796,12793,12675,13438,1387,14036,14038,14043,14040,14880,14243,15139,12463,13190,13195,13193,13191,13197,13912,13901
15262,15253,15256,15261,15259,15251,15258,15263,15002,15266,15249,13226,13507,13509,13511,13503,13506,14967,14958,14964
14954,14950,14953,14952,14956,14947,14962,14961,15225,15193,15198,15201,12394,12372,12755,12389,15142,15143,15144,12709
12708,12693,12696,13349,13822,13821,12349,12358,12357,15168,13120,13449,13450,13453,14312,14315,14319,14309,12660,12662
15059,15061,15062,15065,14810,14812,15376,15377,15375,15184,13202,14706,14697,14704,14695,14693,14708,14719,12746,12743
12753,12734,12739,12738,12730,12728,12731,12741,12752,14294,12736,12750,12436,12433,12443,12478,15120,12925,12910,12902
12912,12901,12908,12890,12889,12913,12916,12899,12914,12904,12894,12886,12892,12921,12906,12924,15112,15101,15099,15117
15105,15118,15110,15102,15108,15103,15115,15104,12782,12977,15185,13202,14722,14721,14701,14725,14724,14741,14729,14731
14739,14735,14727,14728,14738,12941,12929,12926,12930,12928,12940,12943,14901,14925,14931,14914,14919,14913,14920,13173
13176,13175,13174,13228,13240,13233,13236,13186,15097,13237,13231,13232,12882,12884,14018,14016,12795,12789,12796,12793
12675,13438,1387,14036,14038,14043,14040,14880,15186,12329,12327,14430,14377,14379,14380,12659,13271,13270,13273,15287
15274,15315,15273,15285,12692,12695,12713,12705,13362,13378,13371,13373,13376,13381,13369,13365,13385,13366,12348,13181
13377,13382,14238,12776,15187,12329,12327,14425,14433,14424,14422,14427,14719,14694,14700,14709,14717,14714,14746,14712
14692,13528,13530,13524,13526,13518,13531,13520,13521,13512,13516,12625,12633,12619,12628,12623,12631,12622,12630,14023
13246,13251,13248,14280,14339,14284,15246,15244,15240,15231,15243,15233,15326,15297,14210,14207,14204,15139,12463,13190
13195,13193,13191,13197,13912,13901,15262,15253,15256,15261,15259,15251,15258,15263,15002,15266,15249,13226,13507,13509
13511,13503,13506,14967,14958,14964,14954,14950,14953,14952,14956,14947,14962,14961,15225,15193,15198,15201,12394,12372
12755,12389,15313,12747,13330,12474,13199,14439,1096,14592,12858,14540,14628,14498,13477,12831,15313,12747,13330,12474
13199,14439,1096,14592,12858,14540,14628,14498,13477,12831,13216,13952,13502,12856,12615,14298,14483,15032,12797,13620
13254,14281,14338,15314,15271,15311,15275,15294,15289,15278,15282,15308,15324,15326,15297,15300,15306,15305,15317,15284
15328,15290,15320,15303,12493,14046,14059,12500,12494,12504,1192,12846,12848,14854,14855,14858,13953,15314,15271,15311
15275,15294,15289,15278,15282,15308,15324,15326,15297,15300,15306,15305,15317,15284,15328,15290,15320,15303,12493,14046
14059,12500,12494,12504,1192,12846,12848,14854,14855,14858,13953,12646,12647,12654,12649,12653,12650,14229,13702,13704
13695,13697,13698,15093,15095,14087,1238,15315,15273,15285,12692,12695,12713,12705,13362,13378,13371,13373,13376,13381
13369,13365,13385,13366,12348,13181,13377,13382,14238,12776,15315,15273,15285,15318,13275,13274,13269,13272,12658,14374
14381,13587,13585,15269,15302,15292,15283,15321,15323,15280,14634,14636,14632,14635,13749,13741,13739,13678,13664,13672
13671,13668,13670,13679,13667,13663,14506,13224,14508,14510,14501,14504,15131,15124,13658,13655,13617,13615,13616,12561
12549,12568,12563,12557,12582,12558,12598,12578,12590,12547,12585,12544,12587,12601,12570,12588,12584,12553,12595,12566
12591,12572,12565,12575,12555,12551,12866,12861,12860,12864,14648,14654,14675,15315,15273,15285,15318,13275,13274,13269
13272,12658,14374,14381,13587,13585,15269,15302,15292,15283,15321,15323,15280,14634,14636,14632,14635,13749,13741,13739
13678,13664,13672,13671,13668,13670,13679,13667,13663,14506,13224,14508,14510,14501,14504,15131,15124,13658,13655,13617
13615,13616,12561,12549,12568,12563,12557,12582,12558,12598,12578,12590,12547,12585,12544,12587,12601,12570,12588,12584
12553,12595,12566,12591,12572,12565,12575,12555,12551,12866,12861,12860,14648,14654,14675,15374,15378,14813,14811,15064
15063,15060,15058,12669,12663,12661,14310,14318,14316,14320,13452,13451,13118,13119,15419,15440,15429,15399,15407,15450
1098,15450,1098,1187,15425,15448,1030,15433,15405,470,15427,15431,15437,15397,15423,15421,15442,15403,1673,15435
15444,15395,15393,327,15450,1098,15409,1187,15425,15448,1030,15433,15405,470,15427,15431,15437,15397,15423,15421
15442,15403,1673,15435,15444,15395,15393,327,15455,1612,15457,15462,15460,15463,15466,15468,15454,15469,15472,15474
15478,15476,15475,15477,15473,15471,15470,15453,15467,15465,15464,15459,15461,15458,1611,15456,15480,15504,15479,15540
15591,15529,669,15480,15519,15562,669,15508,15529,15519,15516,15572,15561,15533,15525,15557,15516,15575,15495,15576
669,15519,15530,15508,15557,15573,15572,15516,15557,15573,15572,15516,15575,669,15519,15726,15725,15813,15825,15820
15816,15811,15818,16305,16292,16340,15999,15960,16007,16012,15973,15986,15991,16009,15996,15958,15966,15988,15837,15976
15987,16004,16614,16354,16214,16097,16100,15926,15925,15893,15896,15898,15889,15890,15886,16491,15899,15982,15962,16008
15852,16180,16177,16183,16178,15753,15848,15704,15739,15750,15677,15676,16616,15745,16545,15755,15741,16241,16091,16092
15827,15742,15748,15734,16078,16079,16685,16677,15744,15743,15737,15738,15847,15849,16659,15752,15753,15753,15848,15704
15739,15750,15677,15676,16616,15745,16545,15755,16091,16092,15827,15741,15748,15734,16078,16079,16685,16677,15744,15743
15737,15738,15847,15849,16659,15752,15753,15753,15848,15704,15739,15750,15677,15676,16616,15745,16545,15755,16241,16091
16092,15755,15744,15743,16544,15740,15751,15746,15810,16653,15669,15665,15670,15878,15865,15868,15867,15870,15874,15863
15877,15862,15873,15920,15913,15931,15929,15918,15935,15915,15934,15921,15923,16307,16270,16284,16283,16344,16337,16630
16631,16628,16626,16700,16702,16698,16303,16265,16298,16324,16336,16335,16269,16277,16266,16301,16567,16563,16565,16564
16331,16332,16327,16280,16263,16262,16287,16278,16267,16118,16306,16312,16274,16273,16300,16168,16159,16161,16162,16171
16173,16540,16170,16158,15936,15709,656,15755,15744,15743,16544,15740,15751,15867,15870,15874,15863,15877,15862,15873
15920,15913,15931,15929,15918,15935,15915,15934,15921,15923,16307,16270,16284,16283,16344,16337,16630,16631,16628,16626
16700,16702,16698,16168,16159,16161,16162,16171,16173,16540,16170,16158,15936,15709,656,15755,15744,15743,16544,15740
15751,15867,15870,15874,15863,15877,15862,15873,15920,15913,15931,15929,15918,15935,15915,15934,15921,15923,16307,16270
16284,16283,16344,16337,16630,16631,16628,16626,16700,16702,16698,16303,16265,16298,16324,16336,16335,16269,16277,16266
16301,16567,16563,16565,16564,16331,16332,16327,16280,16263,16262,16287,16278,16267,16118,16306,16312,16274,16273,16300
16168,16159,16161,16162,16171,16173,16540,16170,16158,15936,15709,656,15756,16430,16424,16427,16426,16083,15796,15623
15620,16162,16171,16173,16540,16170,16158,15936,15709,656,15767,15760,15758,15757,15773,16276,16339,16346,15786,16319
16343,16345,16290,16316,16320,16321,16322,16295,16294,16314,16365,16357,16369,16358,16368,16362,16370,16361,16673,932
15756,16430,16424,16427,16426,16083,15796,15623,15620,16162,16171,16173,16540,16170,16158,15936,15709,656,16534,16528
16509,16524,16518,16525,16513,16520,16512,16532,16522,16523,16536,16538,16531,16533,16482,16435,15892,16439,16434,15720
16095,16138,16445,16493,15767,15760,15758,15652,15628,15626,15632,15631,15829,15821,15826,15814,15823,15812,16611,16380
16389,16392,16381,16382,16379,16373,16388,16322,16295,16294,16314,16149,16151,16143,16144,16608,16603,16600,16607,16599
16415,16417,16150,16148,16233,16147,15832,15835,932,15756,16430,16424,16427,16426,16083,15796,15623,15620,16162,16171
16173,16540,16170,16158,15936,15709,656,16534,16528,16509,16524,16518,16525,16513,16520,16512,16532,16522,16523,16536
16538,16531,16533,16482,16435,15892,16439,16434,16433,16441,16445,16493,15767,15760,15758,15652,15628,15626,15632,15631
15811,15818,15786,16319,16343,16345,16290,16316,16320,16321,16322,16295,16294,16314,16365,16357,16369,16358,16368,16362
16370,16361,16673,932,15756,16430,16424,16427,16426,16083,15796,15623,15620,16162,16171,16173,16540,16170,16158,15936
15709,656,16656,16195,16157,16197,16203,16201,16193,16198,16185,16018,16055,16045,16023,16642,16048,16061,16029,16042
16052,16049,16064,16067,16035,16020,16087,16034,16032,16062,16073,16043,16046,16059,16038,15695,16030,16070,16026,16074
16665,16666,16668,15830,15901,16479,16477,16069,16017,15616,15843,16399,16705,15828,15701,16609,15756,16638,16641,16173
16540,16170,16158,15936,15709,656,16656,16195,16157,16197,16203,16201,16193,16198,16185,16018,16055,16045,16023,16642
16048,16061,16029,16042,16052,16049,16251,16249,16247,16250,15617,16663,16406,16404,16403,16035,16020,16087,16034,16032
16062,16073,15664,15881,15656,16593,15663,15660,15658,15910,15635,15634,16046,16059,16038,15695,16030,16070,16026,16074
16665,16666,16668,15830,15901,16479,16477,16069,16017,15616,15843,16399,16705,15828,15701,16609,15756,16638,16641,16173
16540,16170,16158,15936,15709,656,16656,16195,16157,16197,16203,16201,16193,16198,16185,16018,16055,16045,16023,16642
16048,16061,16029,16042,16052,16049,16251,16249,16247,16250,15617,16663,16406,16404,16403,16129,16035,16020,16087,16034
16032,16062,16073,15664,15881,15656,16593,15663,15660,15658,15910,15635,15634,16046,16059,16038,15695,16030,16070,16026
16074,16665,16666,16668,15830,15901,16479,16477,16069,16017,15616,15843,16399,16705,15828,15701,16609,15756,16638,16641
16173,16540,16170,16158,15936,15709,656,16682,16054,16039,16214,16097,16100,15756,16638,16641,16173,16540,16170,16158
15936,15709,656,16682,16054,16039,16214,16097,16100,15926,15925,15893,15896,15898,15889,15890,15886,16491,15899,15982
15962,16008,15852,16180,16177,16183,16460,16467,16458,16472,16449,16461,16447,16455,16454,15997,16452,15907,15980,15993
16003,16000,16191,16132,16189,15906,15905,16505,15654,16451,15908,15673,16350,16351,16224,16452,15907,15980,15993,16003
16000,15970,15964,15974,15989,15969,15808,16216,16671,16680,16132,16190,15731,16256,16255,15907,15980,15993,16003,16000
16191,16132,15731,16255,15910,15635,15634,16046,16059,16038,15695,16030,16070,16026,16074,16665,16666,16668,15830,15901
16479,16477,16069,16017,15616,15843,16399,16705,15828,15701,16609,15700,15702,15699,16122,16676,15624,16605,16604,16606
16601,16602,16236,16227,16237,16232,16313,16286,16296,16323,16393,16374,16378,16383,16394,16662,15688,15726,15725,15814
15823,15812,16610,15957,15760,15758,15652,15628,15626,15632,15631,15811,15818,15786,16319,16222,16223,16221,16117,16116
16114,16115,15829,15821,15826,15723,15724,15727,15729,15730,15689,15687,15824,16420,16619,16620,16621,16618,16617,15627
15629,15653,15759,15761,15766,15735,16419,16637,15831,15957,15957,15760,15758,15757,15773,16276,16339,16346,15786,16319
16222,16223,16221,16117,16116,16114,16115,15829,15821,15826,15723,15724,15727,15729,15730,15689,15687,15812,16610,16432
16485,16090,16088,16089,16120,16589,16588,16420,15957,15760,15758,15757,15773,16276,16339,16346,15786,16319,16222,16223
16221,16117,16116,16114,16115,15829,15821,15826,15723,15724,15727,15729,15730,15689,15687,15812,16610,16432,16485,16484
16487,16588,16420,16619,16620,16621,16618,16617,15627,15629,15653,15759,15761,15766,15735,16419,16637,15831,15957,15957
15760,15758,15757,15773,16276,16339,16346,15786,16319,16222,16223,16221,16117,16116,16114,16115,15829,15821,15826,15723
15724,15727,15729,15730,15689,15687,15824,16420,16619,16620,16621,16618,16617,15627,15629,15653,15759,15761,15766,15735
16419,16637,15831,15957,15957,15766,15735,16490,15794,15791,15790,15795,15793,15839,15840,15954,15955,16583,16580,16577
16578,16584,16120,16589,16588,16420,16619,16620,15789,15788,16489,16488,16635,16082,16636,15770,16672,16435,15892,16095
16093,16500,16493,15736,16419,16637,15831,15957,15957,15766,16494,16499,16497,16498,16422,16496,16431,16096,16421,16440
15956,16443,16442,16493,15735,16490,15794,15791,15790,15795,15841,15839,15840,15954,15955,16583,16580,16577,16578,16584
16120,16589,16588,16420,16619,16620,15789,15788,16489,16488,16635,16082,16636,15770,16672,16435,15892,16095,16093,16500
16495,15736,16419,16637,15831,15957,15957,15766,16494,16499,16497,16498,16422,16496,16431,16096,16421,16440,15956,16443
16442,16493,15735,16490,15794,15791,15790,15795,15883,15884,15885,16580,16577,16578,16584,16120,16589,16588,16420,16619
16620,15789,15788,16489,16488,16419,16637,15831,15957,16046,16059,16038,15695,15694,15693,16409,16413,16411,15830,15901
16667,16664,16139,16077,16069,16017,16707,16015,16597,15609,15605,15608,15828,15701,16609,16099,16098,16057,16040,16053
16681,656,15708,16164,16165,16169,15619,16166,16172,16640,16639,15756,16099,16098,16155,16154,15678,15712,15713,15711
15710,15680,15679,16395,16408,16176,16130,15894,15924,15927,16242,16546,16615,15961,15977,15838,15976,15987,16004,16614
16354,16099,16099,16098,16155,16154,15678,16561,16686,15712,15713,15711,15710,15680,15679,16395,16408,16176,16130,15894
15924,15927,16242,16099,16099,16098,16155,16154,15678,16561,16686,15712,15713,15711,15710,15680,15679,16395,16408,16176
16130,15894,15924,15927,16242,16546,16615,15961,15977,15838,15976,15987,16004,16614,16354,16099,16099,16098,16155,16154
16085,15927,16242,15678,16561,16686,15712,15713,15711,15710,15680,15679,16395,16408,16176,16130,15894,15924,15928,16243
16546,16615,15961,15977,15838,15976,15987,16004,16614,16354,16099,16100,16546,16615,15977,15994,16005,15965,15971,15978
16010,15992,15985,15972,16013,15984,16006,15959,15998,16339,16346,15786,15787,15817,15829,15821,15826,15723,15724,15727
15729,15730,15689,15687,15812,16610,16120,16589,16489,16488,16419,16637,15831,15957,16120,16589,16489,16488,16494,16499
16497,16498,16422,16120,16589,16501,16090,16088,16089,1617,1765,1794,1735,1733,1652,1647,1645,1641,1852,1694
1696,1657,1828,1820,1798,1615,1620,1777,1815,1822,1617,1765,1794,1735,1733,1652,1647,1645,1641,1852
1694,1696,1657,1828,1820,1798,1615,1620,1777,1815,1822,1824,1751,1617,1765,1794,1735,1733,1652,1647
1645,1641,1852,1801,1614,1639,1832,1768,1795,1836,1625,1792,1626,1686,1770,1618,1765,1794,1735,1733
1652,1647,1645,1641,1852,1801,1614,1639,1832,1768,1773,1848,1646,1618,1765,1794,1735,1733,1652,1647
1645,1641,1852,1801,1614,1639,1832,1768,1773,1848,1654,1618,1765,1794,1735,1733,1652,1647,1645,1641
1852,1801,1614,1639,1832,1768,1795,1836,1625,1792,1626,1686,1770,16189,16131,15804,16001,16002,15995,15981
15906,16451,16463,16453,16450,16446,16462,16448,16471,16465,16466,16464,16178,16182,16179,16181,15851,15975,15963,15983
15900,16492,15887,15891,15888,15897,15895,15894,15924,15927,16242,16546,16614,16354,16099,16098,16057,16040,16053,16681
656,15708,16164,16165,16169,15619,16166,16172,16640,16639,15756,16189,16131,15804,16001,16002,15995,15981,15906,16451
16463,16453,16450,16446,16462,16448,16471,16465,16466,16464,16178,16468,16474,16456,16473,16135,16312,16274,16273,16300
16168,16159,16161,16162,16171,16173,16540,16170,16158,15936,15709,656,1622,19154,19146,19149,19141,19168,19161,18862
18869,18850,19064,19062,18608,18852,18658,18865,19159,19163,19169,19140,19148,19147,19150,1622,1623,1671,19942,1070
1625,1792,1626,1686,1770,16255,15732,16189,16131,16218,16670,16679,16215,15807,15968,15990,16011,15979,15967,16001
16002,15995,15981,15906,16255,15732,16189,16131,16218,16670,16679,16215,15807,15968,15990,16011,15979,15967,16001,16002
15995,15981,15906,15905,16505,15654,16451,15908,15673,16350,16351,16224,16452,15907,16255,15732,16189,16131,16218,16670
16679,16215,15807,15968,15990,16011,15979,15967,16001,16002,15995,15981,15906,15905,16505,15654,16451,15908,15673,16350
16351,16224,16452,15907,15980,15993,16003,16000,15970,15964,15974,15989,15969,15808,16216,16671,16680,16132,16190,15731
16256,16255,1633,21241,1633,21241,21243,1633,21243,1633,21246,1634,1637,1634,1637,21242,1634,21243,1634,21246
1635,21239,1635,21240,1635,21241,21243,1635,21243,1635,21246,1636,1720,1637,1633,1637,1634,1637,21242,1638
1661,1638,1661,1661,1830,1838,1775,1617,1765,1794,1735,1733,1652,1647,1645,1641,1852,1695,1698,1656
1753,1779,1814,1787,1627,1629,1638,1662,1662,1830,1838,1775,1617,1765,1794,1735,1733,1652,1647,1645
1641,1852,1694,1696,1657,1828,1820,1798,1615,1620,1777,1815,1822,1638,1662,1662,1830,1838,1775,1617
1765,1794,1735,1733,1652,1647,1645,1641,1852,1694,1696,1657,1828,1820,1798,1615,1620,1777,1815,1822
1824,1751,16422,16496,16431,16096,16421,16440,15956,16443,16442,16493,15735,16490,15794,15791,15790,15795,15841,15839
15840,15954,15955,16583,16580,16577,16578,16584,16120,16589,16588,16420,16422,16496,16431,16096,16421,16440,15956,16443
16442,16493,15735,16490,15794,15791,15790,15795,15841,15839,15840,15954,15955,16583,16580,16577,16578,16584,16120,16589
16588,16420,16619,16620,15789,15788,16489,16488,16422,16496,16431,16096,16421,16440,15956,16443,16442,16493,15735,16490
15794,15791,15790,15795,15841,15839,15840,15954,15955,16583,16580,16577,16578,16584,16120,16589,16588,16420,16619,16620
15789,15788,16489,16488,16419,16637,15831,15957,1649,1628,1788,1813,1778,1752,1659,1697,1693,1801,1614,1639
1832,1768,1795,1836,1625,1792,1626,1686,1771,1649,1628,1788,1813,1778,1752,1659,1697,1693,1853,1651
1653,1655,1642,1734,1736,1793,1766,1619,1774,1839,1829,1661,1661,1638,16504,16506,15916,15922,16507,16507
15733,15845,15953,16481,16476,16475,15844,16504,16506,15916,15922,16507,16507,15733,15845,15953,16481,16476,16475,15844
16504,16506,15916,15922,16562,16507,16507,15938,15798,15618,15904,15903,15902,16352,16507,15938,15798,15618,15904,15903
15902,16352,16353,15697,15918,15935,16134,16398,15646,16245,16397,15846,15799,16562,16507,1654,1847,1772,1767,1654
1847,1772,1767,1831,1650,1613,1800,1853,1651,1653,1655,1642,1734,1736,1793,1766,1618,1654,1847,1772
1767,1831,1650,1613,1800,1853,1651,1653,1655,1642,1734,1736,1793,1766,1619,16563,15949,15951,15942,15941
15947,15944,15946,15939,15948,15950,15945,15850,15650,15648,15707,15705,15706,16418,16125,15853,16128,16127,16124,16126
15649,16315,16328,16293,16347,16310,16349,16081,16142,16141,16687,16590,16501,16090,16088,16089,16609,15700,15702,15699
16122,15801,16400,15614,15615,16016,16076,16068,16140,16665,16666,16668,15672,16410,16412,15691,15692,15690,15696,16021
16058,16660,15635,16044,16071,16063,16037,16033,16086,16019,16036,16066,16065,16050,16051,16041,16028,16060,16024,16022
16031,16056,16025,16184,16199,16192,16200,16202,16196,16156,16194,16655,15611,656,16609,15700,15702,15699,16122,16649
16651,16676,15624,15855,16105,16108,16104,16107,16102,16113,16111,16112,932,16609,15700,16704,15607,15606,15610,15613
16613,16399,15800,16650,16648,16669,15952,15801,16400,16612,15612,15609,15605,15608,15828,15701,16609,16609,15700,16704
15607,15606,15610,15613,16613,16399,16612,15612,15609,15605,15608,15828,15701,16609,16609,15700,16704,16678,16400,15614
15615,16016,16076,16068,16075,16027,15842,16072,15696,16021,16058,16047,16044,16071,16063,16037,16033,16086,16019,16036
16066,16065,16050,16051,16041,16028,16060,16024,16022,16031,16056,16025,16184,16199,16192,16200,16202,16196,16156,16194
16655,15611,656,16609,15700,16704,16678,16400,15614,15615,16016,16478,16480,15672,16667,16664,16075,16027,15842,16072
15696,16021,16058,16047,15637,15636,15909,15659,15661,15662,16594,15655,15882,15657,16071,16063,16037,16033,16086,16019
16036,16129,16402,16405,16401,16407,16253,16246,16248,16252,16065,16050,16051,16041,16028,16060,16024,16022,16031,16056
16025,16184,16199,16192,16200,16202,16196,16156,16194,16655,15611,656,15708,16164,16165,16169,15619,16166,16172,16640
16639,15756,16609,16014,16706,16016,16076,16068,16140,16075,16027,15842,16072,15696,16021,16058,16047,15637,15636,16661
16059,16038,15695,15694,15693,16409,16413,16411,15830,15901,16667,16664,16139,16077,16069,16017,16707,16015,16597,16609
1661,1638,16610,15822,15728,15726,15725,15813,15825,15820,15816,15811,15818,16305,16292,16340,15999,15960,16007,16012
15973,15986,15991,16009,15996,15958,15966,15988,15837,15976,15987,16004,16614,16354,16214,16097,16100,15926,15925,15893
15896,15898,15889,15890,15886,16491,15899,15982,15962,16008,15852,16180,16177,16183,16178,16610,15822,15824,15815,15723
15724,15727,15729,15730,16381,16382,16379,16373,16388,16322,16295,16294,16314,16149,16151,16143,16144,16608,16603,16600
16599,15625,16675,16123,15698,15828,15701,16609,15700,16704,16678,16400,15614,15615,16016,16478,16480,15672,16667,16664
16075,16027,15842,16072,15696,16021,16058,16047,15637,15636,15909,15659,15661,15662,16594,15655,15882,15657,16071,16063
16037,16033,16086,16019,16036,16129,16402,16405,16401,16407,16253,16246,16248,16252,16065,16050,16051,16041,16028,16060
16024,16022,16031,16056,16025,16184,16199,16192,16200,16202,16196,16156,16194,16655,15611,656,15708,16164,16165,16169
15619,16166,16172,16640,16639,15756,1662,1830,1838,1775,1617,1765,1794,1735,1733,1652,1647,1645,1641,1852
1694,1696,1657,1828,1820,1798,1615,1620,1777,1815,1822,1662,1830,1838,1775,1617,1765,1794,1735,1733
1652,1647,1645,1641,1852,1694,1696,1657,1828,1820,1798,1615,1620,1777,1815,1822,1824,1751,1665,11546
11549,11544,10579,10602,10629,10656,10869,10867,10581,10675,10645,10631,10674,10651,10594,10596,10609,10642,10640,10661
10591,11943,11937,11946,11936,11939,9502,11945,11941,11933,9509,9547,7773,9522,9533,9563,9518,9520,9554,9561
9507,9548,9559,9009,9014,9003,9015,8999,9020,1684,1668,5151,5287,16687,16696,16254,16700,16689,16692,16693
16694,16188,16187,16186,15722,15675,15777,15774,15776,15775,16566,16334,16175,16301,16567,16563,15949,15951,15942,15941
15947,15944,15946,15939,15948,15950,15945,15850,15650,15648,15707,15705,15706,16418,16125,15853,16128,16127,16124,16126
15649,16315,16328,16293,16347,16310,16349,16081,16142,16141,16687,16687,16696,16689,16692,16693,16694,16188,16187,16186
15722,15675,15777,15774,15776,15775,16566,16334,16175,16301,16567,16563,15949,15951,15942,15941,15947,15944,15946,15939
15948,15950,15945,15850,15650,15648,15707,15705,15706,16418,16125,15853,16128,16127,16124,16126,15649,16315,16328,16293
16347,16310,16349,16081,16142,16141,16687,1669,5185,5151,1669,5206,5146,5185,5151,16696,16689,16692,16693,16694
16568,16574,16572,16570,15643,16591,15642,16225,15779,16683,15641,15645,15638,15859,15860,16456,16473,16135,16312,16274
16273,16300,16168,16159,16161,16162,16171,16173,16540,16170,16158,15936,15709,656,1670,17994,671,1670,671,16709
16624,16658,16211,16206,16212,16208,16205,15780,15782,15785,16517,16516,16510,16527,16529,656,1675,7876,7874,9828
7889,9228,9230,7948,9229,9856,8628,9269,9271,9267,8039,8053,8040,8059,8056,8045,8034,8047,8061,8037
8054,8032,10230,10227,10226,7989,10248,10253,10222,10284,10277,10219,9199,1677,7887,7885,7888,11691,7900,7902
7906,7901,7891,7892,7897,9202,9459,9476,8633,8630,8634,10218,10283,10254,10261,10263,10216,10279,10213,10268
10272,10250,10265,10242,10258,10247,10287,10293,10282,8793,8792,8794,10238,1678,16877,17095,17077,16893,16931,16920
16922,16919,16921,16979,16981,16980,16982,16978,17211,17207,17208,17209,17210,17148,17136,17129,17076,17242,1678,1678
16877,17095,17077,16893,16931,16920,16922,16919,16921,16979,16981,16980,16982,16978,17211,17207,17208,17209,17210,17148
17136,17129,17076,17242,657,1678,16877,17095,17077,17131,17135,17149,17145,17137,17146,17140,17141,17132,16955,16954
16940,16882,17134,17143,17133,17142,17139,17147,17138,17130,17144,17148,17136,17129,17076,17242,1678,1678,16877,17095
17077,17131,17135,17149,17145,17137,17187,17183,17180,17072,17070,17071,16925,16924,16923,17133,17142,17139,17147,17138
17130,17144,17148,17136,17129,17076,17242,1678,1678,16877,17095,17077,17131,17135,17149,17145,17137,17187,17183,17180
17072,17070,17071,16925,16924,16923,17133,17142,17139,17147,17138,17130,17144,17148,17136,17129,17076,17242,657,1678
16877,17252,17206,17069,17065,17063,17218,17219,17220,17217,17194,16941,17193,17216,17215,17212,17213,17214,17066,17068
17067,17064,17237,16876,17242,1678,1678,16877,17252,17206,17069,17065,17063,17218,17219,17220,17217,17194,16941,17193
17216,17215,17212,17213,17214,17066,17068,17067,17064,17237,16876,17242,657,1678,16894,17017,17019,17025,17127,17024
17020,17030,17023,17014,17028,17000,17101,17103,17099,17106,16909,16908,1679,13991,13987,21546,21547,21545,21558,21552
1679,1679,14826,14829,14822,21548,12807,13208,13205,13757,1679,14826,14829,14822,21548,12807,13208,13205,13757,21556
21550,1679,1679,14826,14829,14822,21557,21549,14819,21554,21543,14823,14828,14827,1679,1679,14826,14829,21554,21543
14822,21557,21549,1679,14826,14829,21554,21543,14822,21557,21549,14819,14823,14828,14827,1679,1679,21544,13991,13987
21546,21547,21545,21558,21552,1679,1679,21551,21555,14522,13757,21553,13207,12806,12805,14819,14823,14828,14827,1679
16792,16784,16783,16788,16785,16786,16779,16790,16780,16837,16761,16741,16748,16747,16744,16742,16759,16745,16760,16749
16769,16771,1043,16792,16784,16783,16788,16813,16814,16832,16827,16737,16740,16736,16779,16790,16780,16837,16761,16741
16748,16747,16744,16742,16759,16745,16760,16749,16769,16771,1039,1681,5823,5819,6434,6432,5843,5846,5596,5599
5604,5595,6067,6069,5860,1682,6900,7084,7140,5645,5562,5533,6060,5726,6553,5561,5749,5835,16836,16801
16802,16858,16862,16850,16798,16765,16797,16856,16845,16855,16861,16853,16849,16863,16847,16715,16795,16722,16725,16770
16766,1042,16837,16753,16787,16793,16798,16765,16797,16856,16845,16855,16861,16853,16849,16863,16821,16825,16822,16811
16810,16809,16808,16842,16764,16718,16719,16773,16770,16766,1040,16837,16761,16733,16730,16731,16729,16727,16826,16726
16805,16748,16747,16744,16742,16759,16745,16760,16749,16769,16771,1041,1684,9006,9004,9018,8997,10677,10665,10638
10586,10601,10611,10583,10613,10578,10672,11684,10667,10622,10590,10657,10627,10624,10669,10598,10595,10626,9398,12004
12003,9844,10338,10614,10662,10619,10588,10599,10643,10641,9137,9136,9135,9132,9140,7595,8861,8448,8860,9130
9141,9129,9128,9126,9124,9122,9121,9153,9143,9149,9156,9146,9151,8988,11251,1684,9010,8998,9016,9017
9013,9526,9560,9549,9538,9506,9562,9515,9553,9519,9550,9532,9541,9546,9510,11934,11947,11944,9497,1684
9010,8998,9016,9017,9013,9526,9560,9549,9538,9506,9562,9515,9553,9519,9550,9532,9541,9546,9510,11934
11947,11944,9497,11940,11935,11946,11938,11942,10592,10660,10639,10605,10649,10606,10593,10652,10673,10630,10659,10676
10580,10597,10869,10867,10655,10628,10607,11543,11548,11547,1665,1685,8441,321,1680,1688,14078,14081,14080,14082
14089,14370,14371,12235,14296,14075,12318,12319,12314,12310,12311,12316,14024,14027,14023,13245,14751,14764,14755,12417
12413,12415,12419,12411,12421,13138,13142,13122,13129,14995,16908,16865,16970,16972,16973,17012,17192,16879,17190,17181
17195,17189,17187,17183,17180,17186,16977,16978,16928,16930,16927,16929,16883,16884,17178,17177,17185,17179,17191,17184
17188,17196,17182,17194,16941,17193,17010,17006,16975,16974,16971,16909,16908,16908,17105,17100,17104,17102,16999,17027
17015,17029,17018,17021,17128,17026,17016,16976,16895,1678,16908,17105,17100,17104,17102,16999,17027,17015,17029,17018
17021,17128,17026,17016,16976,16895,657,16908,17231,17226,17225,17222,17229,17011,17009,17087,17090,16963,16966,16871
16962,16957,16960,16969,17240,17245,17250,17233,17241,17234,17246,17243,17237,16876,17242,1678,16908,17231,17226,17225
17222,17229,17011,17009,17087,17090,16963,16966,16871,16962,16957,16960,16969,17240,17245,17250,17233,17241,17234,17246
17243,17237,16876,17242,657,1691,1632,1643,20875,20876,1640,20878,20873,20870,1630,20877,20886,20874,20872,20881
1691,1632,1643,20875,20876,1640,20878,20873,20870,1630,20877,20886,20874,20872,20881,20880,20879,20869,17073,16932
17075,17074,17221,17013,17073,1709,17775,17777,18046,1709,17775,17777,18046,17957,1709,17775,17777,18046,17974,17995
671,17994,1711,5153,5244,5215,5182,1711,5155,5244,5215,5151,1711,5155,5244,5215,5290,5151,1711,5206
5244,5215,5151,1711,5206,5244,5215,5182,1719,11265,11266,7986,7983,7981,7980,7978,10055,8017,8024,8012
8022,8010,8014,8020,10228,10229,10231,10291,10234,10246,7493,10210,1719,11265,7976,7988,7955,7952,7953,7966
7970,7959,7958,7963,7969,7972,9648,8025,9417,9420,1719,11265,7976,7988,7955,7952,7953,7966,7970,7959
7958,7963,7969,7972,9648,8025,9417,9420,10715,10731,10096,10098,10091,10088,9769,9774,9773,9771,9778,9776
11636,7534,7532,11631,11623,11622,11632,11637,11626,10079,10072,10077,10070,10078,10739,10723,10737,10721,10704,8278
8276,10690,1719,11265,7976,7988,7955,7952,7953,7966,7970,7959,7958,7963,7969,7972,9648,8025,9417,9420
10715,10731,10096,10098,10091,10088,9769,9774,9773,9771,9778,9776,11636,7534,7532,11631,11623,11622,11638,1719
7955,7953,7959,7958,7969,9648,9417,9420,10728,10719,9643,9646,9652,9650,1720,1636,17270,17571,17570,17499
17568,17559,17631,17630,17547,17553,17439,17438,17652,17651,17569,17452,17270,17275,17302,17311,17305,17309,17303,17306
17633,17325,17269,17323,17321,17315,17322,17318,17550,17548,17554,17568,17559,17560,17549,17546,17551,17410,17420,17417
17414,17411,17486,17480,17279,17277,17312,17274,17272,17567,17565,17281,17672,17653,17579,17279,17468,17487,17413,17416
17418,17419,17406,17556,17547,17553,17552,17561,17558,17568,17555,17562,17557,17319,17317,17316,17320,17324,17267,17268
17325,17279,17468,17487,17413,17416,17418,17419,17406,17556,17547,17553,17552,17561,17558,17568,17555,17562,17557,17319
17317,17316,17320,17324,17267,17268,17325,17632,17307,17310,17304,17308,17276,17275,17279,17468,17487,17415,17342,17344
17345,17681,17680,17637,17453,17455,17645,17648,17649,17290,17289,17349,17352,17428,17424,17431,17432,17423,17464,17465
17287,17600,17603,17601,17606,17356,17355,17265,17588,17590,17582,17584,17585,17299,17300,17702,17690,17697,17700,17295
17294,17296,17670,17579,17279,17468,17487,17415,17408,17412,17285,17283,17533,17525,17529,17505,17509,17504,17518,17508
17500,17512,17513,17511,17526,17522,17520,17531,17503,17621,17279,17468,17487,17415,17408,17412,17642,17644,17544,17627
17622,17629,17624,17289,17391,17392,17394,17388,17428,17424,17431,17432,17423,17426,17434,17660,17656,17664,17671,17668
17676,17666,17675,17659,17673,17670,17579,17279,17474,17379,17378,17373,17375,17381,17509,17504,17518,17368,17369,17372
17598,17597,17595,17593,17615,17279,17474,17483,17481,17469,17484,17475,17472,17496,17493,17498,17332,17338,17341,17337
17334,17502,17530,17479,17279,17474,17483,17481,17469,17484,17475,17472,17496,17493,17498,17332,17338,17341,17337,17334
17502,17530,17519,17524,17385,17386,17615,17325,17269,17323,17321,17315,17322,17318,17550,17548,17554,17568,17559,17560
17549,17546,17551,17410,17420,17417,17414,17411,17486,17480,17279,17357,17436,17692,17398,17401,17400,17577,17574,17572
17587,17694,17684,17688,17295,17294,17296,17670,17579,17428,17424,17537,17535,17539,17541,17331,17330,17327,17609,17604
17605,17286,17288,17461,17457,17467,17617,17353,17618,17459,17460,17403,17366,17607,17564,17313,17640,17635,17638,17698
17685,17702,17690,17697,17700,17295,17294,17296,17670,17579,17429,17387,17395,17393,17396,17390,17446,17450,17444,17449
17443,17491,17492,17360,17359,17362,17364,17542,17545,17643,17641,17479,17471,17478,17473,17476,17485,17470,17482,17477
17279,1751,1825,1823,1816,1776,1621,1616,1799,1821,1827,1658,1697,1693,1853,1651,1653,1655,1642,1734
1736,1793,1766,1619,1774,1839,1829,1638,1751,1825,1823,1816,1776,1621,1616,1799,1821,1827,1658,1697
1693,1853,1651,1653,1655,1642,1734,1736,1793,1766,1619,1774,1839,1829,1662,1751,1825,1823,1816,1776
1621,1616,1799,1821,1827,1658,1697,1693,1853,1651,1653,1655,1642,1734,1736,1793,1766,1619,1774,1839
1829,1662,1662,1638,17579,17297,17293,17298,17689,17683,17695,17703,17576,17573,17575,17578,17399,17402,17397,17693
17437,17357,17579,17297,17293,17298,17689,17683,17695,17703,17576,17573,17575,17578,17677,17678,17620,17619,17488,17574
17572,17587,17694,17684,17688,17295,17294,17296,17670,17579,17579,17297,17293,17298,17701,17687,17704,17696,17301,17580
17586,17583,17581,17589,17591,17278,17266,17354,17347,17602,17613,17286,17288,17425,17427,17435,17422,17430,17421,17429
17350,17351,17348,17291,17292,17650,17647,17646,17454,17639,17636,17679,17682,17346,17343,17409,17407,17486,17480,17279
17579,17297,17293,17298,17701,17687,17704,17696,17686,17699,17691,17634,17314,17563,17610,17611,17404,17456,17462,17458
17617,17353,17618,17466,17463,17464,17465,17287,17614,17612,17608,17326,17328,17329,17540,17538,17536,17430,17421,17429
17579,17654,17616,17280,17566,17567,17273,17271,17441,17277,17579,17662,17658,17674,17667,17661,17669,17665,17663,17657
17655,17433,17425,17427,17435,17422,17430,17421,17429,17387,17395,17393,17396,17291,17625,17628,17623,17626,17545,17643
17641,17405,17409,17407,17486,17480,17279,17615,17383,17384,17513,17511,17526,17522,17520,17531,17335,17336,17340,17339
17333,17497,17494,17495,17473,17476,17485,17470,17482,17477,17279,17615,17383,17592,17594,17596,17599,17371,17370,17367
17501,17528,17382,17376,17374,17377,17380,17477,17279,17621,17440,17517,17527,17521,17502,17530,17519,17524,17514,17507
17523,17515,17501,17528,17510,17506,17532,17534,17516,17282,17284,17405,17409,17407,17486,17480,17279,17642,17644,17544
17543,17365,17363,17358,17361,17489,17490,17448,17442,17445,17451,17447,17389,17391,17392,17394,17388,17428,1767,1773
1848,1646,1770,1687,1648,1791,1624,1837,1796,1767,1831,1650,1613,1800,1853,1651,1653,1655,1642,1734
1736,1793,1766,1618,1770,1687,1648,1791,1624,1837,1796,1767,1831,1650,1613,1800,1853,1651,1653,1655
1642,1734,1736,1793,1766,1619,1771,1687,1648,1791,1624,1837,1796,1767,1831,1650,1613,1800,1695,1698
1656,1753,1779,1814,1787,1627,1629,1776,1621,1616,1799,1821,1827,1658,1697,1693,1853,1651,1653,1655
1642,1734,1736,1793,1766,1619,1774,1839,1829,1662,17782,18045,671,17996,17727,385,17814,17812,17813,17786
17787,17788,17949,17902,17903,17977,17969,17976,18046,17815,17960,17795,17916,18034,18020,18035,17955,17952,17957,17815
17960,17795,17916,18034,18020,18035,17955,17952,17958,17971,17914,17943,17780,17778,18058,18060,17873,17871,17868,17870
18046,17815,18056,18057,17894,17887,17885,17967,17978,17957,17815,18056,18057,17894,17887,17885,17967,17978,17957,17971
17972,18049,17944,17939,17940,17934,17938,17947,18046,17831,17896,17989,17983,17924,17921,17918,17922,17926,17846,17851
17847,17835,17836,17841,17844,17843,17848,17837,17849,17842,17840,17839,17850,17834,17838,17852,17845,17728,17735,17737
17733,17731,17730,17741,17861,17865,18046,17831,17896,18007,18002,18053,17799,17798,17708,18005,18010,18013,17998,17999
18011,17934,17938,17947,18046,17837,17849,17842,17840,17839,17850,17834,17838,17852,17814,17812,17813,17786,17787,17788
17977,17734,17738,17736,17743,17739,17919,17923,17927,17920,17925,17990,17725,17766,17760,17721,17723,17910,17854,17855
17856,17930,17931,17785,17789,17791,17876,17790,17705,17877,17880,17881,17879,17980,17877,17880,17881,17879,17854,17855
17856,17930,17931,17785,17789,17791,17876,17790,17705,17877,17883,17880,17881,17879,17980,17877,17880,17881,17879,17882
17762,17928,17929,17932,17962,17963,17897,17757,18054,18055,18061,17784,17790,17705,17877,17883,17880,17881,17879,17980
17981,17783,17879,17854,17855,17856,17930,17931,17785,17789,17791,17790,17705,17879,17882,17762,17928,17929,17932,17962
17963,17897,17757,18054,18055,18061,17784,17790,17705,17879,17980,17981,17783,17881,17879,17882,17762,17928,17929,17932
17962,17963,17897,17757,18054,18055,18061,17784,17790,17705,17893,17889,17890,17886,17891,17959,17875,17874,17858,17857
18015,17794,17793,17888,17967,17978,17957,17893,17889,17890,17886,17891,17959,17875,17874,17858,17857,18015,17794,17793
17888,17967,17978,17957,17971,17972,18051,18048,17750,17749,17753,17711,17713,17824,18046,17895,17782,17895,17782,18045
671,17996,17727,385,17901,17761,17763,17905,17909,17912,17717,17722,17720,17718,17759,17767,17764,17823,17822,17826
17827,17831,17896,17989,17983,17924,17921,17918,17922,17926,17846,17851,17847,17835,17836,17841,17844,17843,17848,17837
17901,18044,18042,17933,17904,18034,18020,18035,17955,17952,17958,17971,17972,18051,18048,17750,17749,17753,17711,17802
17806,17769,17965,18046,1791,1624,1837,1796,1767,1831,1650,1613,1800,1695,1698,1656,1753,1779,1814,1787
1627,1629,17950,17775,17777,18046,17950,17775,17777,18046,671,17956,17974,17979,17968,17970,17893,17957,17752,17747
17744,18016,18032,18026,18031,18022,18036,18019,18025,18040,18028,18038,18037,18017,17820,17818,17828,17817,17824,17966
17768,17756,17951,18046,17957,17953,17954,18036,18019,17917,17796,17961,17948,17816,17815,17958,18046,17776,17775,1709
17980,17981,17884,17878,17705,17790,17705,17877,17880,17881,17879,17854,17855,17856,17930,17931,17785,17789,17791,17876
17790,17705,17877,17994,671,1670,17994,671,17996,17975,18046,17776,17775,1709,18045,671,18045,671,17727,385
18045,671,17996,17727,385,18046,17776,17775,1709,18046,17776,17775,17846,17814,18046,17776,17775,17878,17770,385
18046,17776,17775,17878,385,18046,17776,17775,17950,18046,17832,17825,17817,17712,17710,17748,17754,17755,17751,18047
17964,17973,17956,17974,17979,17968,17970,17893,18046,17832,17825,17829,17819,17821,18018,18029,18039,18027,18021,18041
18034,18020,18035,18023,18030,18033,18024,17745,17746,17957,18046,17866,17863,17862,17860,17864,17740,17729,17742,17732
17734,17738,17736,17743,17739,17919,17923,17927,17826,17827,17831,18046,17869,17867,17872,18059,17779,17781,17936,17913
17915,17973,17957,17953,17954,18036,18019,17917,17796,17961,17948,17816,17815,18046,17870,17776,17775,17878,17770,385
18046,17946,17937,17935,17941,17942,17945,18050,17964,17973,17956,17974,17979,17968,17970,17892,17773,17774,17772,17758
17859,17853,17815,18046,17946,17937,17935,18003,18012,18000,18006,17997,18014,18009,18004,17707,17797,17800,18052,18001
18008,17989,17983,17990,17725,17766,17760,17716,17719,17715,17714,17833,17830,17823,17822,17826,17827,17831,18046,17966
17807,17710,17748,17754,17755,17751,18047,17964,17973,17956,18046,17966,17807,17710,17748,17754,17755,17751,18047,17964
17973,17956,17953,17954,18036,18019,17917,17908,17709,18043,17900,17899,17706,17761,17763,17905,17909,17912,17717,17722
17720,17718,17759,17724,17982,17984,17987,17988,17993,17986,17808,17810,17804,17802,17806,17769,17965,18046,18046,17966
17807,17801,17803,17811,17805,17809,17985,17992,17991,17989,17983,17990,17725,17766,17760,17721,17723,17910,17907,17911
17906,17765,17898,17901,18044,18042,17933,17904,18034,18020,18035,17955,17952,17957,18046,17966,17807,17801,17803,17811
17805,17809,17985,17992,17991,17989,17983,17990,17725,17766,17760,17721,17723,17910,17907,17911,17906,17765,17898,17901
18044,18042,17933,17904,18034,18020,18035,17955,17952,17958,17971,17972,18051,18048,17750,17749,17753,17711,17802,17806
17769,17965,18046,18046,17974,17995,671,17994,18106,18472,18531,19084,18215,18218,18213,18217,18210,18590,18592,18591
19255,19252,18870,18656,18657,18654,18853,18855,18857,19249,19244,19248,19250,19247,19256,19254,381,18156,18160,18184
18138,18147,18167,18148,18171,18502,18507,18427,19121,19125,19126,18263,1823,1816,1776,1621,1616,1799,1821,1827
1658,1697,1693,1853,1651,1653,1655,1642,1734,1736,1793,1766,1619,1774,1839,1829,1662,18307,18333,18315
18348,18328,18340,18344,18298,18341,18306,18326,18301,18346,18323,18311,18332,18349,18318,18331,18302,18309,18342,18320
18345,18369,18365,18691,18696,18682,18686,18695,18685,18694,18687,18413,18411,18558,18566,18564,18562,18556,18981,18976
18975,18979,18972,18977,18097,18098,18087,18080,18103,18093,18088,18095,18073,18100,18091,18086,18078,18076,18074,18089
18094,18526,18402,18622,18365,18891,18596,18595,18477,18478,18682,18686,18695,18685,18694,18667,18661,18663,18664,18670
18659,18471,18470,18125,18121,19147,19150,583,18887,18819,18814,18815,18817,18811,18822,376,18366,18376,18378,18343
18321,18542,19236,19114,18396,18398,18544,18488,18367,18546,18553,18545,18513,18550,18516,18515,18369,18367,18986,18953
19227,19235,19229,19231,19233,19223,18607,18606,18603,18604,18599,19217,19218,19214,19213,19220,18329,18304,18312,19143
19156,19153,19167,19157,19164,19166,19145,19160,19159,19163,19169,19140,19148,19147,19150,575,18368,18339,18319,18308
18310,18324,18299,18317,18329,18304,18312,18303,18350,18300,18327,18305,18335,18297,18295,18325,18351,18347,18314,18330
18296,18334,18291,18620,18619,18618,18617,18336,18307,18368,18339,18319,18308,18310,18324,18299,18317,18329,18304,18312
18303,18350,18300,18327,18305,18335,18297,18295,18325,18351,19209,18368,18339,18319,18308,18310,18324,18299,18317,18329
18304,18312,18303,18350,18300,18327,18305,18335,18297,18295,18325,18351,19209,19210,18963,18961,18965,1837,1796,1767
1831,1650,1613,1800,1695,1698,1656,1753,1779,1814,1787,1627,1629,1837,1796,1767,1831,1650,1613,1800
1853,1651,1653,1655,1642,1734,1736,1793,1766,1618,18370,18363,18584,18583,18539,18493,18395,18931,18944,18939
18924,18932,18923,18927,18937,18942,18933,18945,18925,18920,18970,18401,18402,18622,18371,18691,19119,19020,19022,19018
19019,19023,19021,19118,18696,18682,18864,18860,18861,18859,18871,18874,19159,19163,19169,19140,19148,18123,18122,18124
18647,18649,18650,18371,18986,19006,19009,18653,18537,18337,18616,18631,18626,18624,18629,18627,18864,18860,18861,18859
18871,18874,19159,19163,19169,19140,19148,18123,18122,18124,18647,18649,18650,18371,18986,19006,19009,18653,18537,18337
18616,18631,18626,18624,18629,18627,18864,18860,18861,18859,18871,18874,19159,19163,19169,19140,19148,19147,19150,580
18372,18363,18364,18292,18894,18487,18893,18395,18280,18269,18282,18277,18271,18283,18278,18285,18274,18289,18287,18281
18790,19181,18789,18892,18581,18580,18579,18969,19197,18527,18078,18076,18074,18089,18094,18526,18402,18622,18373,18546
18553,18545,18513,18550,18551,18547,19074,19076,19073,19077,19081,18905,18899,18901,18895,18896,18904,18907,18987,18847
18374,18363,18584,18583,18539,19176,18494,18497,18498,19225,19230,18541,18294,18316,18322,18890,18374,18375,18377,18379
18602,18600,18598,18605,18601,19224,19234,19226,19232,19228,18950,19007,18516,18515,18369,18405,18407,18404,18408,19066
19069,19060,19058,19061,18808,18802,18806,377,18436,19109,19110,19112,19111,18554,18555,18483,18481,18480,18484,18482
19050,19037,19042,19116,19117,18262,18256,18260,18261,18251,18265,18264,18253,18255,18257,18252,18250,18614,18249,18254
18259,18258,19124,19122,19123,18428,18433,18420,18421,18417,18419,18425,19036,19046,18105,18466,18424,18234,18241,19026
18136,18134,18982,18485,18391,18397,18392,18522,18523,18388,18385,18386,18399,18400,18561,18355,18412,18414,18681,18224
18225,18222,18358,579,18834,18836,18842,18844,18845,18839,18804,384,18488,18490,18391,18397,19115,19225,19230,18541
18294,18316,18322,18890,18369,18582,18729,18728,18752,18747,18738,18734,18724,18745,18736,18733,18725,18744,18229,18908
18912,18911,18910,18909,18228,18640,18639,18641,18643,18646,18645,18644,18642,18578,19182,19183,19003,19005,19004,18913
18914,18916,18915,18104,19052,18908,18594,18573,18570,18572,18574,19179,19178,19180,19177,18525,18524,18575,18576,18063
18064,18765,18783,18777,18787,18771,18780,18571,18594,18778,18773,18770,18785,18772,18788,18774,18767,18776,18781,18062
18226,19085,18594,18778,18716,18701,18717,18710,18721,18722,18704,18703,18719,18712,18699,18709,18707,19104,19090,19087
19091,19103,18697,18714,18746,18726,18735,18729,18728,18752,18747,18738,18734,18724,18745,18736,18733,18725,18744,18229
18594,18778,18716,18701,18717,18710,18721,18722,18704,18703,18719,18712,18699,18709,18707,19104,19090,19087,19091,19103
18697,18714,18746,18726,18735,18729,18728,18752,18747,18738,18734,18724,18745,18736,18733,18725,18744,18229,18908,18594
18778,18716,18701,19088,19100,19096,19107,19108,19101,19105,18999,19095,19093,19087,18610,18609,18409,18410,18406,18405
18407,18404,18408,19066,19069,19070,19056,19054,18799,18800,18796,18821,18812,18610,18609,19069,19070,19056,19054,18799
18800,18796,18821,18812,18621,18129,18131,18130,18132,18133,18077,18084,18090,18083,18101,18082,18072,18081,18092,18102
18085,18075,18096,18099,18079,18980,18974,18978,18567,18557,18569,18563,18568,18565,18355,18412,18414,18681,18688,18693
18692,18684,18690,18683,18689,18540,18890,18369,18621,18129,18131,18130,18132,18133,18077,18084,18090,18083,18101,18929
18940,18930,18382,18383,18391,18397,19115,18839,18804,382,18621,18129,18131,18130,18132,18133,18077,18527,19198,18968
18892,18581,18580,18579,18967,18790,19181,18789,18279,18288,18275,18272,18286,18290,18284,18276,18273,18270,18268,18930
18382,18292,18894,18489,18893,18293,18362,18361,18890,18369,18621,18526,18403,18921,18926,18936,18755,18120,18115,18118
18127,18985,18984,18847,18621,18526,18403,18921,18926,18936,18755,18120,18115,18118,18984,18847,18621,18526,18403,18921
18926,18941,18943,18919,18936,18757,18763,18755,18113,18107,18110,18109,18793,18791,18794,18929,18940,18930,18382,18292
18894,18491,18391,18397,19185,19186,19188,18762,19127,18980,18974,18978,18567,18557,18569,18563,18568,18565,18355,18354
18197,18381,19222,18356,18199,18959,18954,18956,18884,18880,18886,18885,576,18621,18526,18403,18921,18926,18941,18943
18919,18938,18928,18922,18935,18934,18929,18940,18930,18382,18492,18538,18585,18362,18361,18890,18369,18650,18648,18867
18868,18858,18875,18866,18695,18685,18694,18667,18661,18663,18664,18670,18659,18471,18470,18125,18121,19147,19150,575
18650,18648,18867,18868,18858,18875,18866,18863,18625,18628,18630,18623,18615,18338,18313,18536,18652,19008,19010,18516
18515,18369,18650,18648,18867,18868,18858,18875,18866,18863,18690,18476,18479,18475,18474,18597,18890,18369,18650,18648
18867,18868,18858,18875,18866,18863,18690,18683,18689,19119,19020,19022,19018,19019,19023,19021,19118,18540,18890,18369
18651,18729,18728,18752,18747,18738,18734,18724,18745,18736,18733,18725,18744,18229,18908,18912,18911,18910,18909,18228
18640,18639,18641,18643,18646,18645,18644,18642,18578,19182,19183,19003,19005,19004,18913,18914,18916,18915,18104,19052
18908,18657,18654,18853,18855,18857,19249,19244,19248,19250,19247,19256,19254,18466,18424,18234,18241,19026,18136,18134
18982,18658,18655,18869,19063,19064,18857,19249,19244,18587,18586,18674,19250,19247,19256,19254,379,18807,18805,19170
18876,18878,18188,18193,18194,18187,18190,19136,19133,19000,19001,1870,1873,1869,1866,2970,4332,4323,4335,4325
4326,4328,4329,2052,2424,2419,2411,2414,2425,4543,4536,4533,4550,4535,4538,4547,4549,2154,4545,2413
2422,2430,1870,1873,1869,1866,2970,4332,4323,4335,4325,4326,4328,4329,2052,2424,2419,2411,2414,2425
4543,4536,4533,4550,4535,4538,4547,4549,2154,4545,2413,2422,4709,4719,4716,4712,4587,4583,4589,4584
3317,3302,3320,2497,5029,4715,1876,4422,4388,4419,1859,1858,1856,4133,2318,2315,2312,2310,2308,3557
3554,4202,2251,4212,4209,4208,4204,2769,2762,2766,3171,3174,3806,3811,3397,1876,4422,4388,4419,1859
1858,1856,4133,2318,2315,2312,2310,2308,3557,3554,4202,2251,4212,4209,4208,4204,2769,2762,2766,3171
3174,3806,3811,3397,3395,3384,3388,3398,3400,3391,3404,3385,3612,3347,3346,3348,3846,3449,1877,4389
1911,1910,1908,1906,1903,3641,3639,3633,3637,2287,2307,18810,18952,18951,18996,379,18807,18805,19170,18876
18878,18188,18193,18194,18187,18190,19136,19133,19131,19135,19130,18632,18267,18266,19067,19072,18450,18464,18449,18577
18416,18415,19132,19138,19134,19000,19001,18812,18801,18797,18798,19053,19055,18826,18610,18609,18409,18410,18406,18405
18848,18989,18988,18906,18903,18897,18898,18902,18900,18964,19080,19078,19082,19083,19075,18552,18548,18549,18514,18360
18516,18515,18369,18849,18117,18116,18119,18754,18937,18925,18920,18401,18402,18622,18849,18117,18116,18119,18754,18937
18925,18920,18401,18622,18849,18983,18128,18126,18117,18116,18119,18754,18937,18925,18920,18401,18402,18622,18849,18983
18128,18126,18117,18116,18119,19079,18908,18227,18743,18740,18727,18739,18742,18750,18753,18737,18748,18730,18731,18732
18741,18749,18751,18715,18698,19104,19090,19087,19091,19103,18706,18708,18700,18711,18702,18705,18723,18720,18718,18713
18779,18594,18908,18912,18911,18910,18909,18228,18640,18639,18641,18643,18646,18645,18644,18642,18578,19182,19183,19003
19005,19004,18913,18914,18916,18915,18104,19052,18908,18227,18743,18740,18727,18739,18742,18750,18753,18582,18741,18749
18751,18715,18698,18706,18708,18700,18711,18702,18705,18723,18720,18718,18713,18779,18594,18908,18912,18911,18910,18909
18228,18640,18639,18641,18643,18646,18645,18644,18642,18578,19182,19183,19003,19005,19004,18913,18914,18916,18915,18104
19052,18908,18227,18743,18740,18727,18739,18742,18750,18753,18737,18748,18730,18731,18732,18741,18749,18751,18715,18698
18706,18708,18700,18711,18702,18705,18723,18720,18718,18713,18779,18594,18908,18912,18911,18910,18909,18908,18965,18966
18633,18634,18635,18962,18960,19212,19211,19208,18348,18328,18340,18344,18298,18341,18306,18326,18301,18346,18323,18311
18332,18349,18318,18331,18302,18309,18342,18320,18345,18369,18971,18201,18208,18677,18678,18068,18070,18066,18067,18065
18069,18071,19120,18422,18423,18432,18506,18159,18971,18201,18208,18679,19044,19034,18176,18180,18141,18164,18143,18169
18145,18166,18155,18157,18418,18431,18430,18434,19036,19046,18529,19025,18982,18134,18231,18136,19026,18232,18242,18425
18466,18982,18134,18231,18136,19026,18232,18242,18425,18466,19245,19257,19251,19246,19258,18856,18854,18851,18658,19001
19137,19129,19139,18191,18186,18195,18192,18189,18877,19171,18806,383,19245,19257,18676,18672,18675,18673,18671,18587
18586,19251,19246,19258,18856,18854,19062,18608,18852,18658,19025,18530,18528,19051,19035,18435,18429,18426,18153,18142
18154,18165,18144,18170,18174,18168,18181,19033,19039,19032,19043,18680,18204,18207,18203,18206,18202,18205,18200,19194
19195,19193,19192,19196,19191,18510,18509,18511,1066,19026,18530,18528,18105,19051,19035,18435,18429,18426,18153,18142
18154,18165,18144,18170,18174,18168,18181,18231,19026,19026,19113,18146,18163,18150,18152,18158,18179,18178,18177,18162
18139,18183,18161,18182,18175,18172,18504,18501,18505,18512,1069,19026,19113,18146,18163,18150,18152,18158,18179,18178
18177,18162,18139,19241,19239,19238,18519,18518,18521,18175,18172,18504,18501,18505,18512,1069,19027,18232,18242,18235
18233,18534,18533,19038,19041,19047,18230,18245,18238,18247,18248,18466,19030,19031,19049,18991,18992,18993,18451,18442
18445,18443,18440,18447,18452,18461,18454,18437,18462,18460,18456,18448,19071,19066,19069,19060,19058,19061,18808,18802
18806,375,19079,18120,18115,18118,18984,18847,19085,18973,18782,18768,18775,18786,18766,18784,18769,18779,18594,18573
18570,18572,18574,19179,19178,19180,19177,18525,18524,18575,18576,18063,18064,18765,18783,18777,18787,18771,18780,18571
18594,19087,19092,19094,18999,19106,19102,19098,19097,19099,19089,18713,18779,18594,18573,18570,18572,18574,19179,19178
19180,19177,18525,18524,18575,18576,18063,18064,18765,18783,18777,18787,18771,18780,18571,18594,1915,2733,2731,3405
3077,3088,3078,3075,3085,3073,3070,3091,3072,3096,3092,3094,3081,3065,2489,4687,4682,4685,3099,3083
3067,3062,1920,1932,1914,1924,1931,1935,2813,2815,2817,2018,2020,2035,2037,2161,2015,19205,19206,19203
19201,19204,19199,19202,19200,18997,18998,18917,18918,19207,18764,19017,19014,19002,19086,19175,19174,19172,19173,18468
18469,18467,18947,18949,18946,18948,18764,19015,19013,19016,19011,19012,18824,18825,18826,19060,19058,19061,18808,18802
18806,384,19205,19206,19203,19201,19204,19199,19202,19200,18997,18998,18917,18918,19207,18764,19017,19014,19002,19086
19175,19174,19172,19173,18468,18469,18467,18947,18949,18946,18948,18764,19015,19013,19016,19011,19012,18824,18825,18826
19060,19058,19061,18808,18802,18806,384,18821,18812,19209,19210,18637,18636,18638,18328,18340,18344,18298,18341,18306
18326,18301,18346,18323,18311,18332,18349,18318,18331,18302,18309,18342,18320,18345,18369,19269,19270,19357,19456,19458
19464,19459,19463,19454,19420,19295,19460,19388,19380,19320,19322,19306,19319,19317,19428,19656,7177,1348,19280,19491
19493,19497,19486,19516,19490,19495,19487,19498,19399,19400,19624,19621,19398,19507,19303,19280,19491,19493,19497,19486
19516,19490,19495,19487,19498,19618,19617,19502,19401,19410,19413,19304,19506,19508,19283,7218,7226,7221,7220,7224
7214,7219,7325,19309,19307,19311,19308,19310,7419,7418,7198,7197,7332,7337,7333,7335,7338,7267,7275,7265
7266,7272,7273,7268,7368,515,19283,7218,7226,7221,7220,7224,7214,7219,7325,7419,7418,7198,7197,7332
7331,7196,7199,19541,19546,19547,19483,19473,19482,19479,19474,19267,19478,19543,19282,19289,19283,7218,7226,7221
7220,7224,7214,7219,7325,7419,7418,7198,7197,7332,7337,7333,7335,7338,7267,7275,7265,7266,7272,7273
7268,7368,515,19283,7218,7226,7221,7220,7224,7214,7219,7325,7419,7418,7198,7197,7332,7337,7333,7335
7338,7267,7275,7265,7266,7272,7273,7268,7453,19510,19509,7212,7392,7454,7368,7320,19312,19358,19264,515
19285,19628,19640,19638,19642,19650,19634,19648,19626,19653,19637,19647,19632,19630,19627,19645,7368,19621,19398,19508
19289,19542,19544,19477,19268,19475,19480,19481,19472,19476,19548,19545,19549,7198,7197,7332,7331,7196,7199,7417
7322,7324,7216,7227,7223,7215,7222,7225,19283,19300,19302,19593,19511,19564,19562,19560,7384,7189,7186,7188
7182,7180,7179,512,19304,19506,19397,19622,19623,19620,19615,19263,19488,19484,19489,19516,19485,19496,19494,19492
19280,19335,19329,19431,19277,19278,19273,19271,19338,19339,19344,19350,19346,19341,19349,19354,19352,19347,19355,19612
19613,19610,19608,7444,7441,7431,7435,7432,7259,7387,7390,7391,19451,19356,19558,19500,19467,19286,19595,19601
19292,19585,19577,19518,19499,19590,19552,19556,19587,19583,19567,19569,19574,19596,19281,19599,19594,19581,7404,7384
7189,7186,7188,7182,7180,7179,512,19356,19558,19500,19467,19595,19601,19292,19585,19577,19518,19499,19590,19552
19556,19587,19583,19567,19569,19574,19596,19281,19599,19594,19581,7404,7384,7189,7186,7188,7182,7180,7179,512
19368,19366,19360,19293,19420,19295,19423,19388,19380,19381,19386,19384,513,7173,19313,7208,7307,19368,19439,19625
19360,19293,19420,19295,19423,19388,19380,19381,19386,19384,513,7173,19313,7208,7307,1944,3786,3789,3765,3770
3776,3774,3793,3758,3757,3755,3752,3750,3748,3747,3785,3743,3782,2975,4828,4842,4826,4834,4836,3016
4820,4839,3515,3516,3520,1944,3786,3790,3765,3770,3776,3774,3793,3758,3757,3755,3752,3750,3748,3747
3785,3743,3782,2975,4828,4842,4826,4834,4836,3016,4820,4839,3515,3516,3520,19451,19521,19519,19532,19530
19527,19522,19524,19533,19440,19447,19450,19445,19443,19539,19538,19324,19327,7388,7260,7433,7434,7430,7440,7445
7437,7443,7439,7276,19435,19332,19331,19333,19335,19329,19431,19272,7326,7319,19360,19293,19420,19295,19423,514
19451,7386,7389,7388,19504,19505,7276,7192,7326,7319,7450,7362,515,7321,7367,7455,7416,7325,19451,7386
7389,7388,7260,7433,7434,7430,7403,7402,19514,19513,19262,19261,19515,7401,7440,7445,19609,19611,19614,19352
19347,19355,19342,19353,19348,19340,19345,19351,19343,19471,19337,19274,19279,19276,19275,19426,19373,19364,19361,19372
19376,19371,19369,19416,19417,19414,19430,19429,19438,19437,19366,19360,19394,19391,19390,19396,19388,19380,19320,19322
19306,19319,19317,19428,19656,7177,512,19451,7386,7389,7388,7260,7433,7434,7430,7403,7402,19514,19513,19262
19261,19515,7401,7440,7445,19609,19611,19614,19352,19347,19355,19342,19353,19348,19340,19345,19351,19343,19471,19337
19274,19279,19276,19275,19432,19328,19332,19331,19333,19335,19451,7386,7389,7388,7260,7433,7434,7430,7440,7445
19609,19611,19614,19352,19347,19355,19342,19353,19348,19340,19345,19351,19343,19471,19337,19274,19279,19276,19275,19426
19373,19364,19361,19372,19376,19371,19369,19416,19417,19414,19430,19429,19438,19437,19366,19360,19394,19391,19390,19396
19388,19380,19320,19322,19306,19319,19317,19428,19656,7177,512,19451,7386,7389,7388,7260,7433,7434,7430,7440
7445,19609,19611,19614,19352,19347,19355,19342,19353,19348,19340,19345,19351,19343,19471,19337,19274,19279,19276,19275
19432,19328,19332,19331,19333,19335,19508,19397,7367,19644,19654,19636,19631,19635,19652,19646,19649,19633,19651,19643
19639,19641,19284,19285,19629,19655,19508,19507,19303,19305,19412,19409,19411,19501,19616,19619,19508,19507,19303,19305
19412,19409,19411,19501,19616,19619,19615,19263,19488,19484,19489,19516,19485,19496,19494,19492,19280,19509,7212,7392
19644,19654,19636,19631,19635,19652,19646,19649,19633,19651,19643,19639,19641,19629,19655,19550,7171,7302,7176,7307
7303,7305,7232,7229,7330,7285,7177,512,7178,7181,7183,7187,7185,7190,7385,7404,19580,19598,19597,19555
19566,19568,19603,19290,19582,19589,19588,19557,19551,19573,19590,19552,19556,19587,19583,19567,19569,19574,19596,19281
19599,19594,19581,7404,19590,19552,19556,19587,19583,19567,19569,19574,19596,19281,19599,19594,19581,7404,19561,19592
19563,19512,19259,19301,19553,19591,19584,19605,19288,19535,19536,19660,19572,19576,19571,19312,19358,19264,1348,19590
19552,19556,19587,19583,19567,19569,19574,19596,19281,19599,19594,19581,7404,7384,7189,7186,7188,7182,7180,7179
513,7173,7329,7228,7230,7231,7304,7306,7308,7211,19550,19607,19336,19359,19372,19376,19371,19369,19416,19417
19414,19430,19429,19438,19437,19366,7362,512,19655,19628,19640,19638,19642,19650,19634,19648,19626,19653,19637,19647
19632,19630,19627,19510,19509,19655,19628,19640,19638,19642,19650,19634,19648,19626,19653,19637,19647,19632,19630,19627
19645,7368,19621,19398,19508,19687,19684,19683,19681,19679,19690,19677,19689,19689,19669,19663,19665,19667,19697,19698
19699,19670,19673,19672,19675,19674,19693,19702,19696,19695,19694,19689,19669,19663,19665,19667,19697,19698,19699,19670
19673,19672,19675,19674,19693,19702,19696,19695,19694,19676,19700,19666,19664,19662,19668,19689,19689,19692,19691,19678
19680,19701,19688,19682,19685,19686,19671,19689,19692,19691,19678,19680,19701,19688,19682,19685,19686,19671,19687,19684
19683,19681,19679,19690,19677,19689,19718,19721,19727,19726,19722,19720,19723,19840,19847,19833,19844,19837,19832,19830
19839,19761,19757,19767,19764,19763,19760,19815,19773,19814,1972,2013,5053,5056,3620,3618,4629,4644,4647,2233
2231,2229,2227,2225,2223,2220,2218,2216,2214,2213,2209,2206,2205,2203,2211,3685,3694,3344,3623,2549
2545,2199,2197,2400,2397,2395,2393,2140,2139,2145,1972,2013,5053,5056,3620,3618,4629,4644,4647,2233
2231,2229,2227,2225,2223,2220,2218,2216,2214,2213,2209,2206,2205,2203,2211,3685,3694,3344,3623,2549
2545,2199,2197,2400,2397,2395,2393,2140,2139,2145,2142,2772,3654,1972,2013,5053,5056,3620,4729,4741
4641,4628,5080,5081,3519,2261,2253,1861,3615,2503,2501,2505,2333,1355,3930,19725,19718,19714,19821,19818
19819,19823,19828,19795,19814,19725,19721,19727,19726,19722,19720,19723,19840,19847,19833,19844,19837,19832,19830,19839
19841,19791,19780,19789,19785,19776,19783,19781,19773,19795,19814,19736,19737,19849,19717,19711,19811,19853,19812,19709
19710,19739,19738,19824,19704,19829,19750,19752,19749,19748,19751,19817,934,19739,19707,19807,19809,19810,19808,19771
19769,19770,19736,19737,19849,19717,19711,19811,19853,19812,19709,19710,19739,19739,19707,934,19850,19734,19732,19755
19756,19814,19827,19822,19820,19825,19848,19716,19713,19712,19715,19721,19727,19726,19722,19720,19723,19840,19847,19833
19844,19837,19832,19740,19739,19805,19796,19803,19797,19799,19798,19804,19800,19739,19805,19796,19803,19797,19799,19798
19804,19800,19806,19802,19801,19739,19740,19836,19845,19831,19838,19843,19835,19834,19846,19724,19728,19719,19729,19725
19740,19836,19845,19831,19838,19843,19835,19834,19846,19724,19728,19719,19729,19725,19718,19721,19727,19726,19722,19720
19723,19840,19847,19833,19844,19837,19832,19830,19839,19761,19757,19767,19764,19763,19760,19815,19773,19814,19740,19836
19845,19831,19838,19843,19835,19834,19846,19724,19728,19719,19729,19725,19721,19727,19726,19722,19720,19723,19840,19847
19833,19844,19837,19832,19830,19839,19841,19791,19780,19789,19785,19776,19783,19781,19773,19795,19814,19740,19845,19831
19838,19843,19835,19834,19846,19724,19728,19719,19729,19725,19718,19714,19821,19818,19819,19823,19828,19795,19814,19740
19845,19831,19838,19843,19835,19834,19846,19724,19728,19719,19729,19725,19718,19714,19821,19818,19819,19823,19828,19795
19814,19733,19852,19851,19731,19739,19791,19780,19789,19785,19776,19783,19781,19773,19795,19814,19730,19759,19765,19762
19766,19758,19842,19836,19845,19831,19838,19843,19835,19834,19846,19724,19728,19719,19729,19725,19794,19703,19775,19787
19772,19784,19791,19780,19789,19785,19776,19783,19779,19781,19773,19795,19814,19799,19798,19804,19753,19754,19800,19806
19802,19801,19739,19708,934,19799,19798,19804,19800,19806,19802,19801,19739,19799,19798,19804,19800,19806,19802,19801
19739,19708,934,19814,19730,19759,19765,19762,19766,19758,19842,19836,19845,19831,19838,19843,19835,19834,19846,19724
19728,19719,19729,19725,19718,19741,19735,19744,19746,19821,19818,19819,19823,19828,19795,19814,19814,19733,19852,19851
19731,19739,19707,934,19814,19768,19778,19782,19777,19790,19788,19774,19813,19792,19786,19793,19794,19814,19827,19822
19820,19825,19848,19716,19713,19712,19715,19721,19727,19726,19722,19720,19723,19840,19847,19833,19844,19837,19832,19830
19839,19761,19757,19767,19764,19763,19760,19815,19773,19795,19814,19814,19827,19822,19820,19825,19848,19716,19715,19721
19727,19726,19722,19720,19723,19840,19847,19833,19844,19837,19832,19830,19839,19761,19757,19767,19764,19763,19760,19755
19756,19814,19881,19877,19879,20397,19897,19895,20430,20434,20253,20255,20259,20260,20263,20264,20256,20437,20101,20249
20251,20246,20250,20248,20252,20247,20399,20400,20440,20229,20227,20486,20180,20179,20182,20175,20169,20171,20048,19882
20126,20127,20129,20124,20125,20128,20041,20397,20426,20438,20430,20434,20432,20427,20437,20101,20105,20099,20102,20097
20237,1065,19899,19901,19908,19900,19951,19964,19963,19956,19903,19898,19904,19958,19967,19935,19932,19931,19869,19867
19864,20444,20451,20447,1990,2007,1973,2001,2004,2003,1998,1994,1991,1989,1985,1980,1978,2885,4195,4192
4196,4193,4460,3696,3710,3699,3707,3701,4981,4979,4078,4074,4070,4065,2794,2801,2808,2805,2799,2810
4693,4701,4706,4702,4703,4696,2245,2246,2241,2240,2247,2239,2164,2173,4846,2160,2162,4845,2630,3857
3859,3860,3036,2170,2175,2176,2179,2165,2187,2169,2181,2184,2429,2413,2423,5005,5009,5014,5006,5011
3351,3349,3321,3300,1937,1899,3316,3312,3314,3309,3310,3305,3299,3307,4107,4109,4097,4098,4090,4117
3570,5035,5032,4921,19901,20027,20290,20288,20289,20026,20024,20030,20031,20420,20208,20203,20204,20327,20415,19927
19971,19941,19969,20076,20083,20067,20417,20418,20416,20419,20032,20029,20025,20028,20290,20288,19947,19940,19966,19972
20118,19965,20332,20334,20336,20330,20271,20269,20328,20462,20461,20514,20511,20341,20342,19857,19922,19925,19923,20446
20445,20452,19870,19863,20267,19989,19982,19983,19987,19978,19990,19980,19992,19994,19994,19993,19981,19991,19979,19988
19985,19984,19986,20163,19938,20216,20282,20284,20286,20281,20131,20202,20200,20198,19951,19964,19963,19956,19952,19968
19960,19958,19967,1070,19949,19943,19945,19974,19939,20468,20011,20015,20508,20510,20509,20507,20506,20010,20013,20014
20012,20453,20423,20158,19918,20303,19876,19889,19917,19875,20422,20459,20309,20011,20015,20508,20510,20509,20507,20506
20010,20013,20014,20012,20453,20458,19882,19881,19877,19879,20280,20027,20290,20288,20289,20026,20024,20030,20031,20420
20208,20203,20204,20327,20415,19901,20041,20397,20426,20438,20430,20434,20432,20427,20437,20101,20105,20099,20102,20097
20237,1065,20048,20170,20176,20345,20347,20394,20348,20376,20369,20388,20374,20372,20387,20500,20316,20276,20275,20274
20277,20119,20494,20495,20496,20489,20497,20488,20487,20048,20485,20104,20257,20265,20262,20258,20261,20254,20266,20431
19896,20280,20396,19878,19880,20048,20485,20226,20228,20441,20398,20249,20251,20246,20250,20248,20252,20247,20257,20265
20262,20258,20261,20254,20266,20431,19896,20280,20396,19878,19880,20048,20485,20226,20228,20441,20398,20249,20251,20246
20250,20248,20252,20247,20431,19896,20280,20059,20499,20484,20500,20316,20276,20275,20274,20277,20119,20494,20495,20496
20489,20497,20488,20487,20059,20505,20493,20226,20228,20441,20398,20249,20251,20246,20250,20248,20252,20247,20257,20265
20262,20258,20085,20059,20505,20493,20486,20130,20174,20172,20173,20178,20107,20157,20300,20297,20299,20298,20296,20108
20059,20505,20493,20486,20170,20176,20345,20347,20394,20064,20068,20071,19871,19872,20205,20206,20207,20413,20415,20414
19952,19968,19960,19958,19967,19949,19943,19945,20444,20451,20447,20086,20084,20263,20264,20256,20437,20101,20249,20251
20246,20250,20248,20252,20247,20399,20400,20440,20229,20227,20105,20059,20107,20157,20300,20297,20299,20298,20296,20108
20174,20172,20173,20178,20485,20105,20059,20120,19903,19898,19904,19910,19967,1070,2015,2036,2034,4220,2019,2816
2814,2812,1930,1929,1925,1913,1918,1921,1920,20156,19938,20291,20292,20022,20020,20023,20018,20365,20367,20363
20366,20045,20033,20210,20273,20161,20309,20311,20319,20314,20313,20317,20503,20236,20241,20239,1065,20156,19938,20291
20292,20022,20020,20186,20188,20185,20190,19975,19854,20304,20306,1065,20156,19938,20291,20292,20022,20020,20467,20465
20005,20004,20008,20007,19914,19916,19911,20089,20096,20088,20094,20338,20293,20294,19937,20156,20156,19938,20291,20339
20095,20093,20091,20092,20090,19912,19913,19915,20006,20009,20003,20464,20466,20019,20021,20295,20293,20294,19937,20156
20156,20034,20037,20044,20047,20042,20134,20140,20136,20138,20154,20152,20150,20143,20145,20195,20196,20193,19890,20442
20156,20034,20037,20044,20047,20042,20134,20140,20136,20138,20154,20152,20150,20143,20145,20195,20196,20193,19890,20442
20192,20194,20146,20144,20151,20153,20155,20139,20137,20135,20039,20043,20038,20035,20156,20156,20034,20037,20044,20047
20223,20225,20218,20220,20222,19990,19980,19992,19994,20404,20409,20412,20410,20401,20407,1065,20156,20110,20111,20211
20214,20132,20147,20141,20046,20349,20351,20350,20352,20055,19887,19884,20321,20324,19892,19891,19893,19919,20057,20056
20058,20326,20325,20323,20322,20087,19885,19888,19886,20142,20149,20148,20133,20213,20212,20112,20109,20156,20156,20164
19989,19928,20245,20049,20052,20054,20338,20231,20235,20234,20186,20188,20000,20001,19997,19999,20481,20483,20480,20384
20386,20383,20379,20382,20501,20502,20490,20491,20471,20475,20469,20473,1065,20267,20444,20451,20447,19921,19924,19926
19920,20343,20340,20512,20513,20460,20463,20329,20268,20270,20331,20337,20335,20333,19940,19966,19972,20118,19965,19946
20276,20275,20274,20277,20119,20494,20495,20496,20489,20497,20488,20487,20381,20424,20074,20383,20116,20114,20166,20168
20315,20320,20312,20310,20276,20275,20274,20277,20119,20494,20495,20496,20489,20497,20488,20487,20503,20390,20380,20373
20375,20389,20377,20371,20394,20348,20344,20346,20177,20181,20183,20180,20179,20182,20175,20169,20171,20048,20276,20275
20274,20277,20119,20494,20495,20496,20489,20497,20488,20487,20503,20501,20502,20490,20059,20278,1067,20080,20062,20098
20103,20369,20388,20082,20491,20505,20493,20104,20433,20436,20428,20431,20123,20122,20121,20278,20278,20123,20122,20121
20434,20432,20427,20437,20101,20492,20504,20078,20375,20389,20102,20060,20061,20077,20239,1067,20278,20123,20122,20121
20434,20432,20427,20437,20101,20492,20504,20078,20375,20389,20102,20060,20061,20077,20239,1067,20278,20278,20394,20393
20395,20392,20391,20278,20394,20393,20395,20392,20391,20348,20278,20280,20396,19878,19880,19883,20457,20456,20011,20015
20508,20510,20509,20507,20506,20010,20013,20014,20012,20280,20396,20040,20036,20455,20454,20421,20158,19918,20303,19876
19889,19917,19875,20422,19882,20126,20127,20129,20124,20125,20128,20289,19906,20072,20120,19903,19898,19904,19910,19967
1070,20289,20026,20024,20030,20031,20420,20413,20415,20066,20075,19958,19967,19949,19943,19945,20444,20451,19927,20309
20319,20167,20165,19894,20115,20424,20074,20383,20379,20382,20317,20316,20276,20275,20274,20277,20119,20494,20495,20496
20489,20497,20488,20487,20310,20455,20454,20421,20158,19918,20303,19876,19889,19917,19875,20457,20456,20011,20015,20508
20510,20509,20507,20506,20010,20013,20014,20012,2034,4221,4224,2096,2094,2099,2106,2102,2105,3577,3576,3575
2050,2049,2074,2054,2067,2064,2077,2071,2079,2065,2061,2057,2076,2072,2055,2034,4221,4224,2096,2094
2099,2106,2102,2105,3577,3576,3575,2050,2049,2074,2054,2067,2064,2077,2071,2079,2065,2061,2057,2076
2072,2661,2663,2775,2777,2778,2774,4297,4307,4299,4306,4305,4296,4291,4920,4919,1881,1878,1877,4580
1940,1939,4393,4394,4396,4398,4400,4402,4405,4406,4408,4411,4733,2034,4221,4224,2096,2094,2099,2106
2102,2105,3577,3576,3575,2050,2049,2074,2054,2067,2064,2077,2071,2079,2065,2061,2057,2076,2072,2661
2663,2775,2777,2778,2774,4297,4307,4299,4306,4305,4296,4291,4920,4919,1881,1878,1877,4580,1940,1939
4393,4394,4396,4398,4400,4402,4405,4406,4408,4411,4733,4734,2158,2156,4414,4423,4417,4418,3715,20381
20424,20074,20383,20116,20114,20166,20168,20315,20435,20073,20391,20348,20376,20369,20388,20081,20077,20239,1065,20394
20348,20344,20346,20177,20181,20183,20485,20105,20059,20394,20393,20395,20392,20391,20348,20278,20394,20393,20395,20392
20391,20348,20376,20369,20388,20081,20077,1070,19943,1671,1623,20394,20393,20395,20392,20391,20348,20376,20369,20388
20081,20077,1070,19943,1671,1623,1070,20429,20319,20167,20117,20113,20115,20379,20382,20429,20319,20167,20165,19894
20115,20424,20074,20383,20379,20382,20442,20192,20194,20146,20144,20151,20153,20155,20139,20137,20135,20039,20043,20038
20035,20156,20447,19921,19924,19926,19920,20343,20340,20512,20513,20460,20463,20329,20268,20270,20331,20337,20335,20333
19940,19966,19972,20118,19965,19946,20447,20452,19870,19863,19862,19933,19934,19936,19971,19941,19969,20076,19905,19907
19902,19899,19901,19908,19900,19951,19964,19963,19956,20447,20452,19944,19942,19948,19971,19941,19969,19957,19959,19973
19961,20417,20208,20203,20204,19874,19873,20072,20069,20065,20455,20454,20421,20158,19918,20303,19876,19889,19917,19875
20422,19882,20126,20127,20129,20124,20125,20128,20041,19896,20280,20468,19953,19944,19942,19948,19971,1070,19969,19957
19959,19973,19961,19955,19962,19950,20468,19953,19944,19942,19948,19971,1070,19969,19957,19959,19973,19961,19955,19962
19950,20197,20199,20201,20131,20287,20285,20283,20215,20217,19937,19989,19982,19983,19987,19978,19990,19980,19992,19994
20468,19954,20301,19865,19860,20444,20451,20447,19927,20450,20443,19859,19855,19858,20357,20355,20359,19862,19933,19934
19936,20237,1065,20546,20548,20543,20542,20549,20545,20557,20556,20710,20713,20714,20716,20812,20825,20804,20826,2055
2056,2073,2075,2058,2060,2066,2080,2070,2078,2063,2068,2053,4330,2048,2051,2046,2047,4453,4454,4455
2101,5057,2095,2093,4223,4222,2035,2037,2033,2045,2034,20623,20746,20744,20689,20734,20741,20646,20573,20577
20581,20579,20575,20523,20826,2071,4666,3123,3125,3138,3136,3147,3146,2440,2441,2443,4026,2861,3140,3149
3144,3141,2877,2329,2303,2301,2297,2284,3015,2071,4971,4972,2681,2678,2676,2677,2674,2527,2525,2523
2520,2518,2517,2514,2513,2511,2531,2509,2506,3114,3112,3111,3134,3133,2277,2279,2282,2281,3653,3648
3646,3650,3652,3643,3649,3644,3651,3645,3647,3500,3505,3512,20712,20596,20638,20642,20537,20634,20639,20831
20641,20637,20643,20630,20628,20862,20867,20868,20794,20788,20792,20796,20801,20798,20787,20769,20845,20846,20848,20766
20852,20814,20818,20803,20812,20825,20804,20826,20822,20820,20809,20805,20740,20740,20808,20819,20823,20826,20807,20811
20824,20806,20817,20810,20815,20850,20851,20767,20847,20844,20769,20786,20797,20800,20790,20791,20793,20867,20868,20863
20865,20861,20627,20629,20631,20636,20724,20723,20725,20635,20536,20624,20625,20560,20626,20633,20763,20836,20718,20771
20845,20565,20563,20680,20677,20737,20669,20666,20657,20525,20523,20826,20769,20655,20531,358,20769,20845,20846,20766
20852,20814,20818,20803,20812,20825,20826,20820,20809,20805,20740,20690,20745,20747,20623,20591,20590,20529,20776,20775
20594,20605,20533,20607,20732,20838,20688,20780,20857,20858,20856,20769,20845,20846,20766,20852,20814,20818,20803,20812
20825,20826,20822,20820,20809,20805,20690,20747,20591,20590,20529,20776,20775,20594,20605,20533,20607,20732,20838,20688
20780,20858,20769,20845,20846,20766,20852,20814,20818,20803,20812,20825,20826,20822,20820,20809,20805,20690,20747,20623
20591,20590,20529,20776,20775,20594,20605,20533,20607,20732,20838,20688,20780,20857,20858,20856,20769,20845,20846,20766
20852,20814,20818,20803,20812,20825,20826,20822,20820,20809,20805,20740,20690,20747,20591,20590,20529,20776,20775,20594
20605,20533,20607,20732,20541,20838,20688,20780,20857,20858,20856,20826,20524,20526,20520,20519,20762,20698,20696,20697
20704,20705,20701,20612,20613,20609,20750,20752,20754,20751,20673,20648,20622,20693,20809,20646,20644,20672,20753,20755
20749,20615,20702,20700,20706,20515,20525,20523,20826,20826,20524,20526,20658,20659,20662,20668,20736,20676,20679,20661
20566,20844,20772,20770,20719,20763,20826,20524,20526,20671,20674,20753,20755,20749,20616,20618,20617,20656,20650,20648
20694,20621,20644,20651,20645,20619,20750,20752,20754,20751,20665,20667,20525,20523,20826,20826,20524,20576,20571,20578
20647,20805,20740,20735,20690,20623,20826,20528,20603,20600,20598,20568,20711,20824,20806,20817,20727,20535,20569,20859
20767,20683,20681,20860,20853,20854,20562,20552,20554,20555,20779,20670,20675,20685,20684,20848,20766,20852,20570,20728
20818,20803,20708,20567,20601,20599,20527,20826,20826,20740,672,20835,20826,20807,20715,20707,20709,20559,20558,20516
20544,20547,20550,20534,20551,20546,20826,20809,20740,20531,20780,20857,20826,20821,20820,20695,20691,20782,20699,20781
20561,20652,20653,20808,20819,20823,20802,20826,20826,20821,20820,20695,20691,20782,20699,20781,20652,20653,20808,20819
20823,20802,20826,20826,20822,20820,20809,20805,20690,20747,20591,20590,20529,20776,20775,20594,20605,20533,20607,20732
20838,20688,20780,20857,20858,20856,20826,672,20835,20835,672,20740,20826,20835,672,20826,2085,2087,2091,2081
2090,3670,3673,3675,3677,3678,3680,3681,3683,2152,4723,4724,4727,4731,4733,4735,4738,4740,4742,4728
3619,5055,5054,5051,1976,2880,3411,3409,2444,3229,3230,3233,3227,3339,3334,3336,3342,4253,4264,4106
4099,4101,4092,4116,4112,4093,4231,4238,4230,4236,4226,4234,4239,4228,3731,3738,3726,3730,3736,3728
3723,3734,4541,4219,4217,4214,3103,20856,20780,20687,20837,20730,20608,20532,20606,20595,20774,20773,20739,20738
20588,20623,20746,20741,20813,20808,20819,20823,20826,20807,20811,20824,20806,20817,20810,20815,20850,20851,20767,20847
20844,20769,20856,20780,20687,20837,20730,20608,20532,20606,20595,20774,20773,20739,20738,20588,20746,20741,20813,20808
20819,20823,20826,20807,20811,20824,20806,20817,20810,20815,20850,20851,20767,20847,20844,20769,20858,20856,20780,20530
20741,20808,20826,20869,20879,20880,20881,20869,20879,20880,20881,20872,20874,20886,20877,1630,20870,20873,20878,1640
20876,20875,1643,1632,1691,20871,20869,20879,20880,20881,20873,20885,20878,20873,20870,1630,20877,20886,20874,20872
20881,20880,20881,20881,20872,20874,20886,20877,1630,20870,20873,20878,20881,20872,20874,20886,20877,1630,20870,20873
20878,1640,20876,20875,1643,1632,1691,20881,20880,20879,20869,20881,20880,20879,20869,20871,20885,20873,20892,20893
20888,20887,20891,20890,20896,20895,20889,20894,20894,20889,20895,20896,20890,20891,20887,20888,20893,20892,20908,20917
20925,20919,21030,20918,21102,1486,20914,20912,20906,21079,21078,21143,21053,21054,21068,20941,20983,20969,20970,20974
1486,20949,21004,20910,20935,20953,20962,20963,20964,20966,21148,20913,20922,20915,20899,20977,21001,21139,21138,20992
20972,21049,20995,21064,21114,21101,20998,20972,21049,20995,21064,21114,21101,20998,21017,21144,21072,20993,21076,1351
20975,21010,20916,20938,20943,21058,21060,21059,21006,2098,3373,4330,4333,4327,4324,4334,1925,1913,1918,3889
1964,1970,1960,1956,1952,1967,1965,1949,1958,1961,1953,1963,2768,2763,2765,2345,2347,2353,2349,2355
2351,3356,3370,4675,4674,3223,2340,2344,2341,2339,2337,2098,3373,4330,4333,4327,4324,4334,1925,1913
1918,3889,1964,1970,1960,1956,1952,1967,1965,1949,1958,1961,1953,1963,2768,2763,2765,2345,2347,2353
2349,2355,2351,3356,3370,4675,4674,3223,2340,2344,2341,2339,2337,4498,20992,20996,20997,20910,20935,20953
20962,20963,20964,20966,21148,20913,20922,20915,20899,20977,21001,21081,21082,21107,21105,21106,20949,21004,20992,20996
20997,20910,20935,20953,20962,20963,20964,20966,21148,20913,20922,20915,20899,20977,21001,21081,21082,21107,21105,21106
20949,21004,21139,20992,20992,20997,21081,21082,21107,21105,21106,20992,20997,21081,21082,21107,21105,21106,20949,21004
20910,20935,20953,20962,20963,20964,20966,21148,20913,20922,20915,20899,20977,21001,21139,21138,20992,21005,21133,21022
21019,21043,21044,21163,21143,21160,21162,21158,21065,21054,21051,21156,21069,21098,6488,21039,21036,21027,21111,21109
21110,21066,21103,21056,21141,21093,21092,21091,21041,21131,21075,21146,21129,21074,20991,20990,20986,20989,20988,6859
21119,21006,20975,21010,20916,20938,20943,21058,21060,21059,21006,21006,21061,20975,21010,20916,20938,20943,21006,21061
20975,21010,20916,20938,20943,21058,21060,21006,21013,1485,21018,20898,21104,21035,21007,21100,21023,20911,21137,20926
21024,20948,20947,20950,21116,20961,21009,21097,21067,21040,20909,21063,21062,20932,21113,21040,21040,21112,20909,21063
21062,20932,21040,21040,21120,20956,20939,20940,20927,21040,21120,20956,20939,20940,20927,21136,21083,21040,21040,21136
21083,21040,21136,21083,21120,20927,20939,20940,20951,21040,21067,21023,20911,21137,20926,21024,20948,20947,20950,21116
20961,21009,21097,21067,21067,21096,21008,20960,21115,21025,21023,20911,21137,20926,21024,20948,20947,20950,21067,21096
21008,20960,21115,21025,21023,20911,21137,20926,21024,20948,20947,20950,21067,21068,20914,20912,20906,21079,21078,21143
21053,21054,21068,21068,21055,21052,21143,21077,21080,20905,20912,20914,21068,21055,21052,21143,21077,21080,20905,20912
20914,21068,21087,20933,20928,21085,20945,21028,20902,21135,20971,21126,21087,20933,20928,21085,20945,21028,20902,21135
21124,21100,21014,20968,20994,21100,21100,21057,21018,20898,21104,21035,21100,21057,21018,20898,21104,21035,21007,21100
2111,3247,3245,3243,3242,3240,3238,3279,3264,3261,3258,3265,3286,3284,3268,3278,3287,3271,3283,3273
3276,4677,4125,4121,4122,4124,4123,4120,3746,3744,2436,1470,21118,21132,1351,21119,21074,20991,20990,20986
20989,20988,6859,21130,21147,21131,21075,21041,21092,21091,21142,21140,21056,21103,21066,6848,6847,21026,21037,21038
21070,21099,21069,21157,21050,21055,21065,21159,21161,12177,21143,21164,21045,21042,21020,21021,21134,21005,21120,20927
20939,20940,20951,21040,21124,21087,20902,21135,20933,20928,21085,20945,21028,21124,21087,20902,21135,20933,20928,21085
20945,21028,21124,21124,21087,20933,20928,21085,20945,21028,20902,21135,21124,21125,20971,20920,20934,21046,20955,20958
20929,20965,21015,20944,21128,21125,20971,20920,20934,21046,20955,20958,20929,20965,21015,20944,21128,21125,21125,21128
20952,21046,20955,20958,20929,20965,21015,21034,20931,20897,21125,21126,20897,20902,21135,20933,20928,21085,20945,21028
21126,20897,20902,21135,20933,20928,21085,20945,21028,21126,21126,20920,20934,21046,20955,20958,20929,20965,21015,20944
21126,21126,20920,20934,21046,20955,20958,20929,20965,21015,20944,21128,21126,20920,20934,21046,20955,20958,20929,20965
21015,20944,21128,21126,21126,21087,20933,20928,21085,20945,21028,20902,21135,20971,21126,21126,21128,20952,21046,20955
20958,20929,20965,21015,21034,20931,20897,20902,21135,21085,20945,21028,21127,21126,21128,20952,21046,20955,20958,20929
20965,21015,21034,20931,21126,21127,20954,21028,21086,20902,21135,20971,20920,20934,21046,20955,20958,20929,20965,21015
20944,21128,21126,21128,20952,21046,20955,20958,20929,20965,21015,21034,20931,20897,21125,21128,20952,21046,20955,20958
20929,20965,21015,21034,20931,21126,21165,1416,21166,352,21167,1416,21167,352,21168,1416,21168,352,21173,21174
670,21181,21209,21190,21230,21236,21173,21174,670,21215,21173,21174,670,21239,1633,21239,1634,21239,1635,21240
1635,21241,1633,21241,21243,21241,21243,1633,21241,21248,21242,1637,21242,1637,1634,21243,1633,21243,1634,21243
1635,21243,21241,21243,21241,1633,21243,21241,1635,21243,21248,21246,1633,21246,1634,21246,1635,21248,21243,2125
3927,3923,3939,3955,3925,2189,3963,3959,3933,3952,3950,3942,3935,3947,3932,3945,3966,3943,3958,3937
3931,3957,2131,3279,3264,3261,3258,3265,3286,3284,3268,3278,3287,3271,3283,3273,3276,4677,4125,4121
4122,4124,4123,4120,3746,3744,2436,1470,21314,21369,21371,21370,21297,21296,21423,21336,21416,21305,21303,21304
21397,21393,21399,21400,21338,21337,21398,21372,21330,21424,21354,21352,21427,21425,21426,21270,21374,21385,21437,21438
21435,21436,21368,21407,21404,21405,21406,21403,21428,21351,21347,21349,21310,21411,21317,21277,21424,21423,21315,21334
21314,21369,21371,21370,21297,21296,21423,21423,21357,21309,21311,21312,21306,21356,21423,21423,21357,21358,21341,21345
21344,21359,21415,21413,21342,21289,21281,21291,21286,21284,21326,21318,21324,21322,21372,21330,21424,21423,21362,21363
21365,21258,21267,21256,21252,21254,21263,21261,21276,21273,21265,21260,21268,21376,21391,21378,21384,21389,21382,21386
21392,21302,21300,21299,21330,21424,21423,21367,21283,21285,21290,21282,21292,21288,21293,21295,21419,21422,21421,21420
21417,21418,21294,21327,21328,21329,21431,21432,21434,21433,21430,21287,21412,21414,21360,21343,21346,21340,21423,21424
21316,21250,21249,21251,21408,21409,21335,21308,21307,21350,21355,21348,21429,21410,21279,21280,21278,21353,21354,21424
21331,21332,21333,21298,21301,21380,21377,21388,21387,21381,21390,21383,21379,21375,21269,21255,21272,21271,21274,21264
21253,21259,21275,21262,21266,21257,21361,21364,21366,21313,21423,21424,21331,21373,21320,21321,21325,21319,21323,21283
21285,21290,21282,21292,21288,21412,21414,21360,21343,21346,21340,21423,21424,21331,21373,21395,21338,21337,21401,21402
21394,21396,21339,21336,21439,21440,1000,21442,21463,21454,21441,21439,2144,2142,2135,2132,2565,2564,2562,2560
2557,2555,2611,2553,2551,2574,2570,2567,2575,2582,2622,2602,2618,2544,4574,2580,2888,21445,21452,21465
21440,21439,21441,21454,21463,21442,1000,21465,21452,21445,21446,21447,21448,21449,21450,21456,21458,21461,21444,21446
2145,2142,2772,3654,3655,3656,2143,2147,2138,2141,2394,2396,2398,2399,2198,2200,2546,3621,3214,3345
3693,2210,2202,2204,2207,2208,2212,2215,2217,2219,2221,2222,2224,2228,2230,2232,2235,4648,4646,4645
4628,3617,3619,5055,5054,5051,1972,21464,21453,21443,21455,21457,21460,21462,21451,21464,2153,4733,4735,4738
4740,4742,4728,3619,5055,5054,5051,1976,2880,3411,3409,2444,3229,3230,3233,3227,3339,3334,3336,3342
4253,4264,4106,4099,4101,4092,4116,4112,4093,4231,4238,4230,4236,4226,4234,4239,4228,3731,3738,3726
3730,3736,3728,3723,3734,4541,4219,4217,4214,3103,21538,21489,21486,21522,21488,21470,21491,21493,21485,21473
21496,21497,21537,21476,21467,21505,21504,21503,21479,21513,21483,21530,21494,21531,21532,21468,21477,21537,21498,21466
21472,21484,21492,21490,21469,21529,21514,21515,21471,21539,21538,21499,21473,21496,21497,21537,21528,21535,21478,21508
21512,21510,21506,21481,21475,21520,21502,21517,21519,21525,21524,21539,21538,21523,21526,21487,21518,21501,21521,21474
21482,21506,21509,21511,21507,21533,21534,21527,21537,21498,21466,21472,21495,21539,21549,14819,21554,21543,14823,14828
14827,1679,21561,21562,21576,21575,21566,21569,21564,21565,21566,21569,21564,21565,21574,21581,21567,21563,21566,21569
21564,21565,21580,21571,21573,21582,21578,21568,21567,21577,21570,21572,21574,21581,21567,21579,21571,21573,21582,21578
21568,21567,21577,21566,21569,21564,21565,21580,21574,21581,21567,21563,21566,21569,21564,21565,21576,21575,21561,21562
21580,21574,21581,21570,21572,21580,21583,21584,21584,21583,21621,21585,12684,21622,21630,21628,21613,21592,21590,21589
21602,21597,21603,21599,21604,21605,21600,21626,21632,21635,21634,21608,21610,21624,21612,21595,21617,21619,21615,21593
21587,21586,21620,21621,21585,14474,21614,21618,21616,21594,21611,21625,21609,21607,21558,21636,21633,21627,21601,21606
21603,21599,21604,21596,21598,12795,21588,21591,21613,21629,21631,21623,21587,21586,21620,21659,21655,21649,21647,21668
21661,21642,21637,21639,21662,21654,21638,21660,21658,21641,21667,21646,21644,21653,21659,21659,21657,21664,21650,21652
21665,21643,21640,21645,21666,21651,21663,21656,21659,21673,21682,21669,21677,21681,21674,21672,21675,21684,21679,21678
21678,21680,21685,21676,21671,21670,21683,21686,21673,21687,10004,21688,10003,21687,21705,21690,21691,8179,21706,21700
10558,21707,21709,21708,9372,9371,21696,21697,21698,21704,21703,21689,21705,21705,21701,21702,10561,21711,7619,21710
21699,21692,21695,21694,21693,21705,2172,2178,3581,4755,4704,4692,4707,4700,4694,2809,2806,2798,2800,2807
4066,4071,4075,4991,2180,4031,4034,4181,4183,4186,4187,4170,3468,3464,2845,2849,2861,2856,2851,2843
2848,2854,2863,2858,2126,2124,2122,2129,2127,4040,4039,4036,2104,2100,2664,2662,2668,2660,2658,2655
2654,2651,2650,2648,2646,2645,2642,2666,2957,2965,2960,2962,2953,2956,2969,2180,4031,4034,4181,4183
4186,4187,4170,3468,3464,2845,2849,2861,2856,2851,2843,2848,2854,2863,2858,2126,2124,2122,2129,2127
4040,4039,4036,2104,2100,2664,2662,2668,2660,2658,2655,2654,2651,2650,2648,2646,2645,2642,2666,2957
2965,2960,2962,2953,2956,2969,2946,2948,2950,2961,3506,3508,3080,2180,4031,4034,4181,4183,4186,4187
4170,3468,3464,2845,2849,2861,2856,2851,2843,2848,2854,2863,2858,2126,2124,2122,2129,2127,4040,4039
4036,2104,2100,2664,2662,2668,2660,2658,2655,2654,2651,2650,2648,2646,2645,2642,2666,2957,2965,2960
2962,2953,2956,2969,2946,2948,2950,2961,3506,3508,5027,3513,2236,3260,3259,3255,3253,3252,3243,3240
3279,3261,3265,3278,3271,3273,3276,4125,4124,4123,4120,3746,3744,2436,1469,2236,3260,3259,3255,3253
3252,3249,3247,3245,3243,3242,3240,3238,3279,3264,3261,3258,3265,3286,3284,3268,3278,3287,3271,3283
3273,3276,4677,4125,4121,4122,4124,4123,4120,3746,3744,2436,1470,2242,4866,4911,4913,4848,4850,4864
4854,4859,4861,4868,4871,4872,4852,4856,4862,2415,2427,2245,3775,3788,3783,3847,3845,3850,3854,3844
3849,3841,3852,3840,3837,3216,3212,3218,3223,3211,3205,2268,2245,3775,3788,3783,3847,3845,3850,3854
3844,3849,3841,3852,3840,3837,3216,3212,3218,3223,3211,3205,3207,3208,3182,3219,3185,3187,3189,3191
3193,3194,3196,3199,3200,3203,3623,3622,2550,2247,2239,2164,2173,4846,2160,2162,4845,2630,3857,3859
3860,3036,2170,2175,2176,2179,2165,2187,2169,2181,2184,2429,2413,2423,5005,5009,5014,5006,5011,3351
3349,3321,3300,1937,1899,3316,3312,3314,3309,3310,3305,3299,3307,4107,4109,4097,4098,4090,4117,3570
5035,5032,4921,2250,2326,3049,2445,2448,2450,2452,4532,4544,2155,5045,5043,5046,2150,5047,5044,2898
4875,4491,4490,4430,4428,4429,4431,4581,5015,2307,2309,2311,3634,3640,3642,1904,1909,1905,1907,4043
1891,1892,1893,1894,4391,4393,4394,4396,4398,4400,4402,4405,2113,2115,2117,2119,2120,5004,2342,3265
3286,3284,3268,3278,3287,3271,3283,3273,3276,4677,4125,4121,4122,4124,4123,4120,3746,3744,2436,1470
2372,4553,4560,4552,2484,2480,2482,4427,4425,1997,1982,1975,2008,4468,4471,5037,5032,4920,2372,4553
4560,4552,2484,2480,2482,4427,4425,1997,1982,1975,2008,4468,4471,5037,5032,5039,3866,3862,3864,3867
880,314,942,827,2428,2412,4863,4857,4853,4873,4870,4869,4860,4858,4855,4865,2428,2412,4863,4857
4853,4873,4870,4869,4860,4858,4855,4865,4851,4849,4912,4910,4867,2243,3167,5078,4923,2712,2430,2431
2416,2421,4843,2171,2168,2183,2180,2177,2174,2182,4844,2163,2159,4847,2186,2238,2244,2166,2172,3581
4704,4708,2430,2431,4532,4544,2155,4537,4539,4540,4548,4534,4546,4542,2426,2417,2418,2420,2010,4331
4330,4333,4327,4324,4334,4322,4321,1865,1867,1868,1872,2430,2431,4532,4544,2155,4537,4539,4540,4548
4534,4546,4542,2426,2417,2418,2420,2010,4331,4330,4333,4327,4324,4334,4322,4321,1865,1867,1868,1872
3758,3757,3755,3752,3750,3748,3747,3785,3743,3760,4669,3795,2434,4279,4275,4278,4287,4273,4290,4285
4281,4286,4280,3008,3004,3459,3453,3449,2293,2294,2292,2290,2291,2289,2288,2971,4457,4444,4445,4447
4458,4448,4449,4450,4459,4451,1855,4452,4453,4454,4455,2101,5057,2095,2820,2821,3029,3043,3041,3038
3028,3034,3037,3031,3035,3868,3871,3872,3491,3489,3488,3486,2974,3224,2453,2927,2690,2693,2687,2689
3875,2437,2201,1898,2323,2324,2899,2934,2918,2917,2936,2914,2924,2913,2929,2910,2909,2062,2069,3408
3407,3343,2023,3024,3023,3022,3021,3027,2670,2453,3716,4594,4614,4609,4603,4607,4599,4618,4604,4608
4612,4621,4597,4623,4620,4616,4184,4182,4167,4179,4177,3587,4028,4030,5041,3430,3423,3471,3873,3870
3869,3030,3044,3033,4032,3418,2464,2370,3662,2088,2085,2087,2091,2081,2090,3670,3673,3675,3677,3678
3680,3681,3683,2152,4723,4724,4727,4731,4733,4735,4738,4740,4742,4728,3619,5055,5054,5051,1976,2880
3411,3409,2444,3229,3230,3233,3227,3339,3334,3336,3342,4253,4264,4106,4099,4101,4092,4116,4112,4093
4231,4238,4230,4236,4226,4234,4239,4228,3731,3738,3726,3730,3736,3728,3723,3734,4541,4219,4217,4214
3103,2550,2549,2545,2199,2197,2400,2397,2395,2393,2392,2389,2388,2386,2383,2382,2379,2378,2408,2376
2374,2406,2403,2401,4886,4907,4904,4894,4905,4901,2550,2549,2545,2199,2197,2400,2397,2395,2393,2392
2389,2388,2386,2383,2382,2379,2378,2408,2376,2374,2406,2403,2401,4886,4907,4904,4894,4905,4901,4891
4899,4888,4889,2994,3010,3006,2995,2992,3002,2997,3014,3008,3004,2999,3005,3000,3012,2887,2550,3621
3215,3202,3201,3198,3197,3195,3192,3190,3188,3186,3184,3220,3183,3209,2268,2550,3621,3215,3202,3201
3198,3197,3195,3192,3190,3188,3186,3184,3220,3183,3209,3206,3204,3210,3222,3221,3213,3217,3838,3839
3853,3842,3848,3843,3855,3846,3851,3749,3762,2245,2550,3621,3215,3202,3201,3198,3197,3195,3192,3190
3188,3186,3184,3220,3183,3209,3206,3204,3210,3222,3221,3213,3217,3838,3839,3853,3842,3848,3843,3855
3846,3851,3749,3762,3761,3746,3744,2436,1468,2550,3621,3215,3202,3201,3198,3197,3195,3192,3190,3188
3186,3184,3220,3183,3209,3206,3210,3221,3217,3839,3842,3848,3855,3851,3749,3762,3761,3746,3744,2436
1468,2571,2266,2270,2264,2547,2285,4797,2313,2305,2307,2309,2311,3636,1902,2273,3600,3603,5060,5062
5066,4138,4135,4136,2455,2458,2453,3716,4594,4614,4609,4603,4607,4599,4618,4604,4608,4612,4621,4597
4623,4620,4616,4184,4182,4167,4179,4177,3587,4028,4030,5041,3430,3423,3471,3873,3870,3869,3030,3044
3033,4032,3418,2572,2569,4198,4197,4194,1987,1981,1988,1993,2002,2006,1976,1354,2583,2336,2338,2343
2335,3210,4672,4673,3371,3357,2354,2350,2352,2348,2346,2771,2764,2767,3768,1954,1962,1955,1950,1966
1968,1951,1957,1959,1969,3892,1919,1932,1914,1924,4335,4325,4326,4328,4329,2098,2589,2584,2591,2579
2621,2609,2598,2592,2624,2616,2607,2626,2596,2604,2595,2601,2614,2628,2595,2601,2614,2628,2618,2577
2588,2613,4683,4500,4522,4496,4508,4514,3332,2745,2760,2755,2751,2748,2752,2749,2759,2753,2756,2758
2747,2750,2754,2757,2746,2744,2619,2603,2623,2583,2576,2568,2569,2573,2552,2554,2610,2556,2558,2559
2561,2563,2566,2133,2134,2136,3250,2628,2615,2600,2594,2628,2615,2600,2594,2605,2597,2627,2606,2617
2625,2593,2599,2608,2620,2581,2590,2586,2585,2589,2670,2649,2652,2653,2016,2017,3025,3026,2978,2977
2059,2911,2928,2912,2925,2915,2935,2916,2919,2932,2322,2325,3051,2137,2439,2438,3874,2688,2686,2694
2684,2926,2453,2671,3304,3311,3308,3315,3313,1900,1938,3301,3319,4586,5013,5008,5010,2416,2671,4231
4238,4230,4236,4226,4234,4239,4228,3731,3738,3726,3730,3736,3728,3723,3734,4541,4219,4217,4214,3103
2712,4924,5079,2237,2242,4866,4911,4913,4848,4850,4864,4854,4859,4861,4868,4871,4872,4852,4856,4862
2415,2427,2730,2734,2716,2718,4464,4470,4465,2719,2721,2723,2725,2729,2123,4565,4558,4568,4569,4564
2372,2737,3306,3298,3304,3311,3308,3315,3313,1900,1938,3301,3319,4586,5013,5008,5010,2431,2416,2530
2529,2528,2167,2172,2178,3581,3585,3578,3579,3580,3582,2803,2795,2802,2809,4351,4346,4336,2432,3583
2737,3306,3298,3304,3311,3308,3315,3313,1900,1938,3301,3319,4586,5013,5008,5010,2431,4532,4544,2155
4537,4539,4540,4548,4534,4546,4542,2530,2529,2528,2167,2172,2178,3581,3585,3578,3579,3580,3582,2803
2795,2802,2809,4351,4346,4336,2432,3583,2737,4101,4092,4116,4112,4093,4114,3929,3960,3964,3948,3954
3940,3922,3926,3904,3953,3900,3898,3896,3895,3892,3890,3887,3886,4667,4990,4984,4986,4980,4983,4995
5001,4998,4981,4979,4992,2744,4499,4495,4518,4512,4507,4504,4520,4516,4519,4506,4511,4505,4510,4515
4521,4502,4503,4513,4509,4497,4523,4501,4680,2612,2587,2578,2619,2603,2623,2583,2576,2568,2569,2573
2552,2554,2610,2556,2558,2559,2561,2563,2566,2133,2134,2136,3250,2744,4499,4495,4518,4512,4507,4504
4520,4516,4519,4506,4511,4505,4510,4515,4521,4502,4503,4513,4509,4497,4523,4501,4680,2612,2587,2578
2619,4517,2773,4590,2320,2321,2361,3236,3234,3235,2360,2359,4592,4591,4593,1683,1466,2773,4590,2320
2321,2361,3236,3234,3235,2360,2359,4592,4591,4593,3179,1471,2780,4798,4800,2025,3705,3702,3712,4697
4695,4705,4937,4944,4954,4953,4943,4938,4930,4351,4346,4336,4355,4077,2834,2829,2838,2272,2833,2302
2263,1874,4292,2540,2881,2190,2271,4200,4199,2846,2857,2849,2861,2856,2851,2843,2848,2854,2863,2858
2126,2124,2122,2129,2127,4040,4039,4036,2104,2100,2664,2662,2668,2660,2658,2655,2654,2651,2650,2648
2646,2645,2642,2666,2957,2965,2960,2962,2953,2956,2969,2882,3827,3828,3836,2945,2964,2944,2954,2949
2703,2697,2705,2701,2699,2704,4979,4078,4074,4070,4065,2794,2801,2808,2805,2799,2810,4693,4701,4706
4702,4703,4696,2245,2246,2241,4881,2887,4909,4896,4898,4895,4897,3003,3009,3013,2998,3001,2993,2996
3007,3011,2952,4890,4887,4900,4892,4902,4906,4893,4903,4908,2407,2402,2404,2405,2373,2375,2409,2377
2380,2381,2384,2385,2387,2390,2391,2394,2396,2398,2399,2198,2200,2546,2550,2949,2703,2697,2705,2701
2699,2704,4979,4078,4074,4070,4065,2794,2801,2808,2805,2799,2810,4693,4701,4706,4702,4703,4696,2245
2246,2241,4881,2968,2955,2952,2963,2959,2966,2958,2667,2643,2644,2647,2670,2649,2652,2653,2656,2657
2659,2669,2661,2663,2665,2103,4037,4038,4041,4042,2128,2121,2123,2125,2859,2862,2853,2847,2844,2852
2855,2860,2850,2846,2968,2955,2952,2963,2959,2966,2958,2667,2643,2644,2647,2670,2649,2652,2653,2656
2657,2659,2669,2661,2663,2665,2103,4037,4038,4041,4042,2128,2121,2123,2125,2859,2862,2853,2847,2844
2852,2855,2860,2850,2846,3465,3466,3467,4188,4185,4184,4182,2180,2980,2476,2472,2468,2474,2469,2475
2470,3929,4613,4595,4488,4691,2454,2927,2941,2943,2921,2937,2930,2933,2900,2899,2903,2906,2905,2252
2904,4297,5063,5065,5061,3602,3603,2981,2986,2632,2636,2634,3493,3495,2304,3559,3532,3561,3535,3536
3539,3541,3542,3545,3547,3562,3549,3550,3553,3530,3015,3142,3143,3150,3139,2860,4025,2442,2465,2466
4473,4474,3148,3145,3137,3126,2064,2077,2071,3062,3087,3082,3063,3066,3068,3084,4934,4684,4681,4686
2490,3064,3080,3095,3093,3097,3062,3087,3082,3063,3066,3068,3084,4934,4684,4681,4686,2490,3064,3080
3095,3093,3097,3071,3090,3069,3098,3086,3074,3079,3089,3076,3406,2732,2734,2716,1917,1934,1920,1932
1914,1924,1931,1935,1922,1923,1912,2186,3882,3081,3065,2489,4687,4682,4685,3099,3083,3067,3062,3097
3071,3090,3069,3098,3086,3074,3079,3089,3076,3406,2732,2734,2716,1917,1934,1920,1932,1914,1924,1931
1935,1922,1923,1912,2186,3882,3103,3102,3101,3100,3326,3325,3483,3484,3382,3327,3328,3324,4216,4215
4213,4218,3733,3724,3727,3735,3729,3725,3737,3732,4227,4240,4233,4225,4235,4229,4237,4232,4094,4113
4115,4103,4102,4107,4263,4252,4250,3341,3335,3338,3226,3232,3231,3228,3225,3410,1990,5052,5053,5056
3620,4729,4741,4739,4737,4736,4732,4730,4726,4725,4722,2151,3682,3679,3676,3674,3672,2885,2884,2082
2092,2086,2083,2089,3663,3665,2464,3103,3102,3101,3100,3326,3325,3483,3484,3382,3327,3328,3324,4216
4215,4213,4218,3733,3724,3727,3735,3729,3725,3737,3732,4227,4240,4233,4225,4235,4229,4237,4232,4094
4113,4115,4103,4102,4107,4263,4252,4250,3341,3335,3338,3226,3232,3231,3228,3225,3410,1990,5052,5053
5056,3620,4729,4741,4739,4737,4736,4732,4730,4726,4725,4722,2151,3682,3679,3676,3674,3672,2885,2884
2082,2092,2086,2083,2089,3663,3665,2464,2370,3662,2088,2084,315,9582,9569,8530,8576,11432,11448,11447
11455,11457,11435,11439,11450,11443,11431,11444,11427,12015,12011,12009,12008,12017,8003,8002,8490,8498,8499,8575
8535,8505,8506,8507,8509,8541,8537,8580,8514,8539,8542,8866,8880,8877,10086,315,9582,9569,8530,8576
11432,11448,11447,11455,11457,11435,11439,11450,11443,11431,11444,11427,12015,12011,12009,12008,12017,8003,8002,8490
8498,8499,8575,8535,8505,8506,8507,8509,8541,8537,8580,8514,8539,8542,8866,8880,8877,8887,8868,8871
8863,8892,8864,8888,8873,8884,8875,8414,8417,8415,8416,10901,11570,3169,3698,3711,3697,4461,3330,3331
4198,4197,4191,4194,1987,1979,1981,1986,1988,1992,1993,1999,2002,2005,2000,1974,2006,1976,1984,3567
3573,1354,317,7754,7744,7746,7749,7751,7741,7758,7743,7735,7763,7767,7764,7761,7739,7771,7757,7755
11135,11118,11116,11137,11142,11121,8645,8641,318,9582,9569,9388,9383,9386,9939,9962,9938,9282,9287,9274
11432,11448,11447,11457,11435,11439,11450,11431,11428,12015,12009,12008,12017,7913,1462,319,11261,9947,9945,9936
9933,9942,9970,9957,9952,9950,9954,9966,9946,11843,11848,11842,11846,8984,8983,10717,10705,10726,10735,11142
11121,11122,11633,11638,319,7754,7744,7746,7749,7751,7741,7758,7743,7735,7763,7767,7764,7761,7739,7771
7757,7755,11135,11118,11116,11137,11142,11121,11122,11632,11637,11626,10079,10072,10077,10070,10078,10739,10723,10737
10721,10704,8278,8276,10690,319,7754,7744,7746,7749,7751,7741,7758,7743,7735,7763,7767,7764,7761,7739
7771,7757,7755,11135,11118,11116,11137,11142,11121,11122,11633,11638,319,9582,9569,8530,8576,8611,8616,8617
8605,8606,8613,8608,11612,7508,8338,8787,10372,7495,7522,10375,10680,7861,12069,12072,12005,12007,10918,10917
12092,12118,12006,11110,11114,12008,12017,9810,7526,7524,7523,7519,320,9586,9576,9578,9583,9579,9587,9570
9590,9572,9596,9595,9593,9591,10192,10187,10191,7812,10188,10194,10075,10074,10069,10071,10076,10073,10080,11625
11629,11634,11633,11638,3206,3204,3210,3222,3221,3213,3217,3838,3839,3853,3842,3848,3843,3855,3846,3851
3749,3762,3761,3746,3744,2436,1468,3206,3210,3221,3217,3839,3842,3848,3855,3851,3749,3762,3761,3746
3744,2436,1468,3207,3208,3182,3219,3185,3187,3189,3191,3193,3194,3196,3199,3200,3203,3623,3622,2550
3209,3206,3204,3210,3222,3221,3213,3217,3838,3839,3853,3842,3848,3843,3855,3846,3851,321,9119,9118
9116,9113,7657,7639,7640,7642,7645,7647,7648,7649,7651,7654,8210,10282,8454,8453,9195,9196,7536,7537
9186,9184,9187,7998,7995,7993,8000,7854,7858,7853,7851,9109,9107,9112,9111,8006,8004,8003,8002,8005
7936,7919,7912,7945,12033,322,11261,9947,9945,9936,9933,9942,9970,9957,10216,10279,7765,7768,11479,11477
11476,9597,9573,9589,9192,9190,9188,7637,7646,7644,7643,9182,9179,9178,9168,9167,9165,9174,9172,9176
9175,7611,7578,7568,7571,7577,7573,7582,7575,7567,7586,7579,7585,7590,12094,12096,7916,7941,12031,3224
2973,3487,3485,3490,3492,3873,3870,3869,3030,3044,3033,3036,3039,3040,3042,3032,2822,2819,2818,3297
5059,5058,2106,2102,2105,3577,3576,3575,2047,2895,2894,2897,2893,2892,2891,2896,2890,2889,4446,4443
4456,2972,4883,2275,2276,2278,2277,2279,2282,2280,3778,3627,3628,3626,3625,3629,3292,4283,4282,4284
4289,4274,4288,4277,4276,4074,3624,2434,3249,3247,3245,3243,3242,3240,3238,3279,3264,3261,3258,3265
3286,3284,3268,3278,3287,3271,3283,3273,3276,4677,4125,4121,4122,4124,4123,4120,3746,3744,2436,1470
3250,2142,2135,2132,2565,2564,2562,2560,2557,2555,2611,2553,2551,2574,2570,2567,2575,2582,2622,2602
2618,3250,2142,2135,2132,2565,2564,2562,2560,2557,2555,2611,2553,2551,2574,2570,2567,2575,2582,2622
2602,2618,2577,2588,2613,4683,4500,4522,4496,4508,4514,3332,2745,2760,2755,2751,2748,2752,2749,2759
2753,2756,2758,2747,2750,2754,2757,2746,2744,328,15394,15396,15445,15436,1672,15404,15443,15422,15424,15398
15438,15432,15428,469,15406,15434,1031,15449,15426,1188,1097,328,15394,15396,15445,15436,1672,15404,15443,15422
15424,15398,15438,15432,15428,469,15406,15434,1031,15449,15426,1188,1097,15452,328,15394,15396,15445,15436,1672
15404,15443,15422,15424,15398,15438,15432,15428,469,15406,15434,1031,15449,15426,1188,15410,1097,15452,328,15394
15445,1672,15443,15424,15432,15428,469,15406,15434,1031,15449,15426,1188,1097,328,15394,15445,1672,15443,15424
15432,469,1031,15449,1097,3322,4532,4544,2155,4537,4539,4540,4548,4534,4546,4542,2530,2529,2528,2167
2172,2178,3581,3585,3578,3579,3580,3582,3584,3329,2367,4244,4243,4246,4874,2479,4879,4878,4433,5049
4977,4976,3481,3479,3478,4440,4441,4437,2180,2177,2174,3427,3424,3420,3419,3430,3423,4081,4080,4079
2991,3595,3597,3596,3469,3630,3632,3631,2640,2641,2639,3425,3426,4033,3329,4621,4597,4623,4620,4616
4184,4182,4167,4179,4177,3587,4028,4030,5041,3430,3423,3471,3873,3870,3869,3030,3044,3033,4032,3418
3397,3395,3384,3388,3398,3400,3391,3404,3385,3612,3347,3346,3348,3846,3449,3418,3028,3034,3037,3031
3035,3868,3871,3872,3470,3422,3431,5042,4029,4027,3586,4176,4178,4166,4180,4183,4186,4619,4624,4596
4601,4622,4611,4598,4605,4617,4600,4606,4602,4610,4615,4595,4488,4691,2454,3418,3028,3034,3037,3031
3035,3868,3871,3872,3470,3422,3431,5042,4029,4027,3586,4176,4178,4166,4180,4183,4186,4619,4624,4596
4601,4622,4611,4598,4605,4617,4600,4606,4602,4610,4615,4595,4488,4691,2454,2457,2456,4137,4134,4139
5063,5065,5061,3602,3606,3601,1901,3635,3638,2310,2308,2306,2314,2811,2286,2548,2265,2269,2267,2571
3435,3454,3434,3441,3452,3448,3444,3460,3446,3463,3438,3457,3450,5022,5020,5026,5023,3435,3454,3434
3441,3452,3448,3444,3460,3446,3463,3438,3457,3450,5022,5020,5026,5023,3834,5025,4344,4364,4341,4359
4340,4365,4361,4348,4357,4353,3449,3394,3402,3392,3393,3386,3403,3390,3401,3399,3389,3383,3387,3449
3394,3402,3392,3393,3386,3403,3390,3401,3399,3389,3383,3387,3396,3810,3805,3800,3172,3173,2761,2770
4203,4207,4210,4211,4206,2249,4201,3555,3556,2307,2309,2311,2316,2317,2319,4131,1857,1860,4420,4387
4421,1876,3504,3510,3502,3503,3501,3456,3437,3462,3445,3461,3443,3447,3451,3440,3433,3455,3436,3511
4165,4156,4148,4144,4151,4146,4162,4152,4158,2491,2485,2487,2488,4573,2757,2746,2743,4669,4670,4668
3135,3017,3374,3375,3376,3377,3378,3379,3380,3381,1867,3110,3113,3115,3117,3119,3122,3123,3125,2675
2680,2679,4973,3511,4165,4156,4148,4144,4151,4146,4162,4152,4158,2491,2485,2487,2488,4573,2757,2746
2743,4669,4670,4668,3720,3513,3499,3509,3507,3498,2951,2947,2967,2968,2955,2952,2963,2959,2966,2958
2667,2643,2644,2647,2670,2649,2652,2653,2656,2657,2659,2669,2661,2663,2665,2103,4037,4038,4041,4042
2128,2121,2123,2125,2859,2862,2853,2847,2844,2852,2855,2860,2850,2846,3513,3499,3509,3507,3498,2951
2947,2967,2968,2955,2952,2963,2959,2966,2958,2667,2643,2644,2647,2670,2649,2652,2653,2656,2657,2659
2669,2661,2663,2665,2103,4037,4038,4041,4042,2128,2121,2123,2125,2859,2862,2853,2847,2844,2852,2855
2860,2850,2846,3465,3466,3467,4188,4185,4184,4182,2180,3514,2945,2964,2944,2954,2949,2703,2697,2705
2701,2699,2704,2754,4572,4571,2580,2888,2436,3414,3432,352,21166,352,21167,352,21167,21168,352,21168
3520,2433,2435,4821,4838,4835,4833,4825,4841,4827,3520,2433,2435,4821,4838,4835,4833,4825,4841,4827
2976,3771,3759,3745,3779,3796,3751,3797,3754,3777,3781,3798,3773,3780,3763,3767,3791,3787,1944,3520
2433,2435,4821,4838,4835,4833,4825,4841,4827,2976,3771,3759,3745,3779,3796,3751,3797,3754,3777,3781
3798,3773,3780,3763,3767,3791,3787,1948,3520,2433,2435,4821,4838,4835,4833,4825,4841,4827,2976,4688
3771,3759,3745,3779,3796,3751,3797,3754,3777,3781,3798,3773,3780,3763,3767,3791,3741,3742,3769,2263
1874,4292,4297,5063,5065,5061,4920,4919,1895,4775,4777,4779,4780,4782,4792,4785,4787,4788,4790,2226
2230,2232,5028,3531,3552,3551,3548,3563,3546,3544,3543,3540,3538,3537,3534,3560,3533,3558,3496,3494
3497,2633,2635,2631,2793,2790,3357,3367,3355,3359,3368,3360,3406,2732,3770,3776,3774,3793,3758,3757
3755,3752,3750,3748,3747,3785,3743,3760,3794,4689,4837,4831,4840,3589,4882,3531,3552,3551,3548,3563
3546,3544,3543,3540,3538,3537,3534,3560,3533,3558,3496,3494,3497,2633,2635,2631,2985,2982,3770,3776
3774,3793,3758,3757,3755,3752,3750,3748,3747,3785,3743,3760,3794,4831,4840,3589,4882,3531,3552,3551
3548,3563,3546,3544,3543,3540,3538,3537,3534,3560,3533,3558,3496,3494,3497,2633,2635,2631,4743,2983
3531,3552,3551,3548,3563,3546,3544,3543,3540,3538,3537,3534,3560,3533,3558,3496,3494,3497,2633,2635
2631,4743,2983,3867,880,314,942,827,4832,4824,3590,3592,358,20530,20654,20769,3583,4069,4076,4356
4347,4352,4345,2810,4693,4701,4706,4702,4703,4696,2245,2246,2241,3376,3377,3378,2413,2423,5005,5009
5014,5006,5011,3351,3349,4717,4713,4587,3321,3300,1937,1899,3316,3312,3314,3309,3310,3305,3299,3307
2737,3583,4069,4076,4356,4347,4352,4345,2810,4693,4701,4706,4702,4703,4696,2245,2246,2241,3376,3377
3378,4536,4533,4535,4538,4547,4549,2154,4545,2413,2423,5005,5009,5014,5006,5011,3351,3349,4717,4713
4587,3321,3300,1937,1899,3316,3312,3314,3309,3310,3305,3299,3307,2737,3584,2486,4701,4706,4702,4703
4696,2245,2246,2241,3376,3377,3378,4536,4533,4535,4538,4547,4549,2154,4545,2413,3322,359,1467,359
7253,7252,7243,7249,7248,7245,7210,7201,7200,1348,359,7253,7252,7243,7249,7248,7245,7451,7210,7201
7200,1348,3593,3588,4822,4829,3593,3588,4822,4829,1309,941,313,879,5002,2981,2986,2632,2636,2634
3493,3495,2304,3559,3532,3561,3535,3536,3539,3541,3542,3545,3547,3562,3549,3550,3553,3530,3603,5060
5062,5066,5064,3168,4804,4811,4435,4434,4016,2257,4013,4012,4014,2256,4015,4017,4817,4809,4803,4801
2259,4806,4818,2295,4807,3106,3980,3976,3973,3971,3970,2922,2927,2690,2693,2687,2689,2685,2691,2682
2123,3904,4974,3603,5060,5062,5066,5064,3168,4804,4811,4817,4809,4803,4801,2259,4806,4818,2295,4807
3106,3980,3976,3973,3971,3970,2922,2927,2690,2693,2687,2689,2685,2691,2682,2123,3904,4974,3603,5060
5062,5066,5064,4298,2779,2988,2989,2987,2990,2907,2902,2908,2901,2939,2931,2938,2920,2942,2940,2926
2453,3716,4594,3959,3046,3048,3045,3047,4019,2467,2471,2473,2477,4368,2980,3654,3655,3656,2143,2147
2138,2141,2394,2396,2398,2399,2198,2200,2546,3621,3214,3345,3693,2210,2202,2204,2207,2208,2212,2215
2217,2219,2221,2222,2224,2228,2230,2232,2235,4648,4646,4645,4628,3617,3619,5055,5054,5051,1972,3715
4477,4476,2220,4416,4415,4413,2157,4475,4412,4410,4409,4407,4404,4403,4401,4399,4397,4395,4392,4390
1941,1942,4579,1879,1880,4918,4921,4293,4303,4304,4302,4295,4300,4301,4298,2779,2776,2910,2909,2056
2073,2075,2058,2060,2066,2080,2070,2078,2063,2068,2053,4330,2048,2051,2046,2047,4453,4454,4455,2101
5057,2095,2093,4223,4222,2035,2037,2033,2045,2034,3717,3718,4926,4931,4955,3717,3718,4926,4931,4955
4933,4927,4945,4936,4962,4958,4948,4939,4950,4942,4960,4952,4929,4693,4701,4706,4702,4703,4696,2245
2246,2241,3376,2258,4880,4885,3720,3721,2979,4499,4495,4575,4576,4160,4154,4147,4142,4161,4157,4153
4163,4145,4150,4143,4149,4155,3511,3722,3759,3745,3779,3796,3751,3797,3754,3777,3781,1870,1866,4323
4328,4329,2424,2419,4543,4533,4535,4549,2413,2422,4709,4719,4716,4712,4587,4583,4589,4584,3317,3302
3320,2497,5029,4715,3735,3729,3725,3737,3732,4227,4240,4233,4225,4235,4229,4237,4232,4094,4113,4115
4103,4102,4107,4263,4252,4250,3341,3335,3338,3226,3232,3231,3228,3225,3410,1990,5052,5053,5056,3620
4729,4741,4739,4737,4736,4732,4730,4726,4725,4722,2151,3682,3679,3676,3674,3672,2885,2884,2082,2092
2086,2083,2089,3663,3665,2464,3736,4540,4548,4534,4546,4542,3739,3610,3698,3711,3697,3708,3661,3372
4386,3664,4382,4385,4379,4375,4373,4381,4377,3803,3813,3801,3809,3810,3807,3356,2789,2788,2784,4203
4207,4210,4211,4206,2249,4201,3555,3556,2307,2309,2311,3636,1902,2273,3600,3603,3609,3598,3605,3607
4306,3880,3878,1875,3881,5075,5073,5077,4258,4262,3993,3987,3981,3323,3565,3180,2736,3306,3298,3304
3311,3308,4022,4020,4021,2886,4367,2841,2707,2709,2711,4665,4663,4010,375,18807,18805,18809,18803,19059
19057,18823,19068,19065,19067,19072,18450,18464,18449,18457,18459,18463,18436,18455,18438,18453,18446,18439,18465,18444
18441,18458,18994,18995,19050,19037,19042,18466,18243,18246,18237,18244,18240,19048,19040,19045,18535,18239,18236,18234
18241,19027,376,18821,18812,18818,18816,18813,18820,18889,581,19154,18123,18122,18124,18668,18669,18665,18660,18662
18666,18693,18692,18684,18690,18476,18479,18475,18474,18597,18890,18369,377,18807,18805,18809,18803,19059,19057,18823
19068,18409,18410,18406,18405,378,18840,18828,18612,18611,18613,18185,18831,18833,18830,18832,18827,18990,378,379
18807,18805,19170,18876,18878,18188,18193,18194,18187,18190,19136,19133,19131,19135,19130,18632,18267,18266,19067,19072
18450,18464,18449,18577,18416,18415,19132,19138,19134,19000,19001,19137,19129,19139,18191,18186,18195,18192,18189,18877
19171,18806,18821,18812,3795,3771,3759,3745,3779,3796,3751,3797,3754,3777,3781,1870,1873,1869,1866,2970
4332,4323,4335,4325,4326,4328,4329,2052,2424,2419,2411,2414,2425,4543,4536,4533,4550,4535,4538,4547
4549,2154,4545,2413,2422,2430,3795,3771,3759,3745,3779,3796,3751,3797,3754,3777,3781,1870,1873,1869
1866,2970,4332,4323,4335,4325,4326,4328,4329,2052,2424,2419,2411,2414,2425,4543,4536,4533,4550,4535
4538,4547,4549,2154,4545,2413,2422,4709,4719,4716,4712,4587,4583,4589,4584,3317,3302,3320,2497,5029
4715,380,18134,18231,19028,18136,19113,380,3805,2351,3356,2789,2788,2784,2791,2782,2781,2787,2637,2638
4481,4486,4484,2192,4487,4479,4482,4478,1884,1887,1889,1885,3740,3741,3742,1947,2837,2832,2021,2826
2835,2130,2823,2834,2829,2838,2272,2833,2302,2263,1874,4292,2540,2881,2190,2271,4200,4199,3805,3800
3172,3173,2761,2770,4203,4207,4210,4211,4206,2249,4201,3555,3556,2307,2309,2311,2316,2317,2319,4131
1857,1860,4420,4387,4421,1876,381,18424,18234,18241,18105,18137,18529,19024,18135,18846,18242,18425,18466,381
381,18466,18424,18234,18241,18105,18137,18529,19024,18135,18846,18242,18425,381,381,19245,19257,18676,18672,18675
18673,18671,18587,18586,19251,19246,19258,18856,18854,18851,18658,18655,18869,19253,18588,18593,18589,18209,18211,18212
18219,18214,18216,18532,18473,18106,382,18838,19114,18396,18398,18389,18390,18395,18931,18944,18939,18100,18091,18086
18078,18076,18074,18089,18094,18526,18402,18622,3823,3824,3815,3833,3818,3831,3817,3820,2804,2797,4796,4794
384,18838,18841,18843,18829,18835,18837,578,18359,18357,18223,18220,18221,18413,18411,18559,18560,18394,18387,18380
18384,18522,18523,18393,18396,18398,18544,18485,3841,3852,3840,3837,3216,3212,3218,3223,3211,3205,3207,3208
3182,3219,3185,3187,3189,3191,3193,3194,3196,3199,3200,3203,3623,3622,2550,3847,3845,3850,3854,3844
3849,3841,3852,3840,3837,3216,3212,3218,3223,3211,3205,2268,2547,3209,385,17726,17995,671,385,17726
17995,671,18045,385,17726,17995,671,18045,17782,385,17726,17995,671,18045,17782,17895,385,17771,17877,17775
17777,17869,18046,385,17771,17877,17775,17777,18046,385,17877,17775,17777,18046,3882,3883,2173,1926,1928,1927
1930,1929,1925,1913,1918,1921,1933,1916,1915,2733,2731,3405,3077,3088,3078,3075,3085,3073,3070,3091
3072,3096,3882,3883,2173,1926,1928,1927,1930,1929,1925,1913,1918,1921,1933,1916,1915,2733,2731,3405
3077,3088,3078,3075,3085,3073,3070,3091,3072,3096,3092,3094,3081,3065,2489,4687,4682,4685,3099,3083
3067,3062,3930,1352,2330,2334,2499,2504,2502,3614,1862,2254,2262,3518,4625,4630,4626,4627,4728,3619
5055,5054,5051,1972,3946,3924,3893,3903,3906,3909,3911,3917,3885,3889,3894,3899,3905,3955,3959,3952
3935,3945,3958,3937,3931,3946,3924,3893,3903,3906,3909,3911,3917,3885,3889,3894,3899,3905,3955,3959
3952,3935,3945,3958,3937,3931,1355,3957,3928,3920,3949,3967,3944,3938,3921,3936,3941,3956,3951,3929
3960,3964,3948,3954,3940,3922,3926,3904,3953,3900,3898,3896,3895,3892,3890,3887,3886,3961,3884,3919
3916,3914,3912,3910,3908,3907,3902,3934,3721,3794,4689,3957,3928,3920,3949,3967,3944,3938,3921,3936
3941,3956,4241,3951,3929,3960,3964,3948,3954,3940,3922,3926,2126,3989,3983,3978,3984,3993,3987,3981
3980,3976,3973,3971,3970,2922,2461,2459,3948,2869,2864,2868,2876,2866,2870,2871,2877,2418,2420,4083
4088,4188,4185,4184,4182,4167,4179,4177,4174,4172,4085,4082,4084,4168,4169,4171,4173,4175,4178,4166
3994,3944,3936,3951,3960,3954,3904,3898,3895,3890,3884,3916,3910,3908,3907,3902,3934,3721,3794,4689
3946,4010,4664,4662,2710,2708,2842,2840,4009,4011,4024,4018,4023,3309,3310,3305,3299,3307,2735,3181
3564,3105,3104,3979,3982,3986,3992,3985,4259,4269,5072,5074,5076,3876,3877,3879,4302,4295,3608,3604
3599,3602,3606,3601,1901,3635,3638,2310,2308,3557,3554,4202,2251,4205,4212,4209,4208,4204,2786,2793
2790,3357,3806,3811,3808,3802,3812,3804,4376,4380,4372,4374,4378,4384,4383,3372,4386,3664,3659,3660
3709,3695,3696,3710,3699,3611,2533,3739,403,10299,10302,10303,10305,10307,10321,10310,10311,10313,10314,10324
11342,11395,1337,11341,11371,11345,11300,11363,11358,11367,11318,11326,11312,11329,11307,11302,11309,11382,11305,11352
11360,11338,11334,11366,11310,11323,11907,11892,11888,11903,11897,11901,11909,11570,11586,11580,11582,11590,11579,8100
8289,8318,8322,8297,11800,11802,11791,11789,11787,11786,11784,11782,11801,11780,11777,11775,11774,11913,8500,8496
7577,10426,403,10299,7672,7675,7663,9604,9606,9607,9609,9611,9613,9615,9617,11332,11355,10517,10522,10519
10516,8242,8268,8264,8273,8255,8263,8238,8252,8241,8250,8953,8955,9246,10784,11481,11484,11485,11474,8284
8282,4033,2175,2176,2179,4436,4442,4439,4438,3480,3482,4975,4978,5048,5050,4432,4877,4876,2478,5003
4242,4245,2366,2363,2365,2369,3413,5070,5067,5071,4965,4966,3052,3054,3056,3058,3060,2356,3999,3996
4005,4239,4371,4489,4001,4004,3312,3314,3309,3310,3305,3299,3415,3417,3416,3337,3333,4254,4267,4261
4256,4248,4266,4525,2107,2332,2328,4678,4679,1356,4035,2097,2075,2058,2060,2066,2080,2070,2078,2063
2068,2053,4330,2048,2051,2046,2047,4453,4454,4455,2101,5057,2095,2093,4223,4222,2035,2037,2033,2045
2034,404,10299,7672,7675,7663,7665,7667,7659,7674,7658,7671,7669,7662,7676,11373,11327,10575,8919,8894
11375,10140,8064,8066,10142,8465,7699,8466,7726,11554,9984,9985,10948,10951,10967,10966,9369,10952,10950,10949
8940,8189,8195,11925,8996,407,10323,9793,9791,9796,9803,8957,8961,8963,8965,8967,8969,8970,8971,8973
8975,8978,8979,11321,9207,11096,11094,11213,11211,9825,7822,9824,8674,8649,8661,8671,8662,8675,8660,8655
8670,8654,9367,9368,9363,9362,8280,8283,8285,10683,10786,10785,11483,11482,9034,4077,4839,4338,4356,4347
4352,4345,4929,4959,4698,4699,3703,3704,2024,4799,1863,2780,4078,4074,4070,4065,2794,2801,2808,2805
2799,2810,4693,4701,4706,4702,4703,4696,2245,2246,4078,4074,4070,4065,2794,2801,2808,2805,2799,2810
4693,4701,4706,4702,4703,4696,2245,2246,2241,4881,4132,4060,4058,4056,4054,4063,4052,4050,4048,4046
4045,2032,2031,2029,2028,2027,2026,2030,3672,3671,3668,3667,3691,3688,3687,3684,3690,3177,4671,3371
3357,3367,3355,3359,3368,3361,3353,3364,3793,3758,3757,3756,3753,3749,3762,3761,3746,3744,2436,1471
4164,4165,4290,5021,3442,3439,3458,2542,2543,3525,3524,3522,3523,3521,3526,3847,3449,2293,2294,2292
2290,3381,1867,3110,3113,2507,2508,2532,2510,2512,2515,2516,2519,2521,2522,2524,2526,2672,2673,2675
2680,2071,4166,4180,4183,4186,4187,4170,4087,4086,2419,2410,2878,2872,2865,2867,2879,2875,2873,2874
2462,2460,2463,2923,3968,3969,3972,3974,3975,3979,3982,3986,3992,3985,3988,3977,3991,3990,4578,4530
4528,4661,4635,4637,4652,4656,4659,4653,4651,4640,4641,4643,4644,4647,4649,4167,4177,4172,3476,3473
3472,4081,4080,4079,3517,3594,3595,3597,3596,3422,3431,3421,3425,3426,3428,2182,4844,2159,2186,2166
2178,4765,4167,4179,4177,4174,4172,4085,4082,4084,4168,4169,4171,4173,4175,4178,4166,4199,2539,2541
4294,2825,2300,2283,2839,2830,2255,2824,2148,2836,2827,2022,2831,2828,3764,3786,3789,1886,1890,1888
1883,1882,2538,2537,2536,4968,4969,2191,4483,4485,4480,1945,1943,1946,2783,2792,2786,2793,2790,3357
3805,4337,4072,4067,4066,4071,4075,4991,4982,3700,3706,3698,3711,3697,4461,3330,3331,4198,4197,4191
4194,1987,1979,1981,1986,1988,1992,1993,1999,2002,2005,2000,1974,2006,1976,1984,3567,3573,1354,4347
4352,4345,2810,4693,4701,4706,4702,4703,4696,2245,4354,4358,4349,4362,4366,4339,4360,4342,4363,4343
4350,3504,4354,4358,4349,4362,4366,4339,4360,4342,4363,4343,4350,3504,3510,3502,3503,3501,3456,3437
3462,3445,3461,3443,3447,3451,3440,3433,3455,3436,4354,4358,4349,4362,4366,4339,4360,4342,4363,4343
4350,3823,3824,3815,3833,3818,3831,3817,3820,2804,2797,4796,4794,4373,4764,4744,4749,4766,4769,4750
4746,4756,4313,4316,4308,4320,4317,4314,4310,4315,4311,4319,4318,4309,4312,3743,3760,4669,4690,4397
4395,4392,4390,1941,1942,4579,1879,1880,4918,4921,4293,4303,4304,4302,4295,4300,4301,4298,2779,2776
2910,2909,2056,2073,2058,2060,2066,2080,2070,2078,2063,2068,2053,4330,2048,2051,2046,2047,4453,4454
4455,2101,5057,2095,2093,4223,4222,2035,2037,2033,2045,2034,4498,2583,2336,2338,2343,2335,3210,4672
4673,3371,3357,2354,2350,2352,2348,2346,2771,2764,2767,3768,1954,1962,1955,1950,1966,1968,1951,1957
1959,1969,3892,1919,1932,1914,1924,4335,4325,4326,4328,4329,2098,4499,4495,4247,2619,2603,2623,2583
2576,2568,2569,2573,2552,2554,2610,2556,2558,2559,2561,2563,2566,2133,2134,2143,2147,4517,2577,2588
2613,4683,4500,4522,4496,4508,4514,3332,2745,2760,2755,2751,2748,2752,2749,2759,2753,2756,2758,2747
2750,2754,2757,2746,2744,4532,4544,2155,4537,4539,4540,4548,4534,4546,4542,2426,2417,2418,2420,2010
4331,4330,4333,4327,4324,4334,4322,4321,1865,1867,1868,3885,4667,4990,4984,4986,4980,4983,4995,5001
4998,4981,4979,4993,4532,4544,2155,5045,5043,5046,2150,5047,5044,2898,4875,4491,4490,4430,4428,4429
4431,4581,5015,4555,4553,4560,4552,2484,2480,2482,4427,4425,1997,1982,1975,2008,4468,4471,5037,5032
5039,4555,4553,4560,4552,2484,2480,2482,4427,4425,1997,1982,1975,2008,4468,4471,5037,5032,5039,3866
3862,3864,3867,880,314,942,827,4555,4553,4560,4552,2484,2480,2482,4427,4425,1997,1982,1975,2008
4468,4471,5037,5032,5039,3866,3862,3864,3867,880,314,942,827,4832,4556,4095,4107,4109,4097,4098
4090,4117,3569,5037,5032,5039,3866,3862,3864,3867,880,314,942,827,4556,4095,4107,4109,4097,4098
4090,4117,3569,5037,5032,5039,3866,3862,3864,3867,880,314,942,827,4832,4556,4563,4570,4567,4559
4566,2124,2728,2727,2726,2724,2722,2720,4466,4469,4463,4462,2717,2733,2730,4556,4563,4570,4567,4559
4566,2124,2728,2727,2726,2724,2722,2720,4466,4469,4463,4462,2717,2733,2730,3867,880,314,942,827
4557,4100,4107,4109,4097,4098,4090,4117,3570,5035,5032,4921,4301,4294,3768,3764,3786,3789,3766,3770
3776,3774,3793,3758,3757,3755,3752,3750,3748,3747,3785,3743,3760,4669,4690,4579,1879,1880,4918,4921
4293,4303,4304,4302,4295,4300,4301,4298,2779,2776,2910,2909,2056,2073,2075,2058,2060,2066,2080,2070
2078,2063,2068,2053,4330,2048,2051,2046,2047,4453,4454,4455,2101,5057,2095,2093,4223,4222,2035,2037
2033,2045,2034,4621,4597,4623,4620,4616,4184,4182,4167,4179,4177,3587,4028,4030,5041,3430,3423,3471
3873,3870,3869,3030,3044,3033,4032,3418,4649,4648,4646,4645,4657,4642,4650,4654,4658,4655,4639,4638
4636,4634,4660,4527,4529,4531,4577,3989,3983,3978,3984,3993,3987,3981,3980,3976,3973,3971,3970,2922
2461,2459,3948,2869,2864,2868,2876,2866,2870,2871,2877,2418,2420,4083,4088,4188,4185,4184,4182,4167
4179,4177,4174,4172,4085,4082,4084,4168,4169,4171,4173,4175,4178,4166,4667,4990,4984,4986,4980,4983
4995,5001,4998,4981,4979,4992,4689,3962,3924,3893,3903,3906,3909,3911,3913,3915,3917,3918,3885,4141
4140,3888,3889,3891,3894,3897,3899,3901,3965,3905,3927,3923,3939,3955,3925,2189,3963,3959,3933,3952
3950,3942,3935,3947,3932,3945,3966,3943,3958,3937,3931,3957,4690,4688,3771,3759,3745,3779,3796,3751
3797,3754,3777,3781,3798,3773,3780,3763,3767,3791,3741,3742,3769,4292,5063,4917,5030,5038,3574,4105
4118,4091,4119,4104,4110,4108,4099,4557,4690,4688,3771,3772,4765,4755,4770,4763,4760,4771,4754,4759
4753,4758,4762,4772,4752,4761,4757,4747,4751,4768,4767,4748,4745,4380,2619,4373,4706,4696,2245,2241
2240,2239,2164,2173,4846,2160,2162,4845,2170,2175,2176,2179,2165,2187,2169,2181,2184,2413,5005,471
13325,15180,15181,12799,13956,13978,13967,13983,13959,13989,13963,13972,13970,13976,13974,13961,13981,14532,14524,14837
14832,14836,14526,14533,12681,12688,12680,12684,12673,12678,12682,12686,12671,12675,13438,1388,14036,14038,13979,13966
13991,13987,13652,13785,13789,13792,13796,13779,13775,13773,13126,13121,13124,13127,13131,14455,14452,14449,14450,14067
14065,14064,14049,14048,14069,14053,14071,14072,14055,14074,14052,14061,14058,13420,13588,12504,1409,4714,4721,2498
3319,3303,3318,4585,4588,4582,4586,4711,4720,4710,2431,4532,4537,4540,4534,4542,2418,2420,4330,4333
4322,1867,1871,3758,3757,3755,3752,3750,3748,3747,3785,3743,3760,4669,3722,4714,4721,2498,3319,3303
3318,4585,4588,4582,4586,4711,4720,4710,2431,4532,4544,2155,4537,4539,4540,4548,4534,4546,4542,2426
2417,2418,2420,2010,4331,4330,4333,4327,4324,4334,4322,4321,1865,1867,1868,1872,3758,3757,3755,3752
3750,3748,3747,3785,3743,3760,4669,3795,476,5986,5968,5989,5940,6018,5892,5931,5923,5982,5966,5959
6743,6021,5912,6020,5993,5910,5914,5904,5997,5976,5894,5944,5988,5930,5888,5884,5947,5881,5878,5933
5932,5873,5872,5895,5935,5879,6012,5984,5942,6011,5954,5919,5974,5998,5916,5949,5991,6013,5971,5965
6015,6006,5920,6000,6001,5962,5900,5994,6815,6008,6010,5928,6022,5875,5871,5303,5905,5926,5945,5979
6004,5925,5762,6519,6525,6517,6518,6515,6309,602,476,6392,6397,6396,6393,7070,7075,7065,7068,7077
7066,7062,7071,5558,5540,5554,5552,6547,6552,7082,7133,7137,7130,6493,6495,6490,6488,6484,6491,6472
6469,6467,6480,6477,6483,6486,6476,6481,5959,6741,476,6392,6397,6396,6393,7070,7075,7065,7068,7077
7066,7062,7071,5558,5540,5554,5552,6547,6552,7082,7133,7137,7130,6493,6495,6490,6488,6484,6491,6472
6469,6467,6480,6477,6483,6486,6476,6481,5959,6743,6021,5912,5953,6020,5993,5910,5914,5904,5997,5976
5894,5944,5988,5930,5992,5888,5886,5884,5947,5881,5878,5933,5932,5873,5872,5895,5935,5879,6012,5984
5942,6011,5954,5919,5906,5974,5980,5998,5916,5937,5949,5897,5991,6013,5971,1484,6898,6896,6897,6899
5371,6452,6450,6447,6803,6802,6805,5335,5394,5398,5396,5358,5580,5583,5574,5577,5572,5585,5566,5568
5581,5575,5570,6695,6693,6691,5393,6514,5302,6513,6512,6510,6508,6505,4764,4744,4749,4766,4769,4750
4746,4756,4313,4316,4308,4320,4317,4314,4310,4315,4311,4319,4318,4309,4312,3743,3760,4669,4690,4765
4696,2245,2246,2248,2173,2160,4845,2170,3429,3427,3424,3420,3430,3423,4081,4080,4079,3517,3594,3595
3597,3596,3474,3475,3477,4175,4166,478,477,13021,13001,13059,12987,13082,13004,13032,13086,13069,13095,13024
13031,13078,1190,15077,15069,14627,14622,14613,14616,14604,14609,12381,12377,12391,12780,12765,12978,478,477,13060
13021,13072,13009,13080,13057,13001,13059,13025,13047,12988,13039,13091,13050,12987,13013,13036,13075,13082,13030,13070
13011,13015,13063,13052,13004,12992,13064,12989,13096,12985,13032,13023,13045,13027,13048,13086,13006,13069,13042,13095
13068,13026,13024,13020,13066,12998,12983,13031,12994,13076,13038,13078,13029,13054,13033,1189,12982,12990,13089,15079
15075,15083,15077,15068,15070,15069,15073,15067,14627,14624,14622,14620,14605,14616,14617,14599,14601,14604,14608,14609
14612,12367,13547,13570,13560,13580,13551,13574,13552,13568,13559,13554,13583,13573,15108,15103,15115,15104,12782,12978
4793,4795,2796,3821,3816,3830,3819,3832,3814,3825,3822,5024,4793,4795,2796,3821,3816,3830,3819,3832
3814,3825,3822,5024,5025,4344,4364,4341,4359,4340,4365,4361,4348,4357,4353,4829,1309,941,313,879
5002,3865,3863,3166,5040,4915,1895,4775,4777,4779,4780,4782,4792,4785,4787,4788,4790,2230,2232,2234
4829,1309,941,313,879,5002,3865,3863,3166,5040,5030,5038,3571,4118,4091,4119,4104,4110,4108,4096
2372,4829,1309,941,313,879,5002,3865,3863,3166,5040,5030,5038,4472,4467,2009,1977,1995,1996,4424
4426,4130,2481,2483,4551,4561,4562,4832,4824,3590,3592,4864,4854,4859,4861,4868,4871,4872,4852,4856
4862,2415,2427,4882,4880,3591,4823,4830,2976,4688,3771,3759,3745,3779,3796,3751,3797,3754,3777,3798
3773,3780,3763,2731,3405,3362,3369,3358,3352,3366,3356,2789,2788,2785,2636,2634,3493,3495,2304,3559
3532,3561,3535,3536,3539,3541,3542,3545,3547,3562,3549,3550,3553,3529,3531,4882,4880,3591,4823,4830
4688,3771,3759,3745,3779,3796,3751,3797,3754,3777,3781,3798,3773,3780,3763,2981,2984,2785,2636,2634
3493,3495,2304,3559,3532,3561,3535,3536,3539,3541,3542,3545,3547,3562,3549,3550,3553,3529,3531,4884
2166,2167,2172,2178,3581,4755,4704,4692,4707,4700,4694,2809,2806,2798,2800,2807,4066,4071,4075,4991
4884,2166,2167,2172,2178,3581,4755,4704,4692,4707,4700,4694,2809,2806,2798,2800,2807,4066,4071,4075
4991,4982,2698,2700,2706,2696,2702,2695,2494,2492,2496,2493,2495,3514,2945,2964,2944,2954,2949,4884
2166,2167,2172,2178,3581,4755,4704,4692,4707,4700,4694,2809,2806,2798,2800,2807,4066,4071,4075,4991
4982,2698,2700,2706,2696,2702,2695,2494,2492,2496,2493,2495,3835,3829,3826,2883,4885,2166,2167,2172
2178,3581,4755,4885,2166,2167,2172,2178,3581,4755,4704,4692,4707,4700,4694,4930,4951,4961,4941,4949
4940,4947,4957,4963,4935,4946,4928,4934,4956,4932,4925,2371,3717,4902,4906,4893,4903,4908,2407,2402
2404,2405,2373,2375,2409,2377,2380,2381,2384,2385,2387,2390,2391,2394,2396,2398,2399,2198,2200,2546
2550,4920,4915,1895,4775,4777,4779,4780,4782,4792,4785,4787,4788,4790,2230,2232,2234,4920,4919,1881
1878,1877,4580,1940,1939,4393,4394,4396,4398,4400,4402,4405,4406,4408,4411,4733,4734,2158,2156,4414
4423,4417,4418,3715,4921,5030,5038,4105,4118,4091,4119,4104,4110,4108,4099,3306,3298,3304,3311,3308
3315,3313,1900,1938,3301,3319,3350,5012,5007,5013,5008,5010,2431,2416,2421,4843,2171,2168,2185,2183
2180,2177,2174,3028,3861,3858,3856,2629,4844,2163,2159,4847,2186,2238,2244,2166,2167,2172,2178,3581
4755,4704,4692,4707,4700,4694,2809,2806,2798,2800,2807,4066,4071,4075,4991,4982,3700,3706,3698,3711
3697,4461,4198,4197,4191,4194,1987,1979,1981,1986,1988,1992,1993,1999,2002,2005,2000,1974,2006,1976
4922,5030,5038,4472,4467,2009,1977,1995,1996,4424,4426,4130,2481,2483,4551,4561,4562,4922,5036,5031
1897,3574,3568,3019,2011,2012,2298,1936,2109,2535,5056,3616,3160,3151,3164,3162,3158,3528,3157,3154
2714,2713,2333,1352,4956,4932,4925,2371,3717,4970,2194,2195,3259,3255,3253,3252,3249,3247,3245,3243
3242,3240,3238,3279,3264,3261,3258,3265,3286,3284,3268,3278,3287,3271,3283,3273,3276,4677,4125,4121
4122,4124,4123,4120,3746,3744,2436,1470,4973,3953,2678,3137,3126,3124,3121,3120,3116,3114,3112,3111
3134,3133,3132,3131,3130,3129,3128,3127,3118,3719,3720,3721,2979,4499,4495,4575,4576,4160,4154,4147
4142,4161,4157,4153,4163,4145,4150,4143,4149,4155,3511,4974,2681,3965,2126,2124,2683,2692,2688,2686
2694,2684,2926,2923,3968,3969,3972,3974,3975,3108,3107,3109,2296,4819,4805,2260,4813,4802,4810,4435
4434,4016,2257,4013,4012,4014,2256,4015,4017,4816,4812,4814,4808,4815,5063,5065,5061,3602,3606,3601
2739,2741,2740,2742,4189,3799,4631,4633,4632,2738,4190,4129,4128,4127,4126,2740,2742,4089,5019,1864
5016,5017,2149,2188,2196,5018,2274,1902,2273,3600,3603,4974,2681,3965,2126,2124,2683,2692,2688,2686
2694,2684,2926,2923,3968,3969,3972,3974,3975,3108,3107,3109,2296,4819,4805,2260,4813,4802,4810,4816
4812,4814,4808,4815,5063,5065,5061,3602,3606,3601,2739,2741,2740,2742,4189,3799,4631,4633,4632,2738
4190,4129,4128,4127,4126,2740,2742,4089,5019,1864,5016,5017,2149,2188,2196,5018,2274,1902,2273,3600
3603,4991,4982,4999,5000,4987,4996,4997,4994,4985,4989,4988,4141,4140,3888,3889,3891,3894,3897,3899
3901,3965,3905,3927,3923,3939,3955,3925,2189,3963,3959,3933,4111,4094,4113,4115,4103,4102,2737,4993
4982,4999,5000,4987,4996,4997,4994,4985,4989,4988,1873,1869,1866,2970,4332,4323,4335,4325,4326,4328
4329,2052,2424,2419,2411,2414,2425,4543,4536,4533,4550,4535,4538,4547,4549,2154,4545,2413,5004,2110
4916,2118,2116,2114,2112,4404,4403,4401,4399,4397,4395,4392,4390,4389,1911,1910,1908,1906,1903,3641
3639,3633,3637,2287,2307,5015,3738,3726,3730,3736,3735,3729,3725,3737,3351,3349,4717,4713,4718,4711
4493,4494,4492,3657,3658,2416,2451,2449,2447,2446,3050,2250,5015,3738,3726,3730,3736,3735,3729,3725
3737,3351,3349,4717,4713,4718,4711,4493,4494,4492,3657,3658,2416,2451,2449,2447,2446,3050,2250,2326
3049,2445,2448,2450,2452,4532,5023,3834,5025,4344,4364,4341,4359,4340,4365,4361,4348,4357,4353,5024
5025,4344,4364,4341,4359,4340,4365,4361,4348,4357,4353,5028,2231,2229,2227,4789,4786,4784,4791,4783
4781,4778,4776,4774,4773,1896,4918,4921,5060,5062,5066,5064,4298,4294,3768,3764,3786,3789,3766,3770
3776,3774,3793,3758,3757,3755,3752,3750,3748,3747,3785,3743,3760,2975,4828,4842,4826,4834,4836,3016
4820,4839,3515,3516,3520,5028,2231,2229,2227,4789,4786,4784,4791,4783,4781,4778,4776,4774,4773,4914
4922,5028,2231,2229,2227,4789,4786,4784,4791,4783,4781,4778,4776,4774,4773,4914,5039,3866,3862,3864
3867,880,314,942,827,5028,2231,2229,2227,4789,4786,4784,4791,4783,4781,4778,4776,4774,4773,4914
5039,3866,3862,3864,3867,880,314,942,827,4832,5040,5030,5038,3571,4118,4091,4119,4104,4110,4108
4096,2372,5115,1455,512,19657,19427,19316,19318,19315,19323,19321,19382,19379,19387,19395,19389,19392,19393,19367
19365,19436,19439,19419,19415,19418,19375,19370,19374,19378,19377,19362,19363,19424,19425,7191,19277,19278,19273,19271
19338,19339,19344,19350,19346,19341,19349,19354,19352,19347,19355,19612,19613,19610,19608,7444,7403,7402,19514,19513
19262,19261,19515,7401,7441,7431,7435,7432,7259,7387,7390,7391,19451,512,19657,19427,19316,19318,19315,19323
19321,19382,19379,19387,19395,19389,19392,19393,19367,19365,19436,19439,19419,19415,19418,19375,19370,19374,19378,19377
19362,19363,19424,19425,7191,19277,19278,19273,19271,19338,19339,19344,19350,19346,19341,19349,19354,19352,19347,19355
19612,19613,19610,19608,7444,7441,7431,7435,7432,7259,7387,7390,7391,19451,512,19657,19427,19316,19318,19315
19323,19321,19382,19379,19387,19461,19420,19295,19453,19462,19466,19465,19457,19452,19455,19658,19269,512,7178,7181
7183,7187,7185,7190,7385,19561,19592,19563,19512,19259,19301,19299,512,7178,7181,7183,7187,7185,7190,7385
19561,19592,19563,19512,19259,19301,19299,19297,19406,19408,19403,19412,19409,19411,19501,19616,19619,19615,7455,7416
7325,512,7178,7181,7183,7187,7185,7190,7385,7404,19580,19598,19597,19555,19566,19568,19603,19290,19582,19589
19588,19557,19551,19573,19499,19517,19578,19291,19602,19266,19286,19467,19500,19559,19356,5126,5239,5244,5242,5215
5230,5151,513,7173,19313,7208,7307,514,19296,19421,19294,19367,7318,7327,19432,19328,19335,19334,19330,19433
19434,7301,7438,7442,7436,7444,7441,7431,7435,7432,7259,7387,19326,19325,19537,19540,19448,19442,19444,19449
19446,19441,19534,19525,19523,19528,19529,19531,19526,19451,515,7294,7396,7316,7469,7471,7463,7466,7467,7464
7460,7293,7299,7350,7349,7347,7345,7344,7342,7351,515,7315,7321,7416,7447,7294,7396,7316,7458,7360
7353,7355,7358,7452,7203,7204,7202,7205,7207,7206,7172,7297,7184,515,7367,7274,7269,7263,7270,7262
7264,7271,7448,7339,7334,7336,7331,7196,7199,7417,7322,7324,7216,7227,7223,7215,7222,7225,19283,5150
5167,5123,5131,5286,5166,5261,5151,5150,5267,5270,5269,5181,5140,5192,5201,5151,5151,1455,5151,5115
1455,5151,5161,5292,5278,5130,5279,5288,5161,5151,5151,5177,5223,5086,5159,5191,5224,5087,5151,5151
5197,5167,5123,5131,5286,5166,5261,5151,5151,5214,5216,5241,5245,5240,5126,5151,5216,5245,5155,1711
5151,5216,5245,5206,1711,5151,5258,1669,5151,5258,5145,5206,1669,5151,5267,5270,5269,5181,5140,5192
5201,5151,5151,5274,5097,5134,5172,5151,5288,5277,5172,5151,5182,5216,5245,5155,1711,5182,5216,5245
5206,1711,5206,5143,5215,5258,5190,5255,5294,5187,5189,5185,5216,5082,5145,5206,5234,5215,5151,5287
5151,1668,5288,5275,5151,1455,5312,7048,7045,6585,6374,6372,6371,6376,6375,6377,5780,5787,5784,5789
5783,5782,5779,5312,7048,7045,6585,6374,6372,6371,6376,6375,6377,5780,5787,5784,5789,5783,5782,5779
7051,7049,5312,5312,7048,7045,7052,6585,6374,6372,6371,6376,6375,6377,6238,6239,6250,6260,6574,6576
6584,5387,6580,6578,7107,6618,5391,6619,5775,6940,6943,5392,6950,6948,6945,6954,6952,5348,6956,6304
6306,6310,6311,1353,5320,5339,6350,6351,6348,6355,6359,6353,6998,7005,6401,6403,5385,7098,7097,7096
7094,7099,6844,5761,6895,7033,6322,6894,5350,6100,6112,6103,6107,6114,6109,6335,6333,6340,5680,5682
5675,5688,6568,6906,6904,6908,6909,6097,6108,6117,6115,5501,5496,5497,5503,5871,5303,7019,5349,5340
5341,5344,5882,5857,5861,5869,5854,5843,5846,5596,5599,6922,6926,6924,6927,5866,5859,5863,5306,5602
5611,5597,5606,5601,5605,5610,5609,5603,6067,6071,6069,6072,6065,5349,5340,5341,5344,5882,5857,5861
5869,5854,5843,5846,5838,6685,6687,6689,6688,5368,6684,6686,5521,5522,5523,6648,6647,6646,5844,5845
5839,5367,6061,5545,5534,5532,5529,5563,5650,5648,5651,5646,6445,5959,6744,5399,5495,6380,6382,6383
6135,6139,6142,6137,6140,6134,6131,6145,6504,7017,5926,6172,6183,6182,6180,6101,6105,6890,6323,6321
6317,6318,5763,6519,6024,6027,6598,6597,6224,5721,5724,6222,6219,6208,6216,6211,6209,1353,5399,5495
6380,6382,6383,6135,6139,7020,7025,7028,6232,6230,6816,6959,6969,6961,6766,5330,6764,6765,6881,6962
6968,6963,6966,6761,6388,6385,5327,5758,6939,5399,6804,6806,5424,5433,6824,6828,6820,6826,6832,5418
5445,5450,5643,5644,5641,5640,5633,5639,5299,6456,6453,6455,6459,6458,5338,6457,6460,6454,5634,5638
5709,6822,6827,6836,5428,6080,5798,5370,5825,5824,5826,6985,6972,6974,6980,6982,6988,6990,6978,6984
5868,5428,7115,5793,5791,6638,6631,6634,6653,5657,5659,6557,6370,7056,7057,7053,6341,5325,7058,6655
5433,5727,5732,5730,6736,6728,6733,6732,6430,6427,6428,6425,6422,6429,6424,6918,6920,6921,6919,6917
6750,6747,6746,6751,5524,5525,5630,5440,5442,5436,5421,5469,5446,5462,5422,5461,6859,5481,6342,6343
6361,5480,5479,6666,6682,6670,7113,6600,6916,5711,6681,6683,6679,6675,6669,6668,5441,5475,5447,5444
5458,5449,5463,6277,6280,6051,5354,6055,6048,6047,6053,6046,6044,5698,5457,6718,6724,6726,6720,6729
6721,6730,6719,6725,5735,5734,5737,5430,6562,6564,6498,6496,5803,5800,6733,6195,6197,6189,6191,6193
6588,5457,6722,6736,6728,6733,6732,6430,6427,5631,5629,6752,6748,6753,6836,5505,5705,5704,5300,7061
6717,5524,5525,5630,6423,6426,6431,6731,6727,6734,6723,6718,6724,6726,6735,5543,5546,5542,5539,5557
5549,5817,6462,7143,6443,7137,7130,7139,6368,6738,6464,6848,6847,6855,6846,6860,6853,6854,6849,5543
5546,5542,5539,6759,6754,6758,5754,5756,6862,6495,6490,6739,6738,6464,6848,6847,6855,6846,6860,6853
6854,6849,5610,5609,5603,5600,6441,5707,5607,5608,5598,6685,6687,6689,6688,5368,6684,6686,5521,5522
5523,6648,6647,6646,5844,5840,5845,5839,5841,5847,5837,5858,5865,5868,5612,6437,6436,6551,6542,6554
6545,6544,6553,6550,6543,5553,5561,7073,7072,7063,5326,7076,7067,7064,7074,7069,6395,6394,6398,6188
474,6711,6715,6713,6788,7030,5626,6128,6902,6874,6869,6867,6870,6540,6536,6642,5626,6128,6902,6874
6869,6867,6870,6540,7168,7169,7167,6573,5742,5741,5744,5743,6536,5376,6642,5627,7115,5791,6638,6631
6634,6653,5657,5659,6557,6370,7056,7057,7053,6341,5325,7058,6655,5653,6528,6522,6839,6523,601,6312
6628,6998,7005,7001,6997,7014,7006,7008,7011,7003,7000,6798,6790,6793,6887,6886,6883,6889,6323,6321
6317,6318,5768,5653,6528,6522,6839,6523,601,6312,6628,6998,7005,7001,6997,7014,7006,7008,7011,7003
7000,6798,6790,6793,6887,6886,6883,6889,6323,6321,6317,6318,5768,5941,6898,6896,6897,6899,5662,5667
5669,5668,5660,5505,5705,5704,5300,7061,6717,5698,6056,6045,6052,6043,6049,6054,5353,6050,6286,6278
5464,5448,5459,5427,5474,5435,5440,5698,6056,6045,6052,6043,6049,6054,5353,6050,6286,6278,5464,5448
5459,5427,5474,5435,7148,7162,7166,7160,7150,7158,7163,7161,7151,7152,7154,5982,5966,5959,6744,5698
7148,7162,7166,7160,7150,7158,7163,7161,7151,7152,7154,5982,5966,5959,6744,5740,6609,6615,6621,6622
6612,6614,6618,5391,6619,5775,6940,6943,6094,6089,6095,6092,6187,6171,6101,6105,6892,6323,6321,6317
6318,5769,5749,5835,5558,6552,5725,6061,5534,5563,5646,7140,7083,6900,1682,5749,5835,5558,6552,5725
6061,5534,5563,5646,7140,7083,6900,6810,6819,5749,6699,6700,6705,6706,6701,6709,5555,5536,5560,7073
7072,7063,5326,7101,7102,7103,7145,7146,6419,5832,5833,6462,6126,7137,7130,6493,6495,6490,575,19154
19146,19149,19141,19168,19161,19144,19165,19151,19158,19155,19152,19162,19142,18311,18332,18349,19219,19215,19221,19216
18602,18600,18598,18605,18601,19224,19234,19226,19232,19228,18950,19007,18516,18515,18369,5752,5472,7127,7126,7125
7123,7124,5494,7029,6155,6153,576,18888,18879,18882,18881,18883,18957,18955,18958,18198,18196,18197,18381,19222
18356,18352,18353,18558,18566,18564,18562,18556,18981,18976,18975,18979,19128,18761,19187,19189,19184,19190,18398,18544
18486,18893,18395,18931,18944,18939,18795,18792,18543,18112,18111,18108,18114,18754,18759,18758,18756,18760,18937,18942
18933,18945,18925,18920,18970,18401,18402,18622,5763,6519,6024,6027,6598,6597,6224,5721,5724,6222,6219,6208
6216,6211,6209,1353,5767,5941,5815,6316,6322,6891,6884,6885,6888,6794,6797,6799,6999,7004,7012,6993
7007,7013,6994,7002,7015,6357,6354,6310,6311,602,6529,6521,6520,5653,5767,6806,5769,5815,6316,6322
6892,5350,6099,6173,6186,6091,6096,6090,6093,6944,6941,5776,6626,6611,6617,6613,5381,6624,6608,6620
6616,6610,5739,5780,5787,5784,5789,5785,5790,5783,5782,5779,7051,7049,5312,7048,7045,7052,6585,6374
5699,5700,5307,6787,6786,6785,5310,6645,5781,5788,5786,6239,6250,7112,6391,6609,6615,6621,6625,5793
7116,5423,5465,6629,6637,5798,5370,6843,5793,7116,6202,6199,6198,7121,7118,5947,6076,6074,6079,6205
6975,6362,5706,6363,6976,6983,6977,6989,6987,6981,6979,6973,6971,6986,5821,5820,5321,7023,5796,6194
6192,6190,6196,6731,5988,5801,5799,5802,6497,6565,6561,5429,5738,5733,5736,6724,6726,6720,6729,6721
6730,6719,6725,5772,5773,6360,5703,5424,580,19154,19146,19149,19141,19168,18873,18872,18867,18868,18858,18875
18866,18863,18625,18628,18630,18623,18615,18338,18313,18536,18652,19008,19010,18516,18515,18369,5801,5799,5802,6497
6565,6561,5429,5738,5733,5736,6724,6726,6735,5808,6337,6110,6113,6106,6104,6111,5686,5677,5673,7089
5809,6768,6882,6837,5807,5695,5693,5690,5870,6009,6023,5927,6167,6166,6740,6560,5770,5476,5508,6657
7109,7110,6591,6141,6136,6143,6138,6384,6381,6379,6378,6218,6213,6217,582,1680,5835,5814,5746,5750
6709,5555,5536,5560,5558,5540,5554,5552,6547,6552,7082,7133,7137,7130,6493,6495,6490,6739,6738,6464
6566,6488,6484,6491,6472,6469,6467,6480,6477,6483,6486,6476,6481,5959,6742,5859,5863,5306,5602,5611
5597,5606,5601,5605,5610,5609,5603,5600,6071,6069,6072,6065,6070,5860,6929,6923,6925,5608,5598,5839
5841,5847,5837,5858,5865,5868,5864,5856,6201,7120,7114,5349,5866,6068,6066,5594,5607,5598,5839,5847
5842,6433,6435,5818,5822,1681,5869,5854,5843,5846,5838,6685,6687,6689,6688,5368,6684,6686,5521,5522
5523,6648,6647,6646,5844,5845,5596,5599,5604,5526,6442,7039,5948,5883,5887,5929,5987,5943,5893,5956
5996,5903,5915,5909,5938,6019,5913,6741,5960,5964,5972,5922,5977,5891,5958,5298,5975,5969,5985,479
5965,6015,6006,5920,6000,6001,5962,5900,5994,6815,6008,6010,5928,6022,5875,5871,5303,5905,5926,5945
5979,6004,5925,5762,6519,6525,6517,6518,6515,6309,602,5996,5903,5915,5909,5938,6019,5913,6741,5960
5964,5972,5922,5977,5891,5958,5298,5975,5969,5985,479,601,6308,6524,6530,6516,6527,6845,5766,5924
6003,5978,5946,5967,5899,5963,5870,6009,6023,5927,5911,6818,6007,5995,5901,5961,6002,5981,5921,6005
6016,5970,6014,5990,5950,5917,5999,5973,5918,5955,6017,5907,5983,5939,5880,5890,5896,5951,5874,5876
5934,5877,5882,5948,5883,5887,5929,5987,5943,5893,5956,5996,5903,5915,5909,5938,6019,5913,6741,5960
5964,5972,5922,5977,5891,5958,5298,5975,5969,5985,479,602,6893,5685,5678,5677,5680,5675,5688,6937
5758,6939,6028,6364,6365,6366,6367,7135,6493,6495,6490,6755,6757,6756,5538,5541,5547,5543,5535,5550
6035,5926,5697,5485,5808,6337,6110,6113,6106,6104,6111,5686,5677,5673,7089,6060,6446,5357,5356,5355
6165,5351,5346,5324,5319,5316,5625,7086,6445,5959,6744,6061,5545,5534,5375,6039,6037,6041,6234,6477
6483,6486,6769,6772,6776,6783,6778,6781,5771,6091,6096,6090,6093,6944,6941,5776,6626,6611,6617,6613
5381,6624,6608,6620,6616,6610,5739,6154,5317,6081,5506,7128,7122,5425,5752,6169,6170,6168,6819,6226
6228,5365,5364,5362,5493,6841,6299,6301,6296,6558,6180,6100,6112,6103,6107,6114,6109,6338,6837,5809
5484,5696,5946,5967,6502,6197,6189,6191,6193,6588,6607,5889,5801,5799,5802,6497,6565,6561,5429,5738
5733,5736,6724,6726,6735,6201,7120,7114,5411,5410,5455,5409,5407,5468,6269,6267,5304,5333,6413,6416
5383,6417,6214,6212,6221,6380,6382,6383,6135,6139,6142,6137,6592,6595,6594,6593,5927,6167,6166,6740
6560,5770,5476,5508,6657,6658,5875,5499,5691,5692,5694,5810,5809,6328,6980,6982,6988,6990,6978,6984
6975,6362,5706,6363,5864,5856,6201,6329,6332,5483,5323,6663,6410,6412,6259,6248,6499,6500,6501,6329
6414,6241,6256,6255,6246,6252,6237,6244,6652,6650,5509,5510,5514,5701,6697,5401,5404,5406,5794,6031
7035,7037,7036,6163,5377,5379,6407,6344,6346,6935,6345,7059,6674,6672,6673,6676,6678,6683,6677,6680
6671,6667,6665,5774,6666,6682,6670,7113,6600,6377,5812,6406,6407,6236,6030,6034,6033,6421,5795,5405
5403,5402,6698,5702,5513,5511,5512,6649,6651,6243,5347,6253,6254,6257,6242,6240,6415,6263,7032,6330
6416,5383,6417,6410,6412,6259,6248,6499,6500,6501,6377,6238,6239,6250,6260,1353,6377,6238,6239,6250
6260,6574,6576,6584,5387,6580,6578,7107,6618,5391,6619,5775,6940,6943,5392,6950,6948,6945,6954,6952
5348,6956,6304,6306,6310,6311,1353,6389,6390,6308,6524,6530,7105,6314,6313,5386,7031,6408,5380,5378
6164,5777,7038,6033,6421,5795,5405,5403,5402,6698,5702,5513,5511,5512,6649,6651,6243,5347,6253,6254
6257,6242,6240,6415,6330,6414,6241,6256,6255,6246,6252,6237,6244,6652,6650,5509,5510,5514,5701,6697
5401,5404,5406,5794,6031,7035,7037,7036,6163,5377,5379,6407,6415,6329,6332,5483,5323,6663,6410,6412
6259,6248,6499,6500,6501,6418,5382,6404,6265,5334,6266,6262,5305,6268,6264,5467,5420,5408,5454,5340
5341,5344,5882,6201,6425,6422,6429,6424,6918,6920,6921,6919,6917,6750,6747,6746,6751,5524,5525,5630
6423,6426,6431,6731,6727,6734,6723,5729,5731,5728,5434,5457,6425,6422,6429,6424,6918,6920,6921,6919
6917,6750,6747,6746,6751,5524,5525,5630,6423,6426,6431,6731,6727,6734,6723,5729,5731,5728,5434,5457
6718,6724,6726,6735,6425,6422,6429,6424,6918,6920,6921,6919,6917,6750,6747,6746,6751,5524,5525,5630
6423,6426,6431,6731,6727,6734,6723,6718,6724,6726,6735,6489,6494,6487,6492,7131,7136,6127,6463,5834
5831,7144,7101,7102,7103,7145,7146,7066,7062,7071,5559,5537,5556,6708,6702,6707,6704,6703,5836,5748
6489,6494,6487,6492,7131,7136,7134,7138,7132,6548,6546,6555,6541,6549,6439,6438,5612,7043,6160,6162
6327,6324,6563,6710,6501,6245,6247,5331,6411,6409,6418,5382,6404,6329,6415,6263,7032,6258,6241,6256
6255,6246,6252,6237,6244,6652,6650,5509,5510,5514,5701,6697,5401,5404,5406,5794,6031,6032,6029,6235
6408,6405,5345,5811,6377,6501,6245,6247,5331,6411,6409,6664,5322,5482,6331,6330,6414,6506,6507,6509
6511,5301,6690,6692,6694,5578,5567,5565,5569,5564,5582,5571,5576,5573,5584,5579,5359,5400,5395,5399
5397,5337,6804,6801,6800,6448,6449,6451,5372,6898,6896,6897,6899,1484,5971,5590,5593,5587,5309,5586
5662,5667,5669,5668,5664,6640,6643,6537,6539,6876,6871,6866,6873,6868,6875,6877,6864,5864,5856,5948
6506,6509,6511,5302,5301,6690,6692,6694,5578,5567,5565,5569,5564,5582,5571,5576,5573,5584,5579,5359
5400,5395,5399,5397,5337,6804,6801,6800,6448,6449,6451,5372,6898,6896,6897,6899,1484,5970,6014,5990
5898,5950,5936,5917,5999,5902,5973,5908,5918,5955,6017,5907,5983,5939,5880,5890,5896,5951,5874,5876
5934,5877,5882,5948,5883,5885,5887,5889,5929,5987,5943,5893,5956,5996,5903,5915,5909,5938,6019,5952
5913,6741,6473,6475,6474,6478,6479,6468,6470,6471,5352,6482,6485,6489,6494,6487,6492,7131,7136,7134
7138,7082,7132,6553,6550,6543,5553,5561,7073,7072,7063,5326,7076,7067,7064,7074,7069,6395,6394,6398
6188,479,6529,6839,6523,6524,6530,6516,6527,6526,5924,6003,5978,5946,5967,5899,5963,5870,6009,6023
5927,5911,6007,6813,6809,6448,6449,6451,5372,6898,6558,6295,6297,6300,6298,6842,5362,5361,5363,5366
6810,6169,6170,6168,6227,6819,6559,6440,6878,656,15708,16164,16165,16169,15619,16166,16172,16174,15621,15622
15797,16160,16167,16258,16299,16272,16304,16275,16136,16470,16457,16459,16469,16460,16467,16458,16472,16449,16461,16447
16455,16454,15997,16452,15907,15980,15993,16003,16000,16191,16132,16189,656,15708,16164,16165,16169,15619,16166,16172
16174,16163,16160,16167,16258,16299,16272,16304,16275,16136,16470,15861,15858,15639,15644,15640,16684,15778,16226,15643
16591,15642,16571,16573,16575,16569,16695,16688,16691,16702,16698,16309,16348,16690,16696,656,15708,16164,16165,16169
15619,16166,16172,16174,16163,16160,16167,16258,16299,16272,16304,16275,16311,16119,16268,16279,16288,16261,16291,16326
16333,16567,16563,16565,16564,16334,16329,16330,16341,16325,16297,16264,16302,16699,16703,16701,16627,16633,16629,16632
16634,16338,16257,16282,16285,16271,16308,15916,15922,15938,15933,15914,15937,15917,15930,15932,15912,15919,15872,15875
15876,15871,15869,15866,15754,15739,15750,15749,15745,15755,656,15708,16164,16165,16169,15619,16166,16172,16174,16163
16160,16167,16258,16299,16272,16304,16275,16311,16119,16268,16279,16288,16261,16291,16326,16333,16567,16563,16565,16564
16334,16329,16330,16341,16325,16297,16264,16302,16699,16703,16701,16627,16633,16629,16632,16634,16338,16257,16282,16285
16271,16308,15916,15922,15938,15933,15914,15937,15917,15930,15932,15912,15919,15872,15875,15876,15871,15869,15866,15879
15864,15880,15671,15666,15668,16652,15810,15747,15754,15739,15750,15749,15745,15755,656,15708,16164,16165,16169,15619
16166,16172,16174,16163,16160,16167,16699,16703,16701,16627,16633,16629,16632,16634,16338,16257,16282,16285,16271,16308
15916,15922,15938,15933,15914,15937,15917,15930,15932,15912,15919,15872,15875,15876,15871,15869,15866,15754,15739,15750
15749,15745,15755,656,16534,16528,16509,16524,16518,15784,15783,15781,15674,15647,16710,656,16534,16528,16509,16524
16518,15784,15783,15781,15674,16204,16209,16213,16207,16210,16657,16623,16625,16710,656,16656,16195,16157,16197,16203
16201,16193,16198,16185,16018,16055,16045,16023,16642,16048,16061,16029,16042,16052,16049,16064,16067,16035,16020,16087
16034,16032,16062,16073,16043,15637,15636,16661,16059,16038,15695,15694,15693,16409,16413,16411,15830,15901,16667,16664
16140,16139,16077,16069,16017,15616,15843,16399,15800,16123,15698,15828,15701,16609,657,16877,17252,17206,17238,17248
17251,17247,17235,17232,17249,17244,17236,17239,16965,16968,16958,16959,16956,16961,16870,16967,16964,17091,17089,17093
17008,17007,17228,17223,17224,17227,17230,16909,16908,657,16934,16944,16947,16951,16943,16950,16946,17158,17161,17170
17152,17168,17203,17201,17198,17202,17197,17199,17200,16891,16892,17260,17264,17262,17256,17257,17258,17261,17255,17169
17160,17052,17159,16945,16949,16948,17204,1678,657,16934,16944,16947,16951,16943,16950,16946,17158,17161,17170,17152
17168,17203,17201,17198,17202,17197,17199,17200,16891,16892,17260,17264,17262,17256,17257,17258,17261,17255,17169,17160
17052,17159,16945,16949,16948,17204,657,657,17060,17059,17062,16907,16906,16952,17097,17096,16908,17231,17226,16910
16911,16916,16914,16917,16913,16989,16988,16987,16942,17108,16875,17107,16874,17022,16878,17000,17092,17085,17088,16869
16915,16912,16918,17227,17230,16909,17098,16953,16904,16905,17061,16895,1678,657,17060,17059,17062,16907,16906,16952
17097,17096,16908,17231,17226,16910,16911,16916,16914,16917,16913,16989,16988,16987,16942,17108,16875,17107,16874,17022
16878,17000,17092,17085,17088,16869,16915,16912,16918,17227,17230,16909,17098,16953,16904,16905,17061,16895,657,657
17122,17121,17124,17079,17080,17082,17253,17254,17118,17002,17001,17081,17084,17078,17083,17119,17120,17123,1678,657
17122,17121,17124,17079,17080,17082,17253,17254,17118,17002,17001,17081,17084,17078,17083,17119,17120,17123,657,657
17122,17121,17124,17110,17117,17114,16873,17126,17112,16926,16933,17109,17113,17125,17118,16872,17115,17116,17111,17119
17120,17123,1678,657,17122,17121,17124,17110,17117,17114,16873,17126,17112,16926,16933,17109,17113,17125,17118,16872
17115,17116,17111,17119,17120,17123,657,657,17156,17162,17150,17166,17155,17163,17153,17158,17051,17057,17054,17055
17037,16990,16997,16995,16998,16898,16896,16903,16900,16880,17048,17050,17047,17044,17041,17042,17031,17033,17035,17056
17053,17058,17052,17159,17165,17164,17154,17167,17151,17157,1678,657,17156,17162,17150,17166,17155,17163,17153,17158
17051,17057,17054,17055,17037,16990,16997,16995,16998,16898,16896,16903,16900,16880,17048,17050,17047,17044,17041,17042
17031,17040,17033,17035,17056,17053,17058,17052,17159,17165,17164,17154,17167,17151,17157,657,657,17156,17162,17150
17166,17155,17163,17153,17158,17051,17057,17054,17055,17037,17034,17039,17032,17038,17036,17043,17046,17045,17049,16881
16901,16902,16897,16899,16992,16994,16996,16991,16993,17035,17056,17053,17058,17052,17159,17165,17164,17154,17167,17151
17157,1678,657,17156,17162,17150,17166,17155,17163,17153,17158,17051,17057,17054,17055,17037,17034,17039,17032,17038
17036,17043,17046,17045,17049,16881,16901,16902,16897,16899,16992,16994,16996,16991,16993,17035,17056,17053,17058,17052
17159,17165,17164,17154,17167,17151,17157,657,657,17156,17172,17174,17176,17004,16889,16890,16888,16885,16886,16937
16868,17094,16866,16936,16939,16938,17158,17161,17263,17259,16985,16983,16984,16986,17205,16867,16935,16887,17003,17005
17173,17175,17171,17157,657,6583,6623,6612,6614,7107,6613,6582,6533,6531,6175,6275,6271,6273,6129,6934
6936,6937,6939,5477,5332,6386,6387,6762,6964,6967,6965,6879,6880,6763,5328,6767,6960,6970,6958,6814
6589,5579,5359,6938,6420,6272,6274,6270,6181,6176,6091,6096,6090,6093,6944,6941,5776,6626,6611,6617
6613,6579,5388,6583,6577,6575,6073,6261,6249,7051,7049,5312,6589,6586,5583,5574,5577,6119,6124,6120
6123,6839,6523,6524,6530,6516,6527,6845,5830,5827,7108,6795,6792,6798,6790,6793,6887,6886,6598,6597
6224,5721,5724,6222,6027,6696,6219,6208,6216,6211,6209,6529,6839,6309,1353,6605,6602,6603,6087,6086
6135,6139,6142,6137,6140,6134,6131,6145,6504,7017,5926,6172,6183,6182,6180,6101,6105,6890,6323,6321
6317,6318,5763,6519,6024,6027,6598,6597,6224,5721,5724,6222,6219,6208,6216,6211,6209,1353,6613,6582
6533,6531,6175,6275,6271,6273,6129,6934,6936,6937,5758,6939,5477,5332,6386,6387,6762,6964,6967,6965
6879,6880,6763,5328,6767,6960,5718,5712,5715,5716,6558,5717,5714,5713,5719,6958,6814,6622,6612,6614
6618,5391,6619,5775,6940,6943,6094,6089,6095,6092,6625,5628,7111,6249,6251,5780,5787,5784,5789,5785
5790,5783,5782,5779,7051,7049,5312,7048,7045,7052,6585,6374,5699,5700,5307,6787,6786,6785,5310,6645
6377,6627,6392,6397,6396,6393,7070,7075,7065,7068,7077,5813,6699,6700,6705,6706,6701,6709,5555,5536
6062,6563,6710,6644,6537,5314,6876,6871,6866,6868,6875,6128,6902,5527,6644,7168,7169,7167,6573,5742
5741,5744,5743,6537,5314,6876,6871,6866,6868,6875,6128,6902,5527,6656,6341,5325,7058,7054,7055,6369
6556,5658,5656,6654,6633,6632,6639,5792,5793,7116,5428,6656,6341,5325,7058,7054,7055,6369,6556,5658
5656,6654,6633,6632,6639,5792,7116,5527,6660,6659,6661,7078,5507,6116,6118,6102,6098,6911,6910,6907
6903,6905,6567,6084,6150,6149,6152,6147,5681,6339,6334,6336,6110,6113,6106,6104,6111,6101,6105,6894
6662,5616,5617,5623,5613,7041,6522,6839,6523,601,6319,6314,6313,5851,5389,7099,5830,5827,5487,5489
6838,5655,6795,6792,6996,6991,7010,6883,6893,5685,6173,6186,6177,6185,6275,6271,6273,6129,6934,6936
6937,5760,5758,6939,6685,6687,6689,6688,5368,6684,6686,5521,5522,5523,6648,6647,6646,5844,5840,5845
5839,5841,5847,5837,5858,5865,5868,5864,5856,6201,5349,669,15530,15590,15541,15480,669,15576,15494,15575
15516,669,15585,15519,15479,15502,15480,6694,5578,5567,5565,5569,5564,5582,5571,5576,5573,5584,5579,5359
5400,5395,5399,5397,5337,6804,6801,6800,6448,6449,6451,5372,6898,670,21184,21181,670,21184,21215,670
21184,21235,21181,671,1670,671,17994,1670,671,17996,17727,385,671,18046,17776,17775,17950,6710,6064,6063
5537,5556,6708,6702,6707,6704,6703,5836,5835,7076,7067,7064,7074,7069,6395,6394,6398,6188,6627,6710
6325,6326,6158,6161,6159,7044,5612,6437,6436,6551,6542,6554,6545,6544,7133,7137,7130,6493,6495,6490
6717,7060,5662,5672,5667,5669,5668,5660,5505,5705,5300,6735,6725,5735,5734,5737,5430,6562,6564,6498
6496,5803,5800,5992,6606,5796,6194,6192,6190,6196,6735,6725,5772,5773,6360,5703,5424,5433,5727,5732
5730,6736,6728,6733,6732,6430,6427,6428,6425,6422,6429,6424,6918,6920,6921,6919,6917,6750,6747,6746
6751,5524,5525,5630,6735,6725,6736,6728,6733,6732,6430,6427,6428,6425,6422,6429,6424,6918,6920,6921
6919,6917,6750,6747,6746,6751,5524,5525,5630,6741,6473,6475,6474,6478,6479,6468,6470,6471,5352,6482
6485,6489,6494,6487,6492,7131,7136,7134,7138,7132,6553,6550,6543,5553,5561,7073,7072,7063,5326,7076
7067,7064,7074,7069,6395,6394,6398,6188,479,6741,6473,6475,6474,6478,6479,6468,6470,6471,5352,6482
6485,6489,6739,6738,6464,6566,6737,6494,6487,6492,7131,7136,7134,7138,7132,6553,6550,6543,5553,5561
5559,5537,5556,6708,5751,5745,5747,5749,5835,6743,6281,6283,6285,6289,6292,6276,5438,5471,5425,5432
5460,5453,5634,5638,5635,5914,5904,5997,6830,6821,6831,6834,6823,6829,6825,5434,5457,5416,5452,5429
5415,5412,5329,7119,6743,6281,6283,6285,6289,6292,6276,5438,5471,5425,5848,5852,5853,5849,5432,5460
5453,5634,5638,5914,5904,5997,6830,6821,6831,6834,6823,6829,6825,5434,5457,5416,5452,5429,5415,5412
5329,7119,6744,5645,5652,5647,5649,5562,5530,5531,5533,5528,5544,6060,6446,6865,5367,6744,5960,5964
5972,7155,7156,7153,7164,7157,7165,7159,5475,5447,5444,5458,5449,5463,6277,6280,6051,5354,6055,6048
6047,6053,6046,6044,5698,6744,5960,5964,5972,7155,7156,7153,7164,7157,7165,7159,7149,5698,6744,6287
7087,7085,5652,5647,5649,5562,5530,5531,5533,5528,5544,6060,6760,6739,6738,6464,6848,6847,6855,6846
6860,6853,6854,6849,6850,6857,5520,5517,5422,5461,6913,6914,6915,6807,5399,6807,5767,6814,6959,5718
5712,5715,5716,6558,5717,5714,5713,5719,6961,6766,5330,6764,6765,6881,6962,6968,6963,6966,6761,6388
6385,5327,5478,5758,6939,5757,6938,6420,6272,6274,6270,6174,6532,6534,6581,7107,6814,6959,6969,6961
6766,5330,6764,6765,6881,6962,6968,6963,6966,6761,6388,6385,5327,5478,6939,5757,6938,6420,6272,6274
6270,6174,6532,6534,6581,6579,5388,6583,6814,6959,6969,6961,6766,5330,6764,6765,6881,6962,6968,6963
6966,6761,6388,6385,5327,5478,6939,5757,6938,6420,6272,6274,6270,6174,6532,6534,6581,6579,5388,6583
6623,6819,6809,6900,7084,7140,5645,5562,5533,6060,5726,6553,5561,5749,5835,6836,6745,6749,5630,6423
6426,6431,6731,6727,6734,6723,6718,5772,5773,6360,5703,5457,6836,6830,5710,5708,5636,5637,5643,5644
5641,5640,5633,5639,5299,6456,6453,6455,6459,6458,5338,6457,6460,6454,5419,6831,6834,6823,6829,6825
5434,6836,6830,5710,5708,5636,5637,5643,5644,5641,5640,5633,5639,5299,6456,6453,6455,6459,6458,5338
6457,6460,6454,5419,6831,6834,6823,6829,6825,5434,5457,6843,5369,5797,6635,6636,6630,5466,5428,5443
7115,5793,6849,7080,7079,7081,6364,6365,6366,6367,7135,7131,6127,6444,7147,6463,6461,5816,5548,5551
5538,5541,5547,5543,5535,5550,6849,7080,7079,7081,6364,6365,6737,6494,6487,6492,7131,5755,5753,6756
5538,5541,5547,5543,5535,5550,6878,6835,7160,7150,7158,7163,7161,7151,7152,7154,6559,6440,6885,6888
6794,6797,6799,6791,6796,7108,5828,5829,6844,6525,6517,6518,6515,6840,6122,6121,6125,5571,5576,5573
5584,6587,6590,6894,5350,6100,6112,6103,6107,6114,6109,6335,6333,6340,5680,6146,6151,6148,6082,6083
6568,6906,6904,6908,6909,6097,6108,6117,6115,6009,6023,6660,6898,6896,6897,6899,5371,6452,6450,6810
6812,5994,6008,6010,5928,6022,5875,5871,5303,5905,5945,5979,6004,5925,6519,6525,6517,6518,6515,6529
6900,6810,6229,6227,6817,6959,6007,5957,6811,6808,6930,6901,6898,6896,6897,6899,1484,6912,6535,5518
5515,5516,5519,6856,6858,6852,6861,6851,6566,6488,6930,6931,6932,7129,5315,6302,5717,5714,6813,6229
6227,6817,6959,6007,6809,6900,6939,5477,5332,6386,6387,6762,6964,6967,6965,6879,6880,6763,5328,6767
6960,6970,6958,6816,6231,6233,7022,7027,7021,7026,6143,6138,6384,6381,6379,6378,5399,6939,5757,5759
6938,6420,6272,6274,6270,6181,6176,6178,6187,5679,6883,6894,6884,7009,6992,6995,6791,6796,6838,5655
5488,5486,5828,5829,5654,5390,5850,6320,6315,5318,602,6529,6521,6520,7040,7042,5614,5624,5615,5618
6662,6939,5757,7104,5689,5684,5681,5683,5679,6883,6893,602,6976,6983,6977,6989,6987,6981,6979,6973
6971,6986,5821,5820,5321,7024,5369,5797,6635,6636,6630,5466,5473,5428,7016,5574,5577,6119,6124,6120
6123,6571,6572,6570,6569,5373,5491,5313,5490,5492,6933,5621,5619,5616,5617,5623,5613,7041,7019,5899
5963,5499,5504,5498,5502,5500,6116,6118,6102,6098,6911,6910,6907,6903,6905,6567,5689,5684,5676,5681
6339,6334,6336,6110,6113,6106,6104,6111,6101,6105,6893,6323,6321,7034,6895,6844,5765,7095,7100,7093
7092,5386,6402,6400,7015,6357,6354,6358,6356,6347,6352,6349,7142,7141,5320,7023,5825,5824,5826,6985
6972,6974,6980,6982,6988,6990,6978,6984,6975,6362,5706,6363,6078,6075,6077,5882,6201,7120,7114,6200
6204,6203,7115,5793,7030,6789,6714,6716,6712,472,6392,6397,6396,6393,7070,7075,7065,7068,7077,7066
7062,7071,5558,5540,5554,5552,6547,6552,6548,6546,6555,6541,6549,6439,6438,5612,7031,6403,5385,6320
6315,7106,6518,6515,6309,6389,6390,7039,6156,5384,6157,5308,5862,5860,5867,5855,5858,5865,5868,7040
7042,5614,5624,5615,5618,5622,5620,6571,6572,6570,6569,5373,5491,5313,5490,5492,6933,6122,6121,6125
5571,5576,7016,7046,5311,7050,7047,6239,6250,6260,6574,6576,6584,5387,6580,6578,7107,6618,5391,6619
5775,6940,6943,6094,6089,6095,6092,6185,6275,6271,6273,6129,6934,6936,7104,5358,6587,6590,7090,7088
5674,5683,5687,6112,6103,6107,6114,6109,6338,6837,5809,5484,5696,5946,5967,6502,7091,6399,6784,6771
6775,6779,6782,6780,6777,6773,6770,6774,5972,6474,6478,6042,6040,6036,6038,5374,5533,5528,5544,6060
7117,5857,5861,6863,6872,6874,6869,6867,6870,6540,6538,6536,5376,5806,6641,5671,5665,5661,5670,5666
5663,5591,5588,5592,5589,1484,5971,6898,6896,6897,6899,5371,6452,6450,6447,6803,6802,6805,5335,5394
5398,5396,5358,5580,5583,5574,5577,5572,5585,5566,5568,5581,5575,5570,6695,6693,6691,5393,6513,6512
6510,6505,7118,5947,5881,5343,5804,6872,6058,5632,6465,5843,5846,5596,5599,5604,5595,6067,6071,6069
6072,6065,5860,6928,6466,5720,6059,6057,6877,5805,5342,5882,5948,7118,7119,5883,5336,5413,5414,5430
5451,5417,5456,5424,5433,6824,6828,6820,6826,6832,6833,6822,6827,5996,5903,5642,5636,5637,5426,5439
5431,5472,5470,5437,6279,6291,6290,6293,6284,6288,6294,6282,5959,6743,7119,5883,5336,5413,5414,5430
5451,5417,5456,5424,5433,6824,6828,6820,6826,6832,6833,6822,6827,5996,5903,5642,5636,5637,5426,5439
5431,5848,5852,5853,5849,5472,5470,5437,6279,6291,6290,6293,6284,6288,6294,6282,5959,6743,7274,7269
7263,7270,7262,7264,7271,7448,7339,7334,7336,7331,7196,7199,7417,7322,7324,7447,7294,7396,7316,7458
7360,7353,7355,7358,7452,7203,7204,7202,7205,7207,7206,7172,7297,7184,7296,7389,7388,7257,7255,515
7294,7396,7316,7469,7471,7463,7466,7467,7464,7460,7293,7299,7350,7349,7347,7345,7344,7342,7351,7296
7389,7388,7260,7433,7434,7430,7403,7402,7400,7401,7440,7445,7437,7443,7439,7276,7192,7326,7319,7450
7362,7294,7396,7316,7458,7360,7353,7355,7358,7452,7203,7204,7202,7205,7207,7206,7172,7297,7184,7307
7303,7305,7232,7229,7330,7285,7177,513,7307,7303,7305,7232,7229,7330,7285,7177,514,19383,19385,19382
19379,19387,19461,19296,19421,19294,19367,19314,19368,7307,7303,7305,7232,7229,7330,7285,7177,514,19383,19385
19382,19379,19387,19461,19296,19421,19294,19367,19436,19439,19625,19314,19368,7307,7303,7305,7232,7229,7330,7285
7177,515,7307,7303,7305,7232,7229,7330,7285,7177,515,7321,7367,7453,19510,7394,7212,7392,7393,7325
7325,7415,7453,19510,19509,7212,7392,7454,7368,7320,513,7173,19313,7208,7307,7325,7415,7454,19498,19618
19617,19502,19401,19410,19413,19404,19405,19407,19402,19298,19300,19302,19593,19511,19564,19562,19560,7384,7189,7186
7188,7182,7180,7179,512,7325,7415,7454,7368,7320,514,7361,7449,7318,7327,7191,7301,7401,19503,7387
7390,7391,19451,7370,7284,7290,7291,7383,7409,7408,7410,7405,7407,7359,7356,7354,7357,7457,7317,7395
7295,7446,7325,7419,7322,7418,7198,7197,7332,7337,7333,7335,7338,7267,7275,7265,7266,7272,7273,7268
7370,7284,7290,7291,7383,7409,7408,7410,7405,7407,7359,7356,7354,7357,7457,7317,7395,7295,7446,7415
7454,7368,7320,1348,7178,7181,7183,7187,7185,7190,7385,7404,7370,7284,7290,7292,7382,7406,7408,7410
7405,7407,7359,7356,7354,7357,7457,7317,7395,7295,7361,7449,7318,7327,7191,7301,7438,7442,7436,7444
7403,7402,7400,7401,7441,7431,7435,7432,7259,7387,7390,7296,7370,7284,7290,7292,7382,7406,7408,7410
7405,7407,7359,7356,7354,7357,7457,7317,7395,7295,7375,7372,7378,7374,933,7281,7283,7279,7398,7414
7411,655,7381,7379,7379,7380,7413,7412,7414,7397,7277,7282,7240,7373,7377,7371,7376,7294,7396,7316
7458,7360,7353,7355,7358,7452,7203,7204,7202,7205,7207,7206,7172,7297,7184,7387,19326,19325,19537,19540
19448,19442,19444,19661,19449,19446,19441,19534,19525,19523,19528,19529,19531,19526,19520,19469,19470,19468,7389,7388
7394,7212,7392,7393,7322,7324,7216,7227,7223,7215,7222,7225,7217,7174,7195,7193,7294,7396,7316,7469
7471,7463,7466,7467,7464,7460,7293,7299,7350,7349,7347,7345,7344,7342,7351,7404,19580,19598,19597,19555
19566,19568,19603,19290,19582,19589,19588,19557,19551,19573,19499,19517,19578,19600,19292,7404,7384,7189,7186,7188
7182,7180,7179,515,7321,7367,7455,7416,7447,7294,7396,7316,7458,7360,7353,7355,7358,7452,7203,7204
7202,7205,7207,7206,7172,7297,7184,7507,7514,8491,8498,8499,11917,11773,11776,11778,11779,11781,11783,11785
11795,11788,11790,11792,11803,11793,11799,11794,11797,8419,8415,8416,10901,7515,7511,7517,7518,7612,9162,9163
9159,9160,9161,7551,9427,9428,9430,9432,9434,9436,9438,9440,9471,9443,9446,9447,9477,9449,9452,9483
9468,9453,9463,9481,9455,9457,9475,9464,9201,7515,7511,7517,7518,7612,9162,9163,9159,9160,9161,7551
9427,9428,9430,9432,9434,9436,9438,9440,9471,9443,9446,9447,9477,9449,9452,9483,9468,9453,9463,9481
9455,9457,9475,9464,9201,7898,8370,8372,8406,8373,8376,8377,8380,8382,8383,8385,8388,8359,8403,8362
8412,8396,8400,8390,8398,8393,8397,8410,8404,8409,8363,8365,7548,8366,8368,8391,9127,9150,9142,7595
8861,8446,7515,7511,7517,7518,7612,9162,9163,9159,9160,9161,7551,9427,9428,9430,9432,9434,9436,9438
9440,9471,9443,9446,9447,9477,9449,9452,9483,9468,9453,9463,9481,9455,9457,9475,9464,9469,9202,7519
7514,7512,8520,7920,12016,11111,11112,8336,12005,12007,10918,10917,12092,12118,12006,12071,12070,7862,10679,10373
10374,7521,8027,8788,8337,8339,8612,8609,8614,8607,8604,8618,8615,8610,8470,9568,9581,319,7519,7515
8493,8498,8499,8575,8535,8505,8506,8507,8509,8541,8537,8580,8514,8578,7658,7671,7669,7662,7676,11373
11327,8894,11188,11185,11198,11189,11193,10396,10392,10391,9493,9491,9486,9489,7925,7929,7931,7939,7934,7881
7883,10319,10296,10322,407,10323,10295,10318,10316,10298,12088,9602,11538,11811,11809,7678,11425,7823,11406,11409
11423,11403,7808,11399,7774,11411,11407,9252,9639,11181,11179,11183,9249,9250,10575,8920,8894,11377,11386,7677
7661,7660,7670,7673,7666,7668,7664,7636,7635,10300,404,10299,7634,11207,11209,10362,10361,11149,11148,10383
9767,9802,7722,8511,8518,8493,11915,11397,11270,11275,11383,11291,11295,11324,11389,11333,11381,11308,11359,11372
1334,11348,11332,11379,11391,11392,11327,8927,7722,8511,8518,8519,8493,8499,11915,11817,11397,11268,11269,11270
11303,11272,11274,11275,11277,11280,11282,11284,11383,11286,11291,11289,11339,11295,11364,11335,11368,11324,11314,11297
11292,11389,11322,11311,11365,11333,11337,11361,11351,11304,11381,11370,11301,11308,9236,8777,11347,11328,11385,11359
11380,11350,11306,11372,1335,11394,11319,10325,10315,10312,10309,10308,10306,10320,10304,10301,10300,405,10323,10295
10318,10316,10298,12088,9602,11538,11811,11809,7722,8511,8518,8519,8493,8499,11915,11817,11397,11268,11269,11270
11303,11272,11274,11275,11277,11280,11282,11284,11383,11286,11291,11289,11339,11295,11364,11335,11368,11324,11314,11297
11292,11389,11322,11311,11365,11333,11337,11361,11351,11304,11381,11370,11301,11308,9236,8777,11347,11328,11385,11359
11380,11350,11306,11372,1335,11394,11319,11348,11298,11344,11316,11332,11355,11362,11379,11391,7535,11315,11392,11376
11373,11327,10575,8925,7754,7744,7746,7749,7751,7741,7758,7743,7735,7763,7767,7764,7761,7739,7771,7757
7755,11135,11118,11116,11137,11142,11121,11122,11633,11638,7782,12084,12086,12083,10289,10235,7732,10260,10266,10292
10239,10237,10276,10212,10241,7559,10281,10294,10286,10236,10259,10192,10187,10191,7812,10188,10194,10739,10723,10737
10721,10704,8278,8276,10690,7797,10409,10412,10414,10415,10421,11725,11720,8094,8098,8097,8095,8101,11589,11583
11581,11585,11571,11591,9851,9848,9849,9850,9619,11071,11061,8414,8418,8415,7840,11632,11637,11626,10079,10072
10077,10070,10078,7692,11857,11852,8299,8294,8310,8309,8864,8888,8873,8884,8875,8414,8418,8415,8416,11585
11601,11908,11902,11896,11895,11904,10839,7902,7906,7901,7891,7892,7897,9202,9459,9476,8633,8630,8634,10218
10283,11142,11121,11122,11633,11638,8017,8024,8012,8022,8010,8014,8020,10228,10229,8051,8049,8060,9642,10718
10709,10729,11528,11525,11519,11521,11520,9769,9774,9773,9771,9778,9776,11636,7534,7532,11631,11623,11638,8035
8050,10230,10227,10226,7989,10248,10253,10222,10284,10277,10219,9202,9459,9476,8633,8630,8634,10218,10283,10254
10261,10263,10216,10279,10213,10268,10272,10250,10265,10242,10258,10247,10287,10293,10282,8793,8792,8794,10238,10240
10116,10115,8060,9642,11138,10739,10723,10737,10721,10704,10733,10699,10700,10702,10703,11820,7592,10714,9066,9068
9064,8563,8570,8564,8556,7865,8559,8551,8549,8532,8516,8515,7781,8071,11570,11586,9077,9074,9073,9078
9072,8874,8885,8872,8889,8865,8893,8111,8119,8115,8130,8124,8127,8118,8110,8122,8113,10419,11724,11722
11727,11098,10016,10008,10006,10004,10002,11057,11053,10352,11050,11046,11048,11047,11055,7933,11878,11879,7506,7499
7501,7504,7513,7514,7512,7516,7517,7518,7610,10123,10124,10120,10117,10129,10115,8071,11570,11586,9077,9074
9073,9078,9072,8874,8885,8872,8889,8865,8893,8111,8119,8115,8130,8124,8127,8118,8110,8122,8113,10419
11724,11722,11727,11098,10016,10008,10006,10004,10002,11057,11053,10352,11050,11046,11048,11047,11055,7933,11878,11879
7506,7499,7501,7504,7513,7514,7512,7516,7517,7518,7610,10123,10124,10120,10117,10129,10126,10130,8071,11570
11586,9077,9074,9073,9078,9072,8874,8885,8872,8889,8865,8893,8111,8119,8115,8130,8124,8127,8118,8110
8122,8113,10419,11724,11722,11727,11098,10016,10008,10006,10004,10002,11057,11053,10352,11050,11046,11048,11047,11055
7933,11878,11879,7506,7499,7501,7504,7513,7514,7512,7516,7517,7518,7610,10123,10124,10120,10117,10129,10126
10130,10136,10135,10137,7779,10132,10138,7884,11932,10134,10133,10131,8105,10961,10963,10958,10965,10954,10957,10953
7701,7700,9117,320,9586,9576,9578,9583,9579,9587,9570,9590,9572,9596,9595,9592,8131,9260,8534,8511
8518,8490,8498,8499,8575,8503,9676,9664,9658,9672,9661,9659,9667,9669,9678,9679,9663,10199,10201,10205
10198,10203,11067,11062,11084,11085,7827,7829,7831,7830,11795,7848,7845,7842,10458,10464,10469,10461,10462,8094
10489,10470,10492,10494,10481,10487,10483,10479,10473,10466,10497,10485,10500,10477,10499,10491,10475,10025,10019,10022
10023,10017,9629,9628,9634,9625,9632,9624,9622,8138,10898,10903,10910,10900,10908,10905,11711,11698,11696,11705
11714,11716,11708,11710,11701,11693,7835,11718,11700,8138,10898,9848,9849,9328,9327,9314,9313,9325,9338,9310
9321,7509,9312,9317,9320,9333,9330,9337,9332,9307,9323,9722,9731,9740,9727,9732,9725,9739,9737,9719
9729,9721,8748,8138,10898,9848,9849,9328,9327,9314,9313,9325,9338,9310,9321,7509,9312,9317,9320,9333
9330,9337,9332,9307,9323,9722,9731,9740,9727,9732,9725,9739,9737,9719,9729,9721,9736,8203,8207,11034
10992,11031,10980,10996,10982,10984,10990,11039,9013,9526,9560,9549,9538,9506,8203,8207,11034,10992,11031,10980
10996,10982,10984,10990,11039,9013,9526,9560,9549,9538,9506,11829,827,4832,4824,3590,3592,8283,8285,10683
10786,10785,11483,11482,10783,9245,8959,8982,8958,8249,8240,8239,8262,8251,8272,7866,8270,8243,10518,10521
10515,10520,11330,9618,9616,9614,9612,9610,9608,9605,9603,7636,7635,10300,403,8283,8285,11359,11380,11350
11306,11372,11320,11394,11319,10325,10315,10312,10309,10308,10306,10320,10304,10301,10300,407,10323,10295,10318,7882
7880,7943,7940,7932,7930,7926,9488,9487,9490,9492,10390,10393,8283,9366,8653,8669,8656,8659,8676,8673
8677,8668,8650,8672,9823,7821,9826,8667,11212,11214,11095,11097,9205,9206,8980,8977,8976,8974,8972,8954
8981,8968,8966,8964,8962,8960,8956,9804,9797,9792,10296,10322,403,10299,8415,8416,11570,11586,11580,11582
11590,8100,8102,8096,8099,8093,11721,10417,10422,10416,10413,10411,10410,7796,7783,7786,7788,7790,11608,11606
1463,8419,8415,8416,11601,11908,11902,11896,11895,11904,11231,11245,8745,8739,8741,8744,8746,11365,11333,11337
10688,10066,8028,10866,11115,10065,10687,8442,9912,9882,9904,9909,9886,9898,9887,9875,9873,9915,9906,9900
9920,9894,9892,8785,9880,9902,9918,9878,9895,9872,9910,9890,9884,11870,11868,11872,11864,11867,8155,8146
8154,8143,9098,9104,9099,11874,8173,8158,8169,8165,8161,8160,8175,8164,8172,8171,9020,1048,8445,9244
9021,8323,8326,10545,10553,10971,10977,10968,10970,10975,10972,9689,9686,9691,9685,8479,8476,8485,8484,8472
8481,8474,8482,9875,9873,11999,12001,12002,11998,8335,8328,8334,8327,8331,9840,8952,8951,9461,9466,8825
8827,9474,9749,9746,9755,9752,9750,11125,11129,11144,8690,8446,8860,9130,9141,9129,9128,8405,8367,8401
8364,8408,8411,8392,8402,8389,8399,8395,8413,8394,8361,8360,8387,8386,8384,8381,8379,8378,8375,8374
8407,8371,8369,7897,9202,9459,9476,9458,9456,9480,9479,9482,9467,9484,9451,9450,9478,9448,9445,9444
9472,9441,9439,9437,9435,9433,9431,9429,9426,9425,9424,9460,9454,9442,7611,7528,7526,7524,7523,7515
8447,9912,9882,9904,9909,10167,10170,10174,10178,10172,10161,10164,10165,10173,12054,12057,12062,12058,9373,7615
9372,9371,8459,8458,8350,10685,10686,10367,9035,12067,7623,12024,12022,12020,8993,8995,8991,8987,11252,9834
9832,9300,9306,9304,9298,9302,10255,10432,10433,10270,10290,10245,10210,7493,9422,8467,9702,9717,9715,9718
8355,8352,8354,11028,11014,11001,11026,11013,11032,11005,10653,11960,11951,11964,11958,11954,11949,11966,11971,11968
11956,10827,9033,8469,9388,9383,9386,9939,9962,9969,9938,9282,9287,9274,9284,10959,10962,10893,7631,12079
12076,12081,7616,11616,9683,7810,10886,10889,12027,8007,8775,12015,10197,10185,10184,10913,10914,8774,8762,8496
7516,7517,7518,7612,9162,9163,9159,9160,9161,7551,9427,9428,9430,9432,9434,9436,9438,9440,9471,9443
9446,9447,9477,9449,9452,9483,9468,9453,9463,9481,9455,9457,9475,9464,9202,8496,7577,10426,8497,8499
11915,11817,11397,11268,11269,11270,11303,11272,11274,11275,11277,11280,11282,11284,11383,11286,11291,11289,11339,11295
11364,11335,11368,11324,11314,11297,11292,11906,11887,11884,11882,11881,8498,8499,8575,8503,9676,9664,9658,9672
9661,9659,10266,10292,10239,10237,10276,10212,10241,7559,10281,10294,10286,10236,10259,10243,10264,10251,10271,10267
10214,10215,10273,10262,10280,10217,10274,8631,8632,9475,9464,9204,7898,7893,7904,7890,7905,7896,7903,7899
7907,7886,1374,7877,9859,9860,9864,9868,9869,9862,10860,8514,8578,8542,8531,8545,8548,8552,8550,7864
8555,8565,8573,8553,9065,9069,9067,10713,7549,11819,10701,10698,10732,10694,11116,11137,8680,8048,8035,8514
8578,8542,8531,8545,8548,8552,8550,7864,8555,9400,9399,9405,9404,10682,9783,9782,9781,9789,9787,10696
10736,10708,10711,10539,10698,10732,10712,10720,10738,10724,10722,10075,10074,10069,10071,10076,10073,10080,11625,11629
11634,11633,11638,8515,12084,12086,12083,10289,10235,7732,10260,10266,10292,10239,10237,10276,10212,10241,7559,10281
10294,10286,10236,10259,10243,10264,10251,10271,10267,10214,10215,10273,10262,10280,10217,10274,8631,8632,9475,9464
9201,7898,7893,7904,7890,7905,7896,7903,7899,7907,7886,1677,8515,8513,8579,8540,8536,8510,8508,8504
8577,8502,8500,8492,7523,8528,8525,8529,8522,7520,11736,11734,10143,11377,9251,9248,11182,11180,10779,10776
10781,10774,10778,9745,9743,11554,9984,9985,9996,9998,9987,9994,9991,9988,10360,8186,8940,8189,8195,11925
8996,8531,8545,8548,8552,8550,7864,8555,8565,10701,10698,10732,10946,10942,10926,10929,10945,7806,10933,10927
1680,8578,8542,8531,8545,8548,8552,8550,7864,8555,9400,9399,9405,9404,10682,9783,9782,9781,9789,9787
10696,10736,10708,10711,10539,10698,10732,10712,10720,10738,10724,10722,10075,10074,10069,10071,10076,10073,10080,11625
11629,11634,11123,11140,11143,11138,8578,8542,8531,8545,8548,8552,8550,7864,8555,9400,9399,9405,9404,10682
9783,9782,9781,9789,9787,10696,10736,10708,10711,10539,10698,10732,8278,8276,10690,8629,7692,11857,11852,8299
8851,8852,8843,8842,8840,8846,1680,8641,8635,11140,11143,11138,11117,11136,11128,7769,7756,7770,7737,7740
7760,7768,7766,7762,7736,7738,7759,7742,7750,7748,7747,7745,7753,7752,317,8641,8635,11140,11143,11138
11117,11136,11128,7769,7756,7770,7737,7740,7760,7768,7766,7762,7736,7738,7759,7742,7750,7748,7747,7745
7753,7752,317,11494,8690,11139,11145,11130,11124,9751,9753,9754,9747,9748,9473,8828,8826,9465,9462,8601
9837,9050,8330,8329,8333,8332,11996,11997,12000,9917,9874,8478,8483,8475,8480,8473,8486,8487,8477,8488
9684,9690,9687,9688,11931,10976,10974,10969,10978,10973,10552,9240,8324,8325,9022,9243,8445,8702,8733,8727
10742,8796,8798,8802,8800,8771,11764,11768,11767,9763,9761,9765,10067,10181,7733,10800,8702,8733,8727,8723
8706,8721,8730,8768,8766,10790,10798,10795,10801,10799,8726,8709,8719,8714,8712,8725,8737,8711,8716,8715
8731,8738,8729,8713,8720,8710,10787,10794,10797,10791,8765,8769,8734,8722,8705,8724,8728,8702,8735,8718
8704,8733,8727,8723,8706,8721,8730,8768,8766,8771,11764,11768,11837,11822,10798,10109,8748,8749,8750,7547
9728,9720,9738,9735,9724,9733,9726,9734,9741,9730,9723,9324,9308,9331,9336,9329,9334,9319,9318,9311
7510,9322,9309,9316,9339,9315,9340,9335,9326,9847,10902,10906,8138,8761,11896,11895,11243,11222,11229,11232
11226,11248,11238,11223,11240,11235,11220,10419,10417,10422,10416,10413,10411,10410,10431,10406,10404,11353,10402,10429
10401,10399,7504,7513,7514,8491,8498,8499,8575,8503,9676,9813,9811,9815,10840,10858,10857,10851,10854,10841
10853,10856,10845,10844,10842,10849,10847,9930,9931,8762,10911,10912,10183,10186,12012,12014,8776,8008,10896,10890
9682,7809,11614,11615,12080,12077,10897,10895,10961,10963,9285,9275,9288,9283,9937,9967,9963,9940,9385,9384
9389,8469,8762,10911,10912,10183,10186,12012,12014,8776,8763,8780,9286,9279,9277,9289,9285,9275,9288,9283
9281,9960,9941,9953,10063,11175,11176,11172,11170,8346,8347,8343,10524,10533,10538,10527,10532,10529,10535,10340
10341,10061,10060,8786,10079,10072,10077,10070,10078,10195,10189,7813,10190,10196,10193,9592,9594,9574,9597,9573
9589,9571,9588,9580,9584,9577,9575,9585,316,9119,7702,7638,10956,10955,10964,10959,10962,10894,10885,10892
10888,10063,11175,11176,11172,11170,8346,8347,8343,10537,9780,10536,10524,10533,10538,10527,10062,10342,10339,10534
10528,10531,10523,8790,8789,9702,9717,9715,9718,8355,8352,8354,11028,11014,11001,11026,11013,11032,11005,10653
11960,11951,11964,11958,11954,11949,11966,11971,11968,11956,10827,9033,8805,8807,8809,11604,8811,11101,11099,11726
11723,11725,11720,8094,8098,8097,8095,8101,11578,11589,11583,11584,11581,11585,11571,11591,11577,11596,11574,11593
11599,9870,11760,11816,10376,10378,8218,8221,8229,8233,8226,8228,8213,8211,8234,8230,8236,8219,8215,8216
8261,8254,8271,8244,8267,8247,8258,7594,8265,8269,8249,8421,7869,8424,8437,8425,8439,8438,8434,8432
11349,11342,11395,1336,8808,8811,8812,11605,7789,7787,7785,7784,7799,7793,7804,7794,7791,7801,7802,7782
12084,12086,12083,10289,10235,7732,10288,10260,10266,10292,10239,10237,10276,10212,10241,7559,10281,10294,10286,10236
10259,10243,10264,10251,10271,10267,10214,10215,10273,10262,10280,10217,10274,8631,8632,9475,9464,9470,10220,10278
10285,10221,10223,10249,10224,10225,10228,10229,10231,10291,10234,10246,7493,9423,8881,8878,8879,8867,8516,8515
8513,8579,8540,8536,8510,8508,8504,8577,8502,8500,8492,8520,7920,10955,12016,12013,12010,12012,11456,11426
11433,11430,11442,11451,11440,11434,11458,11454,11446,11449,11438,8543,8533,8470,9568,9581,315,8881,8878,8879
8867,8516,8515,8513,8579,8540,8536,8510,8508,8504,8577,8502,8500,8492,8520,7920,12016,12013,12010,12012
11456,11426,11433,11430,11442,11451,11440,11434,11458,11454,11446,11449,11438,8543,8533,8470,9568,9581,315,8882
8868,8848,8844,8850,8845,8837,8456,9032,11972,11974,11072,11063,11066,8414,8418,8415,8416,11580,9830,9829
9086,9084,9090,9093,9096,9083,9094,9082,7917,7938,7922,7915,10015,7870,11604,11609,11607,11605,7789,7787
7785,7784,7780,8090,8089,8087,8084,8082,8081,8103,8078,8076,8075,8072,7912,7945,12032,8887,8868,8871
8863,8892,8864,8888,8873,8884,8875,8414,8417,8415,8416,11601,11908,11902,11896,11895,11904,11889,11893,11906
11887,11884,11882,11881,8887,8868,8871,8863,8892,8864,8888,8873,8884,8875,8414,8417,8415,8416,11601,11908
11902,11896,11895,11904,11889,11893,11906,11887,11884,11911,11900,11890,8924,9251,9248,8815,8820,8823,12018,11390
11405,11421,11408,11412,11419,11400,11416,11404,7816,11410,11418,7824,11424,11422,11414,11401,11413,8685,8684,12097
8679,8678,7834,8917,8918,8683,8686,10874,10872,10877,11924,11921,11930,8996,11927,11926,8187,8186,8940,8927
11386,11393,11390,11387,11331,11349,1338,11371,11358,11307,11382,11334,11388,11325,11294,11287,11384,11276,11354,11398
11914,8494,8517,8512,7722,8927,8894,11377,11386,7546,11393,12018,11390,11378,11387,11374,11356,11331,11317,11343
11299,11349,11342,11395,1337,11341,11371,11345,11300,11363,11358,11367,11318,11326,8778,9235,11329,11307,11302,11309
11382,11305,11352,11360,11338,11334,11366,11310,11323,11388,11293,11296,11313,11325,11369,11336,11340,11294,11290,11288
11287,11285,11384,11283,11281,11279,11278,11276,11273,11271,11354,11357,11396,11398,11818,11914,8500,8494,8520,8517
8512,7722,8940,8189,10359,9989,9990,9995,9986,9997,9992,9993,9983,11553,9742,9744,10777,10773,10782,10775
10780,9485,11183,9249,9250,8528,8525,8529,8522,7520,11736,11734,10143,8940,8189,8195,11925,11928,11929,11922
11923,7678,7837,10876,10875,10873,8684,12097,8679,8678,7834,8917,8918,8683,8686,8687,11417,11402,11415,11425
7823,11406,11409,11423,11403,7808,11399,7774,11411,11407,11420,9341,11391,7535,8818,8824,8821,8816,9249,9250
10575,8924,8940,9984,9985,10948,10951,10967,10966,9369,10952,10950,10949,9993,9983,11553,7725,11552,8462,8463
8464,10141,8065,8063,10139,9024,9023,10575,8919,8894,11377,11386,7677,7661,7660,7670,7673,7666,7668,7664
7636,7635,10300,404,8996,11927,11926,8187,10359,9989,9990,9995,9986,9997,9992,9993,9983,11553,9742,9744
10777,10773,10782,10775,10780,9485,11183,9249,9250,8528,8525,8529,8522,7520,11736,11734,10143,8996,11927,11926
8187,8186,9984,9985,10948,10951,10967,10966,9369,10952,10950,10949,9993,9983,11553,7725,11552,8462,8463,8464
10141,8065,8063,10139,9024,9023,10575,8919,8894,11377,11386,7677,7661,7660,7670,7673,7666,7668,7664,7636
7635,10300,404,8996,11929,11922,11923,7678,7837,10876,10875,10873,8684,12097,8679,8678,7834,8917,8918,8683
8686,8687,11417,11402,11415,11425,7823,11406,11409,11423,11403,7808,11399,7774,11411,11407,11420,9341,11391,7535
8818,8824,8821,8816,9249,9250,10575,8924,9034,11165,11359,11380,11350,11372,11320,11394,11319,10325,10315,10312
10309,10308,10306,10320,10304,10301,10300,407,10323,10295,10318,7882,7880,7943,7940,7932,7930,7926,9488,9487
9490,9492,10390,10393,9034,11165,8284,8282,8281,9361,9360,9365,9366,8653,8669,8656,8659,8676,8673,8677
8668,8650,8672,9823,7821,9826,8667,11212,11214,11095,11097,9205,9206,8980,8977,8976,8974,8972,8954,8981
8968,8966,8964,8962,8960,8956,9804,9797,9792,10296,10322,403,10299,9034,11483,11482,10783,9245,8959,8982
8958,8249,8240,8239,8262,8251,8272,7866,8270,8243,10518,10521,10515,10520,11330,9618,9616,9614,9612,9610
9608,9605,9603,7636,7635,10300,403,9040,9041,10993,10983,10987,11011,11040,11019,11010,11018,11035,11028,11014
11001,11026,11013,11032,11005,9042,10606,10593,10652,10673,10630,10659,10676,10580,10597,10655,10628,10607,10617,9071
9070,9635,11613,9650,9653,9647,9644,10718,10709,10729,11528,11525,11519,11521,11520,9769,9774,9773,9771,9778
9776,11636,7534,7532,11631,11623,11622,11632,11637,11626,10079,10072,10077,10070,10078,10739,10723,10737,10721,10704
8278,8276,10690,9071,9070,9635,11613,9650,9653,9647,9644,10718,10709,10729,11528,11525,11519,11521,11520,9769
9774,9773,9771,9778,9776,11636,7534,7532,11631,11623,11622,11638,9197,9044,9063,9045,9054,9049,7608,9060
9052,9055,9057,10506,10510,10508,10105,10101,10103,9209,11603,11602,9208,9199,10220,10278,10285,10221,10223,10249
10224,10225,10228,10229,10231,8031,8055,8036,8062,8046,8033,8044,8058,8057,8041,8052,8038,9266,9270,9268
9265,9855,9226,7947,9231,9227,9225,9827,7875,11263,1719,9200,9459,9476,8633,8630,8634,10218,10283,10254
10261,10263,10216,10279,10213,10268,10272,10250,10265,10242,10258,10247,10287,10293,10282,8793,8792,8794,10238,10240
10116,10115,9668,9662,9671,9670,9665,9675,8577,8502,8500,8496,9200,9476,8634,10283,10263,10213,10250,10258
10282,8794,10240,10115,9671,9665,11915,11817,12025,12038,12035,12037,1461,9202,9459,9476,8633,8630,8634,10218
10283,10254,10261,10263,10216,10279,10213,10268,10272,10250,10265,10242,10258,10247,10287,10293,10282,8793,8792,8794
10238,10240,10116,10115,10114,11452,11436,11437,11453,11445,11441,12085,12087,12082,8578,9202,9459,9476,9458,9456
9480,9479,9482,9467,9484,9451,9450,9478,9448,9445,9444,9472,9441,9439,9437,9435,9433,9431,9429,9426
9425,9424,9460,9454,9442,7611,7528,7526,7524,7523,7515,9202,9459,9476,9458,9456,9480,9479,9482,9467
9484,9451,9450,9478,9448,9445,9444,9472,9441,9439,9437,9435,9433,9431,9429,9426,9425,9424,9460,9454
9442,7611,7528,7526,7525,8498,9203,9972,9975,9977,9974,9979,9981,11512,11508,11492,11513,11499,11515,11502
11490,11497,11505,11516,11496,11263,1374,7877,9859,7973,9213,9223,9220,9221,9216,9219,8069,8070,8068,9295
9296,11850,8648,8647,8067,7488,7484,7486,7487,10053,7479,7477,7481,10206,7490,7494,7493,9421,9204,7898
7893,7904,7890,7905,7896,7903,7899,7907,7886,1374,7877,9859,9860,9864,9868,9869,9862,10860,9208,10102
10100,10104,10509,10511,10507,9056,7685,9051,9061,7908,9048,9047,9046,9062,9043,8584,8596,8600,8601,9839
9234,9368,9363,9362,8904,8903,8905,8907,8916,8910,8913,8912,11659,11816,11815,11813,10474,10490,10498,10476
10501,10484,11901,11909,11570,11586,9077,9073,9078,9072,8874,8885,8872,8889,8302,8312,8319,8298,8321,8317
8290,8306,8300,8292,8313,8287,8305,8315,10015,10012,10010,9264,9238,8777,8653,8669,8656,8659,8676,8673
8677,8668,8650,8672,9823,7821,9826,8667,11212,11214,11093,11091,11088,8665,8657,8664,8651,10301,10300,407
10379,8420,9790,9801,9799,7543,7545,11197,11196,11194,11192,11190,11186,11187,10575,8926,10576,8528,8525,8529
8522,7520,11729,11735,9700,11059,12019,11087,8341,11161,7730,11162,9239,9362,8904,8903,8907,8910,8913,8912
11663,11670,11674,11671,11668,11660,11665,11305,11352,11360,11334,11310,11323,11906,11884,1680,9264,10009,10011,10013
10014,8286,8316,8304,8288,8314,8291,8303,8307,8289,8318,8322,8297,8320,8295,8301,8864,8888,8873,8884
8875,8414,8417,8415,8416,11601,11908,10497,10485,10500,10477,10499,10491,10475,11812,11814,11676,11658,8909,8914
8911,8915,8908,8906,8902,9364,9361,9360,9365,9234,9289,9285,9275,9288,9283,9281,9960,9941,9953,10063
11175,11176,11172,11170,8346,8347,8343,10524,10533,10538,10527,10532,10529,10535,10340,10341,10061,10060,9294,9044
9063,9045,9054,9049,7608,9060,9052,9055,9057,10506,10510,10508,10105,10101,10103,9209,11603,11602,9208,932
1347,932,15834,15836,15833,16230,16234,16416,16414,16605,16604,16606,16601,16602,16236,16227,16237,16232,16313,16286
16296,16323,16393,16374,16378,16383,16394,16391,16390,16377,15819,16610,15822,15824,15815,15813,15825,15820,15816,15630
15633,15627,15629,15653,15759,15761,15766,16494,16444,16137,16094,15721,16438,15892,16437,16436,16526,16530,16537,16535
16521,16514,16515,16511,16519,16539,16517,16516,16510,16527,16529,656,15708,16164,16165,16169,15619,16166,16172,16174
15621,15622,15797,16084,16425,16428,16423,16429,15756,932,16110,16101,16106,16103,16109,15854,15625,16675,16650,16648
16123,15698,15828,15701,16609,932,16674,16363,16360,16355,16367,16359,16356,16364,16366,16313,16286,16296,16323,16260
16259,16317,16289,16281,16342,16318,15787,15817,15630,15633,15627,15629,15653,15759,15761,15766,16494,16444,16438,15892
16437,16436,16526,16530,16537,16535,16521,16514,16515,16511,16519,16539,16517,16516,16510,16527,16529,656,15708,16164
16165,16169,15619,16166,16172,16174,15621,15622,15797,16084,16425,16428,16423,15756,932,16674,16363,16360,16355,16367
16359,16356,16364,16366,16313,16286,16296,16323,16260,16259,16317,16289,16281,16342,16318,16305,16292,16340,15772,15759
15761,15766,656,15708,16164,16165,16169,15619,16166,16172,16174,15621,15622,15797,16084,16425,16428,16423,15756,934
19731,19805,19796,19803,19797,19799,934,19743,19816,19745,19742,19747,19826,19705,19706,19738,934,19850,19734,19732
19755,19756,19814,937,12787,12877,13483,13481,13479,13778,12225,13648,13772,937,13252,14030,14028,14029,14031,14025
14766,14759,14769,14752,15160,15157,15159,15158,15156,12622,14750,14754,14765,937,14282,14274,14334,14328,14332,14331
14339,14324,14335,14326,14289,14285,14287,13253,12396,937,14751,14755,12417,12413,12415,14684,14686,14945,14942,12951
12411,15338,15340,13128,13123,13537,13540,13534,13538,13541,13535,13532,937,14822,14824,12803,12807,13204,13208,13205
13757,14521,12801,13133,13135,13883,937,15008,12237,14480,14485,14481,14482,14773,14772,14089,14086,14090,12226,937
15021,15034,15015,15030,15006,12486,15035,15023,15016,12323,13809,13812,13814,14444,937,15155,13350,13397,13398,15392
15056,15057,14226,14224,14223,13813,13817,14998,12657,12655,12871,13811,14079,15094,13708,13699,13696,13694,9387,9960
9941,9953,10063,11175,11176,11172,11170,8346,8347,8343,10524,10533,10538,10527,10532,10529,10535,10340,10341,10061
10060,9419,9418,8026,9649,9645,7968,7964,7957,7960,7971,7965,7967,7951,7954,7987,7975,7956,1677,9421
10210,7492,7491,7480,7476,7478,10054,7485,7483,7489,7482,8069,8070,8068,9295,9296,11850,8648,8647,8067
9218,9215,9224,9217,9222,9214,7974,9863,9858,1676,11264,11495,11517,11506,11498,11491,11501,11504,11489,11500
11514,11493,11509,11507,11511,11510,11503,9980,9973,9978,9976,9982,9203,9422,10211,10244,10275,10269,10257,10252
9301,9297,9299,9303,9305,7723,9831,9833,11252,8986,8992,8994,8989,8990,12021,12023,10564,10560,10084,10558
10562,10556,11694,11704,11719,12064,12065,11104,11106,9378,9382,9374,9377,10175,10169,10168,10176,9241,10545,10553
10548,10544,10547,10554,10550,10541,8334,8327,8331,9841,9422,10211,10244,10275,10269,10257,10252,9301,9297,9299
9303,9305,7723,9831,9833,11252,8986,8992,8994,8989,8990,12021,12023,12068,7619,9037,9036,10366,10368,10684
8349,8460,8461,9370,7614,12055,12059,12061,12056,12060,10162,10166,10163,10160,10171,10179,10175,10169,9908,9905
9881,9913,8444,9423,10210,10209,10256,10233,10232,10230,10227,10226,7989,10248,10253,10222,10284,10277,10219,9202
9459,9476,8633,8630,8634,10218,10283,10254,10261,10263,10216,10279,10213,10268,10272,10250,10265,10242,10258,10247
10287,10293,10282,8793,8792,8794,10238,10240,10116,10115,10114,11452,11436,11437,11453,11445,11441,12085,12087,12082
7781,7803,7800,10207,7795,7805,7792,7798,7783,7786,7788,7790,11608,11606,8810,9494,11036,11000,11022,11006
11020,9709,9707,9711,9704,9702,9717,9715,9718,8489,8619,8813,11539,11540,11542,11551,1663,11963,11960,11951
11964,11958,11954,11949,11966,11971,11968,11956,10827,9033,10567,10915,10916,7817,10569,10568,10824,9496,10979,11009
10985,10995,11017,11025,11834,11821,11829,11823,11841,11825,11839,11833,10791,10789,8795,8801,8803,8799,8797,10870
9498,11941,9547,9508,9559,8208,9256,11728,11184,11109,11108,9499,11945,11941,11933,9509,9547,7773,9522,9533
9563,9518,9520,9554,9507,9548,9559,9009,9014,9003,9015,8999,9020,1684,9006,9004,9018,8997,10677,10665
10638,10586,10601,10611,10583,10613,10578,10672,11684,10667,10622,10590,10657,10627,10624,10669,10598,10595,10626,9398
12004,12003,9844,10338,10614,10662,10619,10588,10599,10643,10641,9137,9136,9135,9132,9140,7595,8861,8448,8860
9130,9141,9129,9128,9126,9124,9122,9121,9153,9143,9149,9156,9146,9151,8988,11251,9499,8832,7688,10768
10761,10755,10743,10762,10756,10745,10753,10802,10741,8723,8706,8721,8730,8768,8766,8771,8782,8772,12075,12073
9291,9293,9391,8682,11768,11837,11822,10798,10795,10801,10799,10800,10793,9002,9011,9009,9014,9003,9015,9020
1044,9502,11945,11941,11933,9509,9547,7773,9522,9533,9563,9518,9520,9554,9561,9507,9548,9559,9009,9014
9003,9015,8999,9020,1684,9503,11945,11941,9558,9512,9555,9539,9551,9565,9504,9517,9514,9542,9528,9524
9530,8352,10879,10882,10881,1663,11970,11963,11960,11951,11964,11958,11954,11949,11966,11971,11968,11956,10827,10823
10834,10837,10832,10829,10831,10825,10821,11641,11644,11646,11648,11640,11642,11645,1235,9507,9548,9559,9009,9000
11038,10989,11041,11002,11003,10997,10981,11030,10991,10998,8206,8204,9519,9550,9532,9541,10760,10771,10759,10767
10766,10746,10757,10750,7724,10820,10813,10811,10808,10805,10810,10814,10817,10818,10804,9541,10760,10771,10759,10767
10766,10746,10757,10750,7724,10820,10813,10811,10808,10805,10810,10814,10817,10818,10804,9592,9594,9574,9597,9573
9589,9571,9588,9580,9584,9577,9575,9585,316,9119,7702,7638,10956,10955,10964,10959,10962,10893,7631,12079
12044,8108,8105,9592,9594,9574,9597,9573,9589,9571,9588,9580,9584,9577,9575,9585,316,9119,7702,7638
10956,10955,10964,10959,10962,10960,8106,8107,12045,12076,12081,7616,11616,9683,7810,10886,10889,12027,8007,8775
12015,12011,12009,12008,12017,9810,7526,7524,7523,10434,9623,9631,9626,9633,9627,9630,10024,10020,10021,10018
11813,10474,10490,10498,10476,10501,10484,10496,10467,10472,10478,10482,10486,10480,10495,10493,10471,10488,8099,8093
10463,10460,10468,10465,7844,7843,7846,7847,7832,7833,7828,7826,11082,11083,11069,11068,11070,11060,9637,9636
10204,10202,10200,9674,9666,9677,9660,9673,9668,9662,9671,9670,9665,9675,8577,8502,8500,8494,8520,8517
8512,9257,9259,7717,10064,8131,9650,9653,9647,9644,10718,10729,9419,9418,9649,7968,7957,7960,7967,7954
7956,1375,9736,11518,9348,8358,8357,8636,8637,8644,8646,11560,11559,11558,9738,9735,9724,9733,9726,9734
9741,9730,9723,9324,9308,9331,9336,9329,9334,9319,9318,9311,7510,9322,9309,9316,9339,9315,9340,9335
9326,9847,10902,10906,8138,9802,10381,10382,11147,11146,10364,10363,11206,11208,10301,10300,407,10299,7672,7675
7663,7665,7667,7659,7674,7658,7671,7669,7662,7676,11373,11327,10575,8921,9251,9248,11182,11180,11178,9640
9247,11408,11412,11419,11400,11416,11404,10513,10512,10514,11925,11928,11929,11922,11923,7678,9819,9817,9812,9809
9814,9818,9665,9675,8577,8502,8500,8495,7516,7517,7518,7610,10122,9170,10922,10940,10935,10919,10923,10939
10936,10925,10932,9835,9050,8330,8329,8333,11465,11462,11460,12127,12124,8185,8182,7683,8183,9342,9343,9346
11858,11860,9657,9655,11043,12112,11772,11771,9414,9416,9411,11203,11204,11200,11201,11758,10052,10050,10033,10028
10042,10036,10039,12041,12043,9100,9105,11876,9836,8952,8951,8950,7711,8586,8587,8589,8592,8594,8598,8603
8755,7632,8759,8760,8753,8751,9921,9923,10331,10334,11533,11535,11530,11141,11132,11131,11127,11120,8689,8696
8699,8698,8691,8701,8693,10113,10112,11679,11681,11732,11730,11737,10570,10572,7599,7601,7603,7598,9132,9140
7595,8861,8450,9756,9757,9407,9408,10692,8180,8177,10365,11256,11255,11257,11249,9837,9050,8330,8329,8333
8332,11996,11997,12000,9917,9874,8478,8483,8475,8480,8473,8486,8487,8477,8488,9684,9690,9687,9688,11931
10976,10974,10969,10978,10973,10552,9240,8324,8325,9022,9243,8445,9839,8952,8951,8950,9044,9063,9045,9054
9049,7608,9060,9052,9055,9057,10506,10510,10508,10105,10101,10103,9209,11603,11602,9208,9841,9050,8330,8595
10542,10549,10555,10546,10543,10551,10552,9240,9242,10177,10167,10170,10174,9376,9375,9380,9381,9379,11107,11105
12066,12063,11692,11703,11709,10557,10563,10559,10085,10561,12024,12022,12020,8993,8995,8991,8987,11252,9834,9832
9300,9306,9304,9298,9302,10255,10432,10433,10270,10290,10245,10210,7493,9422,9842,8952,8951,8950,7714,7710
7720,7681,7719,7713,8643,8640,12028,10871,9198,12029,9843,9050,9681,10540,11619,12052,12046,12049,12050,9806
9601,9599,11471,11473,10356,10358,9821,10032,12110,12102,11687,11808,11804,10041,10027,10031,10034,10033,10028,10042
10036,10039,12041,12043,9100,9105,11876,9845,9050,9053,9059,12125,12119,12128,12129,12121,10330,10326,7620,10327
11218,9845,9050,9053,9059,12125,12119,12128,12129,12121,11215,11217,7609,10328,7617,7621,10329,8627,8625,7628
7629,8623,8620,9027,9030,8856,8859,7691,8855,9212,10057,10058,7694,7696,8938,8201,10047,10046,12114,12099
11806,12108,12104,12112,12106,12115,12100,12110,12102,11683,9851,9848,9849,9850,11071,11061,8414,8418,8415,8416
11570,11586,11580,11582,11590,8100,8102,8096,8099,8093,11721,10417,10422,10416,10413,10411,10410,7796,7783,7786
7788,7790,11608,11606,1463,9897,9896,9877,9911,9901,8784,9916,9903,9919,9893,9907,9914,9917,9874,9876
9888,9899,9885,9908,9905,9881,9913,8442,9919,9893,9907,9914,9917,9874,9876,9888,9899,9885,9908,9905
9881,9913,8442,9926,9929,9924,9928,9930,9927,11611,8948,8946,8949,8943,8941,10344,10347,7950,10351,10345
10349,10195,10190,9931,10848,10850,10846,10855,10852,8451,9816,9819,1680,9931,9925,10848,10843,10850,10846,10855
10852,8451,9816,9819,9817,9812,9809,9814,9818,9665,9675,8577,8502,8500,7524,7523,7527,7529,7505,10398
10400,10423,10403,10425,10405,10407,10430,10409,10412,10414,10415,10421,10427,10418,11219,11234,11239,11224,11237,11247
11225,11233,11230,11221,11903,11894,11897,11901,11909,8761,9999,11555,11553,7725,11552,8462,8463,8464,10141,8065
8063,10139,9024,9023,10575,8919,8894,11377,11386,7677,7661,7660,7670,7673,7666,7668,7664,7636,7635,10300
404,9999,11555,11553,9742,9744,10777,10773,10782,10775,10780,11556,8462,8463,8464,10141,8065,8063,10139,9024
9023,10575,8923,10576,11386,11166,11167,8815,8820,8823,8819,8814,10395,10394,10388,10386,10396,10392,10391,9493
9491,9486,9489,7925,7929,7931,7939,7934,7881,7883,10319,10296,10322,404,10323,9793,9791,9796,9803,8957
8961,8963,8965,8967,8969,8970,8971,8973,8975,8978,8979,1333

FirstStopIdOfRoute: 1792
---------------------------------------------------------------
0,16,92,157,201,230,242,254,276,296,325,351,368,411,475,509,546,573,599,616
641,689,723,743,765,781,866,902,928,974,1021,1068,1085,1113,1131,1181,1223,1266,1327,1385
1394,1406,1426,1446,1453,1478,1561,1605,1625,1649,1693,1749,1796,1833,1858,1879,1946,1976,2038,2060
2076,2102,2114,2125,2139,2144,2156,2183,2224,2241,2259,2293,2371,2415,2436,2469,2491,2522,2559,2594
2655,2676,2719,2743,2768,2791,2798,2814,2836,2859,2870,2876,2970,3063,3089,3091,3150,3223,3245,3297
3343,3380,3407,3448,3467,3477,3491,3558,3592,3678,3742,3769,3835,3879,3908,3969,3998,4061,4096,4122
4150,4170,4210,4247,4275,4308,4353,4390,4405,4457,4494,4518,4529,4548,4631,4669,4688,4709,4772,4807
4851,4887,4935,4966,4998,5032,5075,5111,5145,5152,5175,5220,5243,5260,5298,5354,5417,5464,5512,5531
5575,5603,5620,5635,5664,5699,5733,5773,5819,5909,5947,5961,5972,6006,6023,6052,6100,6121,6129,6147
6167,6235,6284,6346,6395,6417,6458,6481,6530,6541,6567,6607,6673,6713,6754,6805,6872,6890,6945,6960
7042,7082,7095,7121,7162,7218,7228,7239,7244,7251,7291,7330,7375,7412,7421,7432,7462,7514,7554,7610
7634,7672,7689,7703,7723,7762,7816,7862,7917,7936,8016,8029,8051,8077,8118,8133,8183,8242,8272,8370
8406,8430,8513,8536,8560,8580,8605,8623,8642,8655,8669,8685,8718,8788,8809,8849,8875,8905,8914,8925
8943,8965,8980,9000,9095,9148,9203,9249,9323,9377,9424,9444,9467,9495,9519,9588,9608,9630,9647,9666
9670,9706,9716,9731,9736,9739,9744,9748,9777,9785,9826,9866,9872,9922,9973,9989,10007,10020,10026,10064
10088,10180,10203,10223,10298,10327,10348,10366,10376,10399,10454,10517,10532,10588,10643,10678,10723,10730,10752,10773
10854,10937,10939,10943,10945,10947,10951,10954,11024,11098,11160,11173,11211,11250,11312,11364,11384,11394,11452,11484
11515,11555,11571,11597,11631,11675,11687,11711,11730,11743,11757,11780,11793,11830,11844,11866,11883,11908,11923,11944
11946,11949,11951,11963,11988,12008,12047,12072,12095,12099,12128,12155,12191,12202,12220,12222,12246,12265,12300,12383
12465,12490,12509,12541,12565,12605,12621,12653,12670,12696,12774,12799,12807,12840,12878,12918,12963,13004,13006,13058
13110,13130,13157,13193,13245,13282,13309,13334,13390,13443,13499,13505,13532,13535,13538,13547,13556,13565,13573,13582
13588,13595,13604,13612,13621,13641,13712,13759,13804,13813,13852,13886,13915,13938,13972,13993,14017,14060,14090,14111
14156,14169,14189,14250,14308,14344,14386,14442,14456,14483,14517,14567,14590,14673,14755,14774,14781,14804,14828,14842
14856,14863,14867,14870,14876,14881,14884,14888,14895,14945,14977,15007,15021,15107,15155,15232,15280,15369,15444,15516
15596,15677,15693,15745,15775,15784,15843,15890,15928,15979,16024,16068,16126,16169,16195,16212,16242,16264,16296,16331
16366,16374,16383,16389,16410,16433,16455,16473,16491,16513,16571,16612,16636,16640,16645,16664,16694,16742,16744,16747
16749,16751,16753,16756,16758,16760,16762,16764,16767,16769,16771,16773,16775,16777,16779,16781,16806,16833,16862,16892
16928,16968,16989,17014,17019,17032,17046,17054,17075,17079,17097,17115,17151,17156,17214,17233,17257,17274,17323,17402
17440,17442,17495,17606,17631,17658,17710,17713,17771,17827,17830,17835,17874,17877,17879,17896,17933,17973,17999,18025
18057,18088,18119,18146,18173,18192,18201,18210,18222,18235,18243,18256,18266,18280,18303,18331,18345,18358,18382,18411
18432,18495,18519,18571,18575,18610,18653,18670,18687,18716,18745,18760,18778,18785,18789,18794,18802,18807,18812,18818
18823,18828,18852,18870,18922,18959,18974,18976,18993,19025,19035,19061,19094,19144,19170,19207,19225,19244,19267,19291
19309,19350,19371,19381,19408,19435,19464,19482,19510,19560,19600,19610,19647,19671,19689,19717,19738,19742,19764,19786
19807,19830,19836,19849,19859,19881,19890,19909,19947,19965,19998,20014,20035,20062,20073,20089,20110,20127,20155,20157
20164,20200,20224,20242,20246,20251,20257,20284,20295,20300,20323,20326,20334,20336,20340,20345,20349,20354,20360,20365
20369,20388,20410,20431,20453,20460,20483,20518,20530,20578,20614,20663,20668,20697,20712,20737,20762,20804,20836,20848
20857,20896,20929,20951,20977,20993,21010,21034,21063,21093,21120,21158,21180,21197,21215,21228,21275,21283,21312,21325
21366,21402,21440,21479,21494,21513,21524,21568,21590,21630,21644,21656,21713,21737,21760,21782,21798,21820,21861,21881
21911,21942,21986,22015,22058,22071,22107,22120,22143,22154,22164,22178,22186,22222,22275,22332,22338,22370,22388,22412
22421,22439,22470,22509,22529,22551,22576,22622,22628,22661,22696,22722,22737,22782,22829,22855,22878,22895,22914,22946
22976,23003,23040,23060,23089,23104,23121,23153,23187,23220,23237,23255,23285,23315,23360,23378,23447,23490,23551,23586
23606,23616,23637,23655,23690,23704,23739,23771,23788,23805,23825,23833,23851,23876,23887,23906,23930,23970,24013,24035
24045,24071,24082,24093,24113,24144,24153,24166,24180,24218,24257,24279,24306,24336,24353,24365,24373,24383,24416,24424
24437,24471,24502,24539,24562,24584,24684,24699,24716,24745,24754,24790,24813,24831,24846,24862,24889,24905,24931,24947
24964,24983,25000,25009,25031,25052,25067,25074,25089,25117,25132,25156,25180,25200,25235,25256,25298,25333,25360,25384
25418,25435,25456,25476,25497,25503,25511,25529,25551,25561,25579,25604,25628,25655,25713,25779,25790,25799,25809,25816
25831,25847,25855,25866,25882,25906,25929,25950,25971,25986,26020,26043,26059,26091,26105,26129,26172,26213,26256,26272
26276,26311,26342,26376,26411,26449,26466,26495,26506,26548,26552,26566,26572,26588,26603,26626,26629,26633,26636,26707
26742,26776,26783,26787,26805,26810,26812,26821,26823,26832,26847,26851,26856,26858,26868,26878,26886,26895,26901,26920
26927,26940,26949,26991,27034,27058,27084,27091,27117,27161,27171,27178,27188,27190,27196,27209,27216,27223,27229,27238
27241,27250,27264,27278,27293,27303,27312,27322,27332,27341,27346,27352,27360,27392,27395,27438,27444,27453,27463,27473
27485,27498,27511,27520,27530,27541,27552,27564,27575,27593,27605,27623,27635,27646,27648,27650,27652,27654,27656,27658
27661,27669,27673,27675,27677,27679,27681,27683,27685,27688,27690,27692,27695,27697,27699,27701,27703,27706,27709,27711
27713,27715,27717,27719,27742,27768,27775,27790,27817,27827,27835,27857,27886,27919,27939,27971,27992,28004,28012,28037
28050,28060,28107,28116,28170,28210,28232,28254,28262,28266,28270,28278,28290,28296,28308,28316,28320,28326,28328,28330
28363,28395,28415,28429,28440,28449,28454,28473,28486,28504,28555,28613,28672,28695,28733,28751,28772,28809,28863,28889
28918,28940,28958,28984,28996,29018,29042,29071,29112,29174,29209,29246,29321,29350,29398,29415,29450,29489,29521,29583
29596,29636,29654,29658,29686,29707,29711,29730,29763,29778,29800,29822,29841,29880,29928,29965,30013,30042,30057,30072
30094,30109,30151,30187,30235,30263,30304,30353,30387,30410,30429,30446,30489,30499,30526,30607,30692,30735,30793,30822
30848,30875,30904,30945,30972,31012,31044,31067,31083,31100,31117,31165,31219,31288,31320,31341,31389,31411,31434,31458
31474,31485,31509,31554,31580,31595,31635,31700,31717,31746,31759,31802,31819,31863,31885,31934,31991,32011,32013,32015
32018,32020,32030,32059,32088,32143,32195,32237,32260,32292,32296,32341,32394,32417,32419,32430,32442,32446,32478,32523
32558,32595,32639,32710,32715,32746,32767,32804,32866,32872,32954,33002,33032,33045,33059,33104,33146,33201,33208,33258
33286,33300,33314,33346,33368,33380,33408,33435,33454,33458,33463,33469,33476,33483,33489,33494,33522,33562,33584,33605
33627,33671,33693,33740,33761,33848,33922,33961,34030,34061,34105,34155,34172,34190,34210,34260,34302,34355,34382,34397
34441,34479,34490,34502,34530,34553,34579,34632,34673,34697,34725,34764,34783,34801,34827,34854,34874,34895,34915,34940
34975,35023,35048,35114,35126,35172,35208,35236,35259,35337,35375,35428,35510,35550,35674,35699,35727,35757,35860,35872
35895,35920,35941,35967,35971,35983,36035,36079,36100,36139,36176,36183,36213,36241,36257,36284,36380,36397,36424,36429
36468,36511,36591,36661,36699,36738,36765,36792,36826,36839,36851,36905,36921,36945,36970,36982,36984,37053,37114,37137
37152,37181,37215,37222,37227,37270,37290,37313,37339,37347,37356,37358,37361,37370,37379,37388,37395,37400,37405,37408
37413,37422,37427,37430,37432,37437,37442,37456,37459,37462,37466,37483,37503,37544,37598,37633,37661,37675,37718,37749
37752,37784,37801,37820,37847,37876,37894,37921,37935,37941,37955,37979,38002,38034,38066,38076,38095,38113,38143,38178
38189,38207,38239,38255,38282,38295,38309,38338,38375,38386,38448,38464,38494,38496,38523,38559,38568,38598,38628,38656
38669,38680,38714,38716,38755,38792,38806,38832,38860,38891,38911,38991,39002,39020,39035,39051,39069,39087,39095,39110
39125,39145,39162,39193,39207,39219,39247,39269,39310,39316,39347,39357,39385,39412,39425,39444,39472,39504,39531,39560
39584,39625,39637,39700,39822,39850,39866,39869,39912,39955,40030,40114,40163,40175,40194,40254,40289,40328,40367,40413
40459,40479,40499,40523,40547,40591,40636,40682,40728,40765,40800,40832,40858,40875,40918,40957,40970,41001,41023,41034
41053,41071,41088,41120,41164,41191,41196,41201,41207,41233,41236,41239,41243,41245,41248,41252,41257,41279,41300,41311
41330,41364,41389,41429,41469,41504,41542,41557,41585,41598,41612,41633,41635,41637,41676,41708,41741,41755,41772,41801
41831,41842,41866,41886,41898,41923,41952,41980,41991,41997,42010,42026,42057,42101,42112,42134,42158,42215,42244,42276
42287,42299,42323,42358,42376,42400,42462,42494,42534,42578,42614,42639,42679,42688,42709,42733,42742,42760,42775,42805
42823,42860,42892,42932,42964,42995,43020,43055,43075,43107,43133,43169,43242,43279,43318,43334,43375,43422,43448,43528
43604,43630,43665,43694,43727,43746,43779,43822,43853,43915,43978,44052,44076,44149,44169,44203,44237,44254,44272,44277
44315,44352,44394,44421,44447,44498,44551,44620,44675,44703,44739,44775,44778,44812,44871,44899,44943,44992,45005,45041
45061,45106,45135,45147,45175,45204,45257,45276,45299,45318,45336,45373,45429,45462,45503,45563,45592,45664,45734,45777
45819,45877,45904,45932,45979,46005,46082,46113,46162,46204,46237,46283,46328,46364,46413,46447,46465,46479,46523,46552
46573,46611,46652,46673,46715,46751,46786,46838,46858,46880,46932,46992,47016,47070,47098,47119,47121,47209,47225,47294
47339,47346,47356,47363,47373,47393,47409,47432,47446,47459,47474,47498,47521,47539,47593,47650,47703,47775,47817,47840
47851,47936,47981,48005,48055,48072,48095,48115,48143,48190,48266,48282,48325,48376,48403,48448,48515,48552,48576,48634
48650,48687,48701,48750,48785,48808,48823,48843,48853,48910,48941,49012

FirstTripOfRoute: 1792
---------------------------------------------------------------
0,1,14,34,35,36,37,39,91,95,96,97,122,123,124,153,154,155,217,218
258,259,276,293,334,335,346,387,389,424,462,476,485,493,512,572,573,575,590,605
606,607,608,609,615,679,750,783,799,806,808,809,810,811,812,813,814,815,816,828
830,834,849,853,854,855,872,919,937,942,944,963,1036,1050,1051,1066,1068,1071,1108,1109
1114,1169,1204,1218,1305,1306,1310,1318,1335,1336,1343,1440,1494,1506,1507,1509,1536,1575,1579,1607
1608,1611,1612,1613,1614,1618,1624,1649,1760,1765,1838,1883,1884,1885,1887,1892,1893,1909,1910,1912
1915,1916,1917,1918,1919,1920,1922,1923,1925,1959,1984,1998,2004,2023,2064,2065,2067,2068,2141,2156
2190,2207,2232,2277,2282,2324,2325,2327,2437,2438,2439,2464,2465,2471,2496,2549,2588,2643,2644,2645
2679,2688,2696,2697,2701,2749,2756,2763,2816,2817,2818,2819,2820,2881,2883,2929,2932,2961,2962,2964
2994,3021,3024,3026,3047,3062,3120,3121,3185,3189,3251,3262,3272,3276,3301,3302,3332,3333,3398,3402
3425,3426,3427,3492,3493,3522,3525,3527,3531,3629,3662,3665,3666,3667,3668,3685,3687,3721,3754,3784
3785,3798,3800,3806,3808,3809,3838,3874,3943,3945,4009,4011,4014,4029,4088,4116,4150,4179,4245,4318
4380,4382,4384,4453,4547,4641,4728,4729,4732,4733,4735,4763,4775,4778,4803,4833,4836,4837,4864,4891
4892,4904,4915,4943,5008,5040,5071,5072,5112,5139,5140,5143,5148,5150,5152,5169,5170,5172,5174,5175
5176,5190,5212,5224,5235,5236,5247,5258,5310,5312,5343,5376,5385,5386,5416,5417,5421,5483,5485,5573
5675,5723,5724,5725,5755,5803,5807,5814,5818,5819,5853,5879,5883,5910,5913,5914,5915,5916,5917,5918
5921,5947,5949,5950,5955,5957,5958,5959,5962,5991,5993,5994,5995,6007,6021,6022,6050,6052,6086,6100
6101,6132,6133,6195,6201,6253,6270,6271,6272,6273,6277,6278,6282,6294,6306,6317,6318,6323,6325,6329
6344,6353,6363,6371,6376,6381,6387,6392,6447,6450,6485,6498,6524,6529,6533,6587,6614,6635,6670,6691
6702,6707,6708,6720,6728,6758,6759,6837,6840,6907,6971,7124,7125,7131,7179,7228,7239,7254,7266,7352
7353,7357,7417,7419,7420,7481,7482,7483,7485,7516,7547,7549,7550,7554,7559,7564,7568,7573,7574,7580
7581,7594,7597,7598,7601,7608,7645,7653,7677,7678,7679,7680,7681,7682,7711,7712,7713,7738,7752,7756
7759,7760,7761,7790,7803,7814,7866,7867,7872,7935,7936,8001,8003,8027,8033,8035,8039,8057,8058,8082
8106,8136,8164,8177,8181,8200,8212,8214,8216,8217,8227,8228,8229,8238,8240,8241,8242,8250,8257,8258
8260,8266,8267,8276,8277,8278,8279,8281,8282,8291,8294,8299,8300,8306,8307,8308,8309,8310,8312,8319
8321,8322,8323,8324,8325,8327,8371,8420,8429,8430,8441,8442,8466,8467,8470,8471,8472,8474,8476,8477
8491,8492,8501,8506,8507,8516,8532,8542,8543,8544,8545,8730,8731,8739,8740,8753,8798,8801,8804,8805
8806,8807,8867,8912,8913,8917,8919,8920,8926,8927,8982,8985,8986,8987,8988,8995,9003,9006,9007,9014
9025,9038,9039,9040,9080,9135,9167,9180,9186,9189,9205,9214,9220,9226,9233,9240,9292,9293,9294,9321
9349,9373,9378,9387,9405,9447,9454,9456,9471,9481,9483,9492,9498,9522,9563,9603,9609,9613,9654,9671
9688,9689,9696,9728,9729,9758,9772,9793,9814,9837,9842,9848,9849,9855,9869,9872,9884,9885,9898,9902
9915,9916,9968,9969,9970,9971,9985,10170,10172,10176,10182,10209,10213,10245,10275,10336,10351,10367,10368,10398
10402,10433,10439,10455,10456,10509,10513,10517,10530,10561,10591,10597,10658,10659,10675,10705,10711,10712,10752,10755
10813,10815,10819,10845,10846,10859,10861,10874,10888,10901,10902,10903,10904,10905,10906,10907,10908,10909,10923,10925
10927,10928,10929,10930,10933,10934,10935,10949,10950,10954,10955,10957,10973,10974,10976,10977,10986,11011,11017,11021
11023,11037,11051,11065,11078,11081,11096,11109,11110,11124,11125,11138,11142,11148,11149,11193,11211,11235,11265,11314
11322,11335,11353,11378,11379,11380,11382,11391,11392,11393,11406,11420,11435,11443,11444,11463,11465,11468,11483,11535
11538,11539,11540,11560,11561,11562,11563,11586,11602,11616,11617,11627,11638,11646,11647,11649,11650,11652,11654,11655
11669,11716,11724,11727,11784,11785,11786,11788,11803,11811,11812,11813,11815,11836,11838,11840,11846,11848,11849,11850
11851,11854,11868,11869,11871,11887,11894,11918,11920,11921,11922,11923,11976,11978,11979,12004,12017,12018,12019,12021
12027,12047,12050,12051,12057,12068,12069,12071,12078,12080,12109,12111,12116,12187,12214,12246,12260,12261,12263,12267
12269,12270,12271,12288,12311,12312,12325,12348,12360,12377,12378,12379,12382,12444,12447,12511,12512,12523,12560,12595
12597,12598,12599,12618,12621,12622,12623,12625,12626,12627,12628,12629,12630,12631,12669,12671,12672,12683,12696,12734
12772,12784,12785,12786,12787,12788,12799,12801,12803,12804,12806,12850,12851,12852,12853,12854,12856,12857,12858,12859
12861,12862,12863,12865,12866,12867,12868,12869,12921,12970,12975,12981,12985,12986,12988,12990,13024,13043,13044,13045
13047,13049,13051,13052,13053,13054,13059,13061,13062,13063,13065,13067,13069,13079,13081,13157,13158,13175,13177,13178
13179,13180,13181,13182,13184,13185,13186,13187,13188,13189,13231,13243,13255,13264,13276,13325,13385,13402,13419,13443
13456,13466,13468,13469,13470,13490,13514,13527,13539,13552,13561,13573,13579,13583,13592,13593,13595,13605,13606,13613
13625,13628,13633,13634,13635,13636,13651,13659,13661,13669,13675,13679,13680,13693,13697,13701,13702,13703,13704,13706
13707,13718,13719,13726,13772,13773,13778,13779,13783,13787,13791,13792,13796,13797,13798,13799,13805,13811,13812,13817
13818,13824,13826,13827,13829,13831,13832,13834,13835,13836,13861,13862,13872,13873,13874,13878,13879,13880,13884,13889
13891,13896,13901,13902,13907,13908,13909,13913,13918,13921,13926,13929,13931,13932,13934,13950,13955,13957,13960,13961
13962,13964,13965,13969,13970,13984,13994,13996,13998,13999,14000,14001,14005,14013,14016,14019,14025,14027,14028,14031
14034,14043,14045,14048,14051,14052,14054,14066,14073,14080,14089,14114,14138,14147,14154,14177,14201,14213,14214,14219
14220,14477,14485,14629,14630,14640,14658,14676,14678,14687,14693,14707,14718,14732,14746,14760,14767,14782,14796,14810
14832,14854,14881,14910,14926,14942,14958,14977,14996,15024,15028,15040,15126,15277,15303,15313,15314,15322,15324,15358
15408,15409,15413,15419,15441,15537,15540,15595,15596,15663,15692,15703,15810,15816,15865,15873,15885,15917,15994,16090
16150,16157,16224,16230,16244,16250,16256,16323,16352,16353,16354,16450,16459,16479,16583,16741,16849,16924,16976,16990
17021,17022,17032,17102,17151,17165,17173,17176,17223,17231,17280,17290,17445,17455,17469,17569,17581,17668,17673,17674
17684,17718,17720,17722,17723,17739,17740,17745,17750,17759,17819,17875,17930,17997,18045,18054,18159,18178,18195,18197
18204,18211,18234,18235,18236,18238,18248,18347,18353,18455,18457,18514,18521,18570,18606,18608,18707,18710,18726,18727
18728,18729,18733,18791,18805,18819,18830,18832,18837,18939,18952,18975,19077,19103,19104,19107,19129,19133,19232,19263
19265,19312,19352,19427,19436,19527,19563,19626,19627,19628,19711,19736,19767,19786,19842,19843,19850,19871,19884,19928
19931,19936,19943,19950,19966,19970,19985,19989,20050,20053,20055,20060,20064,20066,20068,20077,20091,20246,20281,20312
20410,20540,20545,20546,20570,20652,20662,20664,20711,20712,20713,20715,20746,20776,20780,20866,20926,20973,21052,21053
21097,21186,21187,21195,21296,21381,21415,21416,21462,21465,21529,21539,21548,21549,21631,21635,21729,21731,21740,21808
21812,21813,21814,21860,21868,22000,22004,22042,22046,22051,22107,22135,22205,22209,22212,22216,22295,22360,22431,22437
22520,22524,22525,22528,22538,22550,22562,22563,22566,22582,22652,22654,22743,22749,22755,22757,22769,22776,22828,22839
22887,22936,22967,22970,23127,23138,23187,23219,23229,23233,23238,23253,23257,23351,23357,23359,23368,23382,23383,23396
23407,23422,23430,23455,23483,23509,23526,23527,23553,23555,23557,23565,23567,23582,23600,23615,23640,23657,23670,23685
23695,23710,23722,23729,23741,23742,23743,23770,23772,23785,23799,23800,23801,23802,23838,23839,23840,23867,23900,23930
23932,23934,23935,23936,23938,23939,23940,23941,23961,23963,23965,23967,23968,23969,24016,24018,24019,24021,24091,24092
24093,24094,24107,24126,24141,24145,24159,24160,24173,24174,24185,24186,24257,24259,24275,24276,24302,24348,24349,24362
24364,24365,24366,24367,24425,24426,24431,24433,24434,24435,24436,24506,24535,24536,24537,24550,24551,24552,24553,24554
24555,24557,24573,24574,24575,24576,24578,24579,24595,24604,24635,24636,24639,24640,24641,24657,24658,24661,24663,24665
24667,24683,24685,24733,24737,24741,24742,24743,24744,24750,24751,24761,24762,24763,24769,24770,24798,24800,24827,24838
24842,24845,24857,24860,24871,24877,24885,24893,24899,24906,24907,24908,24909,24910,24943,24944,24945,24946,24961,24962
24963,24964,24966,24967,24999,25000,25030,25049,25076,25077,25078,25079,25081,25085,25092,25095,25097,25113,25114,25118
25122,25124,25127,25133,25187,25200,25201,25228,25247,25260,25273,25275,25277,25279,25280,25281,25282,25297,25317,25319
25320,25346,25348,25349,25350,25351,25352,25356,25369,25371,25372,25385,25417,25449,25478,25479,25480,25518,25563,25610
25611,25612,25613,25614,25615,25616,25665,25679,25691,25692,25699,25727,25734,25763,25791,25794,25796,25820,25843,25858
25890,25897,25905,25912,25921,25930,25931,25965,25966,25974,26060,26064,26105,26156,26172,26173,26174,26209,26236,26276
26315,26316,26318,26323,26324,26325,26326,26327,26330,26333,26343,26363,26369,26421,26436,26446,26456,26457,26458,26459
26461,26463,26466,26496,26561,26619,26646,26692,26718,26721,26722,26728,26729,26734,26740,26742,26743,26745,26746,26747
26752,26753,26754,26757,26770,26813,26840,26841,26842,26843,26844,26854,26909,26910,26911,26928,26932,26949,27023,27031
27109,27148,27193,27234,27235,27262,27301,27302,27303,27304,27305,27306,27307,27308,27310,27311,27312,27314,27315,27316
27317,27369,27370,27428,27429,27484,27490,27530,27585,27606,27645,27672,27677,27716,27717,27718,27719,27728,27733,27739
27740,27753,27772,27810,27814,27818,27822,27826,27830,27834,27838,27842,27844,27847,27888,27913,27939,28013,28047,28060
28065,28070,28108,28115,28135,28137,28139,28141,28148,28181,28233,28246,28256,28292,28293,28318,28344,28345,28366,28391
28400,28417,28420,28456,28467,28468,28471,28472,28480,28535,28537,28538

NumTripsInRoute: 1791
---------------------------------------------------------------
1,13,20,1,1,1,2,52,4,1,1,25,1,1,29,1,1,62,1,40
1,17,17,41,1,11,41,2,35,38,14,9,8,19,60,1,2,15,15,1
1,1,1,6,64,71,33,16,7,2,1,1,1,1,1,1,1,1,12,2
4,15,4,1,1,17,47,18,5,2,19,73,14,1,15,2,3,37,1,5
55,35,14,87,1,4,8,17,1,7,97,54,12,1,2,27,39,4,28,1
3,1,1,1,4,6,25,111,5,73,45,1,1,2,5,1,16,1,2,3
1,1,1,1,1,2,1,2,34,25,14,6,19,41,1,2,1,73,15,34
17,25,45,5,42,1,2,110,1,1,25,1,6,25,53,39,55,1,1,34
9,8,1,4,48,7,7,53,1,1,1,1,61,2,46,3,29,1,2,30
27,3,2,21,15,58,1,64,4,62,11,10,4,25,1,30,1,65,4,23
1,1,65,1,29,3,2,4,98,33,3,1,1,1,17,2,34,33,30,1
13,2,6,2,1,29,36,69,2,64,2,3,15,59,28,34,29,66,73,62
2,2,69,94,94,87,1,3,1,2,28,12,3,25,30,3,1,27,27,1
12,11,28,65,32,31,1,40,27,1,3,5,2,2,17,1,2,2,1,1
14,22,12,11,1,11,11,52,2,31,33,9,1,30,1,4,62,2,88,102
48,1,1,30,48,4,7,4,1,34,26,4,27,3,1,1,1,1,1,3
26,2,1,5,2,1,1,3,29,2,1,1,12,14,1,28,2,34,14,1
31,1,62,6,52,17,1,1,1,4,1,4,12,12,11,1,5,2,4,15
9,10,8,5,5,6,5,55,3,35,13,26,5,4,54,27,21,35,21,11
5,1,12,8,30,1,78,3,67,64,153,1,6,48,49,11,15,12,86,1
4,60,2,1,61,1,1,2,31,31,2,1,4,5,5,4,5,1,6,1
13,3,1,3,7,37,8,24,1,1,1,1,1,29,1,1,25,14,4,3
1,1,29,13,11,52,1,5,63,1,65,2,24,6,2,4,18,1,24,24
30,28,13,4,19,12,2,2,1,10,1,1,9,2,1,1,8,7,1,2
6,1,9,1,1,1,2,1,9,3,5,1,6,1,1,1,1,2,7,2
1,1,1,1,2,44,49,9,1,11,1,24,1,3,1,1,2,2,1,14
1,9,5,1,9,16,10,1,1,1,185,1,8,1,13,45,3,3,1,1
1,60,45,1,4,2,1,6,1,55,3,1,1,1,7,8,3,1,7,11
13,1,1,40,55,32,13,6,3,16,9,6,6,7,7,52,1,1,27,28
24,5,9,18,42,7,2,15,10,2,9,6,24,41,40,6,4,41,17,17
1,7,32,1,29,14,21,21,23,5,6,1,6,14,3,12,1,13,4,13
1,52,1,1,1,14,185,2,4,6,27,4,32,30,61,15,16,1,30,4
31,6,16,1,53,4,4,13,31,30,6,61,1,16,30,6,1,40,3,58
2,4,26,1,13,2,13,14,13,1,1,1,1,1,1,1,1,14,2,2
1,1,1,3,1,1,14,1,4,1,2,16,1,2,1,9,25,6,4,2
14,14,14,13,3,15,13,1,14,1,13,4,6,1,44,18,24,30,49,8
13,18,25,1,1,2,9,1,1,13,14,15,8,1,19,2,3,15,52,3
1,1,20,1,1,1,23,16,14,1,10,11,8,1,2,1,2,2,1,14
47,8,3,57,1,1,2,15,8,1,1,2,21,2,2,6,2,1,1,1
3,14,1,2,16,7,24,2,1,1,1,53,2,1,25,13,1,1,2,6
20,3,1,6,11,1,2,7,2,29,2,5,71,27,32,14,1,2,4,2
1,1,17,23,1,13,23,12,17,1,1,3,62,3,64,1,11,37,35,2
1,1,19,3,1,1,2,1,1,1,1,1,1,38,2,1,11,13,38,38
12,1,1,1,1,11,2,2,1,2,44,1,1,1,1,2,1,1,1,2
1,1,2,1,1,1,1,52,49,5,6,4,1,2,2,34,19,1,1,2
2,2,1,1,1,5,2,1,1,2,2,2,10,2,76,1,17,2,1,1
1,1,1,2,1,1,1,1,1,42,12,12,9,12,49,60,17,17,24,13
10,2,1,1,20,24,13,12,13,9,12,6,4,9,1,2,10,1,7,12
3,5,1,1,1,15,8,2,8,6,4,1,13,4,4,1,1,1,2,1
11,1,7,46,1,5,1,4,4,4,1,4,1,1,1,6,6,1,5,1
6,2,1,2,2,1,2,1,1,25,1,10,1,1,4,1,1,4,5,2
5,5,1,5,1,1,4,5,3,5,3,2,1,2,16,5,2,3,1,1
2,1,4,1,14,10,2,2,1,1,1,4,8,3,3,6,2,1,3,3
9,2,3,3,1,2,12,7,7,9,25,24,9,7,23,24,12,1,5,1
257,8,144,1,10,18,18,2,9,6,14,11,14,14,14,7,15,14,14,22
22,27,29,16,16,16,19,19,28,4,12,86,151,26,10,1,8,2,34,50
1,4,6,22,96,3,55,1,67,29,11,107,6,49,8,12,32,77,96,60
7,67,6,14,6,6,67,29,1,1,96,9,20,104,158,108,75,52,14,31
1,10,70,49,14,8,3,47,8,49,10,155,10,14,100,12,87,5,1,10
34,2,2,1,16,1,5,5,9,60,56,55,67,48,9,105,19,17,2,7
7,23,1,1,2,10,99,6,102,2,57,7,49,36,2,99,3,16,1,1
1,4,58,14,14,11,2,5,102,13,23,102,26,1,3,22,4,99,31,2
47,40,75,9,91,36,63,1,1,83,25,31,19,56,1,7,21,13,44,3
5,7,7,16,4,15,4,61,3,2,5,4,2,2,9,14,155,35,31,98
130,5,1,24,82,10,2,47,1,1,2,31,30,4,86,60,47,79,1,44
89,1,8,101,85,34,1,46,3,64,10,9,1,82,4,94,2,9,68,4
1,1,46,8,132,4,38,4,5,56,28,70,4,3,4,79,65,71,6,83
4,1,3,10,12,12,1,3,16,70,2,89,6,6,2,12,7,52,11,48
49,31,3,157,11,49,32,10,4,5,15,4,94,6,2,9,14,1,13,11
15,8,25,28,26,17,1,26,2,2,8,2,15,18,15,25,17,13,15,10
15,12,7,12,1,1,27,2,13,14,1,1,1,36,1,1,27,33,30,2
2,1,1,2,1,1,1,20,2,2,2,1,1,47,2,1,2,70,1,1
1,13,19,15,4,14,1,13,1,11,1,71,2,16,1,26,46,1,13,2
1,1,1,58,1,5,2,1,1,1,70,29,1,1,13,1,1,1,1,1
2,16,1,1,1,2,1,16,9,31,1,3,1,1,16,1,3,2,2,2
16,2,48,4,4,1,1,1,6,1,10,1,1,6,1,28,2,27,11,4
3,12,3,11,6,8,8,6,7,1,1,1,1,33,1,1,1,15,1,1
1,2,1,32,1,30,19,27,1,1,1,2,4,7,3,2,16,1,4,4
2,3,6,54,13,1,27,19,13,13,2,2,2,1,1,1,15,20,2,1
26,2,1,1,1,1,4,13,2,1,13,32,32,29,1,1,38,45,47,1
1,1,1,1,1,49,14,12,1,7,28,7,29,28,3,2,24,23,15,32
7,8,7,9,9,1,34,1,8,86,4,41,51,16,1,1,35,27,40,39
1,2,5,1,1,1,1,3,3,10,20,6,52,15,10,10,1,1,1,2
2,3,30,65,58,27,46,26,3,1,6,1,5,6,2,1,2,1,1,5
1,1,3,13,43,27,1,1,1,1,10,55,1,1,17,4,17,74,8,78
39,45,41,1,27,39,1,1,1,1,1,1,1,2,1,1,2,1,1,1
52,1,58,1,55,6,40,55,21,39,27,5,39,1,1,1,9,5,6,1
13,19,38,4,4,4,4,4,4,4,4,2,3,41,25,26,74,34,13,5
5,38,7,20,2,2,2,7,33,52,13,10,36,1,25,26,1,21,25,9
17,3,36,11,1,3,1,8,55,2,1

FirstStopEventOfRoute: 1792
---------------------------------------------------------------
0,16,1004,2304,2348,2377,2389,2413,3557,3637,3666,3692,4117,4160,4224,5210,5247,5274,6886,6903
7903,7951,8529,8869,9771,9787,10722,12198,12250,13860,15646,16304,16457,16681,17023,20023,20065,20151,21066,21936
21945,21957,21977,21997,22039,23639,29532,30984,31304,31472,31560,31616,31663,31700,31725,31746,31813,31843,31905,32169
32201,32305,32485,32529,32543,32548,32752,34021,34759,34844,34880,35526,41220,41836,41857,42352,42396,42489,43858,43893
44198,45353,46858,47194,49369,49392,49420,49548,49922,49945,50022,50604,55680,56796,56822,56826,58419,61266,61354,62810
62856,62967,62994,63035,63054,63094,63178,64853,68627,69057,73729,74944,75010,75054,75112,75417,75446,76454,76489,76541
76625,76645,76685,76722,76750,76783,76873,76910,76940,78708,79633,79969,80035,80396,83799,83837,83875,83896,88495,89020
90516,91128,92328,93723,93883,95311,95354,95426,99166,99173,99196,100321,100344,100446,101396,104364,106821,109406,109454,109473
110969,111221,111357,111372,111488,113168,113406,113686,116124,116214,116252,116266,116277,118351,118385,119719,119863,120472,120480,120516
121116,122952,123099,123223,124252,124582,126960,126983,130119,130163,131775,132215,132875,133035,134060,134111,136121,136139,139714,139774
141660,141700,141713,143403,143444,145068,145098,145120,145140,145826,147146,147263,147308,147345,147354,147541,147601,149369,150689,152369
152393,152887,152921,153005,153045,153084,154650,156306,160101,160139,165259,165285,165351,165741,168160,168580,170280,171991,173971,181125
183357,183405,183571,185158,187414,189294,191469,191487,191544,191557,191585,192033,192429,192639,193164,194364,194442,194472,194715,195012
195030,195294,195459,196019,202194,203890,205595,205641,208601,210059,210106,210166,210281,210337,210385,211558,211578,211622,211656,211675
211679,212183,212403,212583,212638,212641,212696,212740,214248,214264,215535,216855,216909,216959,218489,218505,218577,219383,219395,222739
225187,229603,229626,229646,231896,233288,233372,233498,233538,233561,235431,237069,237129,238641,238806,238841,238886,238893,238915,238936
239179,241337,241341,241345,241355,241359,241363,241366,241576,243722,243846,243859,243897,244365,245233,245285,245845,245865,247837,248285
248316,249556,249572,251184,251388,253676,253880,253904,253923,253936,253992,254015,254067,254511,254679,254921,254938,255063,255093,255177
255207,255234,255254,255350,255475,255575,255809,255934,257199,257211,258226,258577,259513,259568,259640,259748,260396,260795,262020,263763
264665,264790,264809,265193,265385,266585,266601,269097,269148,270890,275882,279707,279715,279913,281737,283697,284192,284807,284831,289303
289355,289435,291055,291127,291179,293436,293463,293488,293600,295243,296979,296991,297018,297030,297045,297090,297126,297171,297179,297233
297239,297330,297357,297365,297392,297532,300159,300535,301615,301624,301663,301697,301726,301749,302735,302756,302780,303855,304275,304359
304494,304507,304527,306296,307050,307446,309630,309686,309756,311457,311491,314741,314787,316779,317271,317309,317337,317751,317775,318111
318447,318657,318769,318808,318832,318927,318963,318971,318985,319035,319355,319385,319399,320173,320269,320346,320394,321106,321631,321703
321863,322349,322365,322833,322863,322872,322931,323025,323063,323522,323657,323877,323935,324193,324219,324236,324266,324288,324352,324597
324667,324675,324684,324690,324711,324757,325725,326607,326769,326791,327429,327470,328046,328050,328065,328084,328114,328210,328214,328217
328245,328247,328265,328280,328282,328300,328332,328352,328355,328357,328359,328729,328731,328747,328749,328775,329900,329981,330068,330098
330134,330174,331434,332559,332564,332616,332644,332652,332778,332782,333772,333826,333862,333867,333925,334058,334250,334301,334350,334903
335321,335347,335400,335511,336511,337996,339660,339699,340047,340215,340263,340308,340542,340560,340574,340693,342617,342657,342683,343385
344281,345025,345180,345423,345909,346707,346770,346788,346968,347098,347114,347231,347291,347627,348570,349690,349774,349826,350810,351303
351660,351723,351891,353555,353559,354574,355176,355533,355890,356557,356702,356792,356810,356852,356908,356923,357019,357024,357089,357113
357178,357183,358431,358449,358501,358538,358748,359118,359152,359280,359340,360042,360174,361774,362554,364811,365081,365385,365408,366128
366200,367471,367597,367757,367784,369215,369331,369403,369767,371317,372517,372577,374834,374858,375146,375986,376112,376116,376996,377062
378280,378326,378350,378688,378698,378984,379002,379249,379781,380015,380048,380064,380085,380112,380123,380139,380160,380177,380569,380573
380587,380623,380647,380665,380677,380682,380688,381066,381077,381097,381120,381126,381254,381256,381264,381269,381305,381430,381466,381486
381494,381760,382068,382362,382648,382669,383014,383469,383481,384153,384189,384826,384846,385020,385035,386135,386585,387593,388553,389141
389213,389720,390314,390864,390890,390906,390940,391156,391185,391215,391566,392098,392428,392564,392582,392829,392923,392947,393382,394058
394181,394217,394255,395035,395050,395069,395080,396092,396444,397004,397018,397138,397765,397957,397980,398024,398040,398084,398166,398186
398606,400063,400415,400502,402953,402966,403002,403028,403373,403461,403471,403485,403501,404257,404363,404477,404513,404577,404595,404619
404628,404682,405116,405155,405195,405547,405722,406826,406838,406871,406906,406932,407727,407817,407864,408514,408813,408830,408849,408913
409093,409633,409744,409764,409938,410103,410120,410184,410422,410488,410981,411017,411167,413297,414512,415088,416054,416097,416219,416359
416399,416409,416430,416736,417541,417555,418010,418746,418950,419239,419259,419267,419321,420871,420904,422120,422144,422584,424175,424945
424965,424991,425002,425211,425271,425302,425311,425337,425351,425389,425428,425450,425477,425507,426153,426177,426185,426295,426724,427028
427522,427930,427961,427998,428021,428043,429143,429173,429207,429236,429254,430838,430861,430879,430894,430910,430964,430980,431006,431022
431056,431075,431092,431110,431132,431153,431168,431175,431955,433327,433402,433546,433642,433662,433732,433774,435202,435867,435894,435918
435986,436020,436062,436082,436103,436109,436149,436185,436207,436217,436253,436303,436351,436621,436737,441753,441764,441917,441937,441944
441959,441975,441983,441994,442026,442050,442073,442094,442115,442130,443558,443834,444026,444314,444482,445658,448238,448935,449666,450050
450102,450452,450514,450548,450583,451343,451751,452128,452260,452806,452842,453010,453046,453110,453245,453268,453274,453314,453317,453814
454234,454336,454371,454375,454393,454398,454428,454500,454504,454576,454666,454682,454687,454713,454753,454793,454801,454810,454816,454854
454861,455004,455013,455307,457285,457309,457439,457446,457550,457726,457766,457773,457813,457815,457821,457834,457876,457918,457924,457969
457972,458026,458054,458068,458098,458118,458127,458147,458157,458166,458291,458297,458377,458409,458412,458584,458590,458599,458639,458689
458713,458778,458843,458852,458902,458913,458924,458972,459027,459081,459141,459195,459219,459230,459234,459266,459276,459280,459286,459288
459291,459307,459311,459319,459321,459349,459369,459373,459377,459380,459382,459384,459396,459412,459418,459424,459436,459442,459445,459451
459457,459475,459479,459485,459554,459580,459594,459774,459963,460033,460105,460655,461351,461648,461788,462524,463028,463172,463180,463305
463318,465888,466264,467560,467614,468014,468410,468806,468822,468858,468882,468994,469126,469210,469378,469490,469518,469608,469636,469664
470390,471094,471634,472040,472216,472360,472440,472801,473048,473552,473756,474452,479526,482999,483987,484167,484188,484484,484592,485476
486926,486948,487020,487176,487440,489552,489624,491219,491260,495414,496429,496836,504861,505035,507387,507523,507943,509191,511655,517607
518387,518667,519873,519897,520289,520415,520439,521712,522669,522684,522706,524818,524989,525769,530761,536607,541791,543966,544746,544956
545638,545653,546073,548593,550945,551337,551665,551812,553410,553594,554525,554695,561360,561460,561838,569938,570958,574699,574989,575018
575278,576196,576254,576336,576363,577003,577035,577150,577230,577383,578403,581091,584061,588684,590220,590409,595449,595867,596258,596306
596418,596495,597047,597092,597118,597148,597548,603983,604085,607043,607069,609520,609639,611795,612587,612685,618328,618388,618420,618422
618425,618427,618467,620149,620555,621325,621897,621981,622096,625360,625412,626447,631853,632451,632453,632486,632750,632766,635934,637329
637399,639138,640898,646223,646268,649089,649845,652176,652238,652244,659050,660250,661180,661427,662211,662256,662550,663705,663796,665996
666080,666150,666248,666472,666824,666872,667292,667400,668559,668571,668581,668611,668639,668653,668665,668710,669102,675302,676072,676723
678879,684599,684709,684756,685260,692394,693134,693212,696455,696486,696530,696630,697157,697697,697777,702077,704597,707088,709221,709236
711172,714554,714565,714661,717489,719444,720328,720381,722267,722339,724131,724521,724692,724710,726842,726950,728830,728872,729052,730752
730892,730940,730965,734001,734097,740169,740313,741377,741469,741859,743987,745471,751211,751371,751743,751843,754055,756005,763318,763390
765299,765399,765420,765498,765538,765682,766306,766350,766413,767037,769627,769641,772311,772479,772575,772629,773781,773900,775304,775359
777231,779338,781818,782028,787994,788423,789746,790610,790950,791002,791062,791872,791936,794192,794342,794366,794384,795350,795411,795710
795875,796310,796582,796757,796897,798015,798355,798378,799054,799070,799088,799104,799110,799245,799407,799542,799717,799802,799867,799912
799962,800097,800157,800178,800202,800207,800212,800590,800596,800635,800691,800708,800728,800769,802713,802748,802776,803154,804573,805503
805509,805573,805590,805609,805663,805692,805710,805737,806017,806029,806057,806105,806128,806160,807664,807684,807703,807739,809839,809874
809885,809903,810319,810623,811028,811080,811276,811305,811786,811797,812479,812495,814625,814629,815061,815097,815331,816711,816741,817105
817131,817142,817176,817178,819440,819477,819547,819599,819627,819658,819678,825278,825597,825615,825630,825838,825856,825874,825882,825897
825912,825952,826224,826255,826269,826281,826337,826359,827015,827069,828030,828040,828124,828151,828164,828468,828496,828592,828646,828704
828752,829408,829432,832456,832944,833056,833072,833075,833118,833376,833451,834291,834340,834352,834466,834526,835506,835584,836637,837143
837327,837387,837627,837699,837963,838227,838587,838955,839231,839490,839525,839557,839583,839600,841019,841058,841071,841102,841432,841443
841462,841480,841514,841546,842954,842981,843131,843226,843388,843414,843417,843420,843428,843436,843457,843469,843479,843831,843852,843896
843972,844040,844115,844355,846515,846970,847008,847413,847945,848114,848296,848338,848342,848346,848385,848417,848450,848660,849000,849058
849088,849374,849422,849442,849454,849479,849508,849620,849763,849775,849788,849996,850988,852396,852715,852737,852761,854927,856232,857736
857747,857759,857783,857818,857836,857860,860898,861346,861826,861870,862122,862822,863102,863363,863951,864023,864041,864473,864818,865268
865844,866103,866359,866639,866927,867206,867231,868421,868441,868697,870933,871077,874070,875957,876581,876597,876638,878283,878985,882185
885149,885175,885245,885390,885423,885442,885475,885518,885611,885797,886427,887907,888051,891847,892147,892487,892827,892844,892862,892867
892943,893017,893143,893953,895643,898601,900032,903206,904636,904720,904756,904972,904975,905145,905499,905555,905599,905697,905710,905746
905846,905891,905920,905956,906320,907567,908998,909017,909040,909059,909077,909447,912527,912560,912601,913621,913737,914961,920141,920485
923761,926023,927238,928386,928433,929135,932138,932169,932218,932260,932293,932339,932384,932420,932518,932552,932570,932598,932642,932671
932692,934668,934709,935927,935969,937949,938159,940239,941339,941801,943829,945449,945569,947675,947703,947724,947726,948518,948598,949012
949057,949148,949338,949604,949644,949724,949788,949880,949936,949988,950048,950144,950190,950244,952458,953883,955261,960589,962017,962316
962371,962796,964506,964674,965674,965708,965754,965794,965990,967541,971493,971701,972131,973967,973994,975119,976861,976898,977402,978852
978996,979625,979667,981431,981816,981839,981884,981904,981984,985119,985181,985252

FirstRouteSegmentOfStop: 21713
---------------------------------------------------------------
0,0,0,0,0,0,0,0,0,0,0,0,0,0,0,0,0,0,0,0
0,0,0,0,0,0,0,0,0,0,0,0,0,0,0,0,0,0,0,0
0,0,0,0,0,0,0,0,0,0,0,0,0,0,0,0,0,0,0,0
0,0,0,0,0,0,0,0,0,0,0,0,0,0,0,0,0,0,0,0
0,0,0,0,0,0,0,0,0,0,0,0,0,0,0,0,0,0,0,0
0,0,0,0,0,0,0,0,0,0,0,0,0,0,0,0,0,0,0,0
0,0,0,0,0,0,0,0,0,0,0,0,0,0,0,0,0,0,0,0
0,0,0,0,0,0,0,0,0,0,0,0,0,0,0,0,0,0,0,0
0,0,0,0,0,0,0,0,0,0,0,0,0,0,0,0,0,0,0,0
0,0,0,0,0,0,0,0,0,0,0,0,0,0,0,0,0,0,0,0
0,0,0,0,0,0,0,0,0,0,0,0,0,0,0,0,0,0,0,0
0,0,0,0,0,0,0,0,0,0,0,0,0,0,0,0,0,0,0,0
0,0,0,0,0,0,0,0,0,0,0,0,0,0,0,0,0,0,0,0
0,0,0,0,0,0,0,0,0,0,0,0,0,0,0,0,0,0,0,0
0,0,0,0,0,0,0,0,0,0,0,0,0,0,0,0,0,0,0,0
0,0,0,0,0,0,0,0,0,0,0,0,0,0,8,17,23,28,32,34
42,49,52,54,54,54,54,54,60,65,65,65,65,65,65,65,65,65,65,65
65,65,65,65,65,65,65,65,65,65,65,65,65,72,72,72,72,72,72,74
77,78,78,78,78,78,78,78,78,78,78,78,78,78,78,78,80,82,84,86
89,91,97,99,100,104,119,119,119,119,119,119,119,119,119,119,119,119,119,119
119,119,119,119,127,136,138,139,148,149,149,149,149,149,149,149,149,149,149,149
149,149,149,149,149,149,149,149,149,149,149,149,149,149,149,149,149,149,149,149
149,149,149,149,149,149,149,149,149,149,149,149,149,149,149,149,149,149,149,149
149,149,149,149,149,149,149,149,149,149,154,160,163,164,167,168,170,173,175,179
184,184,184,184,184,184,184,184,184,184,184,184,184,184,184,184,184,184,184,184
184,184,184,184,184,184,184,184,184,184,184,184,184,198,204,210,222,222,222,222
222,222,222,222,222,222,222,222,222,222,222,222,222,222,222,222,222,222,222,222
222,222,222,222,222,222,222,222,222,222,222,222,222,222,222,222,222,222,222,222
222,222,222,222,222,222,222,222,222,222,222,222,222,222,222,222,225,227,227,228
229,231,232,233,234,234,234,234,234,234,234,234,234,234,234,234,234,234,234,234
234,234,238,244,244,244,244,244,244,244,244,244,244,244,244,244,244,244,244,244
244,244,244,244,244,244,244,244,244,244,244,244,244,244,244,244,244,244,244,244
244,244,244,244,244,244,244,244,244,244,244,244,244,244,244,244,245,277,303,303
303,303,303,303,303,303,303,303,303,303,310,316,336,340,340,340,340,340,340,340
340,340,340,340,340,340,340,340,340,340,340,340,340,340,340,340,340,340,340,340
340,340,340,340,340,340,340,340,340,340,340,340,340,340,340,340,340,340,340,340
340,340,340,340,340,340,340,340,340,340,340,340,340,340,340,340,340,340,340,340
340,340,340,340,340,340,340,340,340,340,340,340,340,340,340,340,340,340,340,340
340,340,340,340,340,340,340,340,340,340,340,340,340,340,340,340,340,340,340,340
340,340,340,340,340,340,340,340,340,340,340,340,340,340,340,340,340,340,340,340
340,340,340,340,340,340,340,340,340,340,340,340,340,340,340,340,340,340,340,340
340,340,340,340,340,340,340,340,350,350,350,350,350,350,350,350,350,350,350,350
350,350,350,350,350,350,350,350,350,350,350,350,350,350,350,350,350,350,350,350
350,350,350,350,350,350,350,350,350,350,350,350,350,350,350,350,350,350,350,350
358,367,367,367,367,367,367,367,367,367,367,367,367,367,367,367,367,367,367,367
367,367,367,367,367,367,367,367,367,367,367,367,367,367,367,367,367,367,367,367
367,367,367,367,367,367,367,367,367,367,367,367,367,377,378,386,386,386,403,403
403,403,411,420,420,420,420,420,420,420,420,420,420,420,420,420,420,420,420,420
420,420,420,420,420,420,420,420,420,420,420,420,420,420,420,420,420,420,420,420
420,420,420,420,420,420,420,420,420,420,420,420,420,420,420,420,420,420,420,420
420,422,422,422,422,422,422,422,422,422,422,422,422,422,422,422,422,422,422,422
422,422,422,422,422,422,422,425,428,429,431,437,442,442,442,442,442,442,442,442
444,446,448,450,452,454,456,460,462,464,464,464,464,464,464,464,464,464,464,464
464,464,464,464,464,464,475,477,481,482,486,511,511,511,511,511,511,511,511,511
511,511,511,511,511,511,511,511,511,511,511,511,511,511,511,511,513,515,521,528
530,533,537,538,542,542,542,542,542,542,542,542,542,542,542,542,542,542,542,542
542,542,542,542,542,542,542,542,542,542,542,542,542,542,542,542,542,542,542,542
542,542,542,542,542,542,542,542,542,542,542,542,542,542,542,542,542,542,542,542
542,542,542,542,542,542,542,542,542,542,542,542,542,542,542,542,542,542,542,542
542,542,542,542,542,542,542,542,547,551,553,555,558,562,565,567,569,571,571,571
571,571,571,571,571,571,571,571,571,571,571,571,571,571,571,571,571,571,571,571
571,571,571,571,571,571,571,571,571,573,573,574,576,585,587,590,592,592,594,598
598,598,598,598,598,598,598,598,598,598,598,598,598,598,598,598,598,598,598,598
598,598,598,598,598,598,598,598,598,598,598,598,598,598,598,598,598,598,598,598
598,598,598,598,598,598,598,598,598,598,598,598,598,598,598,598,598,598,598,598
598,598,598,598,598,598,598,598,598,598,606,606,606,606,606,606,606,606,606,606
606,606,606,606,606,606,606,606,606,606,606,606,606,606,612,613,617,619,623,624
624,624,624,624,624,624,624,624,626,634,634,634,641,649,662,668,671,673,673,673
673,673,673,673,675,675,675,675,675,675,675,675,675,675,675,678,679,679,679,679
679,679,679,679,679,679,679,679,690,697,697,697,697,701,701,701,701,701,701,701
701,701,701,701,701,701,701,701,701,701,706,706,706,706,706,706,706,717,717,717
717,717,717,717,717,717,717,719,719,719,719,719,719,719,719,719,719,719,719,719
719,719,719,719,719,719,719,719,719,719,719,719,719,720,721,722,729,730,731,732
733,734,736,738,742,743,744,746,750,758,762,772,776,776,776,776,776,776,776,776
776,776,776,776,776,782,791,806,806,806,806,806,806,806,806,806,806,806,806,806
806,806,806,806,806,806,806,806,806,806,806,806,806,806,806,806,806,806,806,806
806,806,806,806,806,806,806,806,806,806,806,806,806,806,806,806,806,806,806,806
806,806,806,806,806,806,806,806,806,806,806,806,806,806,806,806,806,806,806,806
806,806,806,806,806,806,806,806,806,806,806,806,806,806,806,806,806,806,806,806
806,806,806,806,806,806,806,806,806,806,806,806,806,806,806,806,806,806,806,806
806,806,806,806,806,806,806,806,806,806,806,806,807,808,816,821,827,832,840,846
854,860,865,867,872,876,880,884,888,890,894,900,900,904,915,924,934,936,943,951
956,960,971,982,986,986,997,999,1010,1013,1015,1023,1034,1045,1056,1060,1071,1075,1081,1086
1088,1088,1094,1105,1107,1107,1109,1109,1109,1111,1115,1120,1125,1130,1136,1137,1139,1140,1149,1169
1185,1198,1200,1202,1203,1210,1211,1215,1218,1221,1223,1226,1230,1230,1237,1243,1247,1253,1260,1264
1264,1264,1264,1264,1264,1264,1264,1264,1264,1264,1270,1270,1279,1279,1279,1279,1279,1279,1279,1279
1285,1287,1287,1287,1287,1287,1287,1287,1287,1287,1287,1287,1287,1287,1298,1309,1320,1331,1331,1331
1331,1331,1331,1331,1331,1331,1331,1331,1331,1331,1331,1331,1337,1339,1343,1343,1343,1343,1343,1343
1343,1343,1343,1343,1343,1343,1354,1365,1375,1380,1380,1385,1387,1390,1393,1399,1404,1409,1415,1417
1421,1421,1421,1421,1421,1421,1421,1421,1425,1427,1427,1427,1431,1435,1446,1457,1460,1466,1466,1472
1477,1485,1490,1490,1490,1490,1490,1490,1490,1490,1490,1490,1490,1490,1492,1496,1502,1506,1506,1506
1506,1512,1517,1523,1527,1530,1533,1533,1538,1544,1550,1555,1563,1568,1568,1568,1568,1571,1577,1582
1588,1588,1588,1588,1588,1588,1588,1588,1591,1594,1594,1594,1594,1605,1616,1616,1617,1619,1621,1623
1625,1627,1628,1629,1630,1632,1636,1642,1649,1653,1658,1663,1664,1667,1672,1675,1676,1680,1684,1687
1690,1693,1696,1697,1698,1699,1700,1701,1702,1703,1704,1705,1706,1707,1708,1709,1713,1714,1715,1716
1720,1724,1726,1730,1732,1733,1734,1736,1737,1739,1740,1742,1744,1746,1751,1756,1759,1761,1763,1768
1770,1774,1777,1779,1781,1786,1791,1793,1795,1797,1800,1803,1806,1811,1813,1815,1818,1819,1823,1827
1830,1833,1835,1837,1838,1841,1842,1843,1844,1845,1847,1849,1851,1853,1855,1857,1859,1861,1863,1865
1867,1869,1871,1873,1875,1877,1879,1881,1883,1885,1887,1889,1890,1896,1898,1901,1906,1913,1916,1918
1921,1924,1928,1933,1935,1937,1939,1942,1946,1950,1953,1960,1962,1965,1969,1972,1975,1978,1983,1985
1988,1991,1993,1997,2000,2002,2005,2009,2012,2017,2020,2024,2025,2026,2030,2031,2033,2034,2035,2036
2037,2038,2039,2040,2041,2042,2043,2044,2045,2046,2047,2048,2049,2050,2055,2064,2070,2071,2077,2078
2079,2080,2081,2082,2083,2084,2089,2094,2100,2105,2108,2111,2116,2121,2126,2129,2131,2135,2138,2143
2144,2149,2152,2153,2158,2162,2165,2170,2173,2178,2179,2184,2191,2194,2198,2201,2205,2208,2212,2217
2220,2225,2227,2230,2233,2234,2236,2239,2241,2243,2246,2248,2250,2253,2258,2261,2267,2270,2271,2275
2278,2282,2288,2292,2296,2300,2304,2308,2309,2310,2311,2312,2313,2314,2315,2316,2317,2318,2319,2320
2321,2322,2326,2330,2338,2346,2351,2358,2362,2366,2370,2371,2372,2375,2378,2381,2384,2386,2387,2390
2392,2394,2397,2402,2405,2406,2409,2410,2413,2414,2416,2418,2421,2423,2424,2431,2439,2441,2442,2444
2447,2451,2452,2455,2457,2460,2463,2471,2480,2482,2485,2489,2491,2502,2508,2512,2516,2520,2524,2535
2539,2548,2551,2553,2555,2558,2559,2564,2567,2569,2572,2574,2575,2576,2578,2580,2582,2584,2588,2592
2596,2600,2601,2603,2605,2607,2609,2611,2613,2615,2617,2619,2621,2623,2625,2627,2629,2631,2633,2635
2637,2640,2642,2644,2646,2648,2650,2651,2657,2659,2665,2671,2677,2683,2685,2688,2690,2695,2696,2698
2701,2703,2712,2714,2715,2717,2732,2742,2744,2745,2748,2751,2754,2755,2756,2757,2758,2760,2762,2763
2765,2767,2768,2769,2772,2773,2774,2775,2776,2780,2781,2782,2784,2786,2790,2792,2793,2794,2796,2797
2799,2800,2801,2803,2804,2805,2806,2807,2809,2810,2811,2813,2814,2816,2818,2820,2822,2824,2825,2826
2827,2828,2829,2831,2832,2836,2837,2838,2845,2849,2854,2858,2863,2865,2866,2867,2869,2871,2873,2875
2877,2879,2881,2882,2883,2884,2885,2887,2888,2889,2890,2893,2894,2895,2897,2899,2901,2903,2905,2907
2909,2911,2913,2914,2916,2918,2920,2922,2924,2926,2928,2930,2933,2935,2937,2939,2941,2942,2943,2944
2946,2948,2950,2951,2952,2953,2954,2955,2957,2958,2959,2961,2963,2970,2972,2974,2976,2978,2980,2982
2984,2986,2988,2990,2992,2994,2996,2998,3000,3002,3004,3006,3008,3010,3014,3018,3022,3026,3030,3034
3038,3042,3044,3046,3048,3050,3052,3054,3056,3058,3060,3061,3066,3068,3080,3085,3088,3094,3098,3105
3112,3119,3121,3126,3130,3136,3141,3145,3148,3150,3152,3157,3165,3167,3171,3173,3177,3190,3191,3192
3193,3194,3195,3196,3197,3200,3202,3204,3206,3208,3210,3212,3214,3216,3221,3224,3225,3226,3227,3228
3230,3231,3233,3234,3235,3239,3240,3241,3242,3243,3244,3245,3246,3247,3248,3249,3250,3251,3252,3253
3255,3260,3263,3268,3271,3276,3278,3279,3281,3283,3286,3288,3290,3292,3294,3296,3298,3300,3303,3305
3306,3307,3308,3309,3310,3311,3312,3313,3314,3315,3316,3317,3318,3319,3320,3321,3322,3323,3324,3325
3326,3327,3328,3329,3330,3331,3332,3333,3334,3337,3340,3343,3344,3345,3346,3347,3348,3349,3350,3351
3352,3354,3355,3356,3357,3358,3362,3366,3368,3369,3373,3386,3389,3392,3396,3399,3402,3405,3408,3411
3414,3417,3420,3423,3426,3429,3432,3435,3438,3441,3445,3448,3450,3452,3455,3458,3461,3464,3467,3469
3470,3472,3473,3476,3481,3482,3483,3484,3486,3489,3491,3492,3493,3494,3495,3497,3499,3500,3501,3502
3503,3505,3507,3510,3513,3514,3515,3516,3517,3518,3519,3522,3525,3527,3530,3532,3534,3535,3536,3540
3545,3546,3547,3550,3553,3554,3555,3556,3557,3561,3562,3564,3568,3570,3574,3578,3582,3586,3587,3588
3590,3592,3594,3598,3602,3606,3610,3614,3618,3622,3627,3631,3635,3640,3645,3649,3653,3657,3661,3665
3669,3673,3679,3683,3689,3693,3697,3701,3705,3709,3713,3719,3721,3722,3723,3724,3726,3727,3728,3730
3731,3733,3736,3738,3740,3743,3745,3748,3751,3754,3757,3760,3762,3764,3767,3770,3772,3774,3777,3779
3782,3784,3787,3789,3792,3795,3798,3800,3801,3802,3803,3804,3805,3807,3808,3809,3810,3814,3816,3818
3820,3822,3824,3826,3828,3830,3832,3834,3836,3838,3840,3843,3847,3850,3855,3859,3860,3861,3867,3869
3871,3875,3877,3881,3883,3888,3891,3896,3899,3902,3905,3908,3911,3914,3917,3921,3924,3927,3932,3935
3938,3941,3943,3945,3947,3949,3951,3953,3955,3957,3959,3961,3963,3965,3969,3971,3973,3976,3978,3980
3984,3986,3987,3988,3989,3991,3993,3995,3996,3999,4002,4005,4006,4007,4010,4015,4017,4019,4021,4026
4031,4036,4041,4043,4045,4047,4052,4057,4062,4067,4074,4082,4083,4084,4085,4086,4087,4088,4089,4090
4091,4092,4093,4094,4095,4096,4097,4098,4099,4100,4102,4103,4104,4105,4107,4109,4110,4111,4112,4114
4115,4116,4117,4118,4122,4126,4129,4134,4138,4142,4146,4150,4154,4158,4162,4166,4170,4174,4175,4179
4183,4188,4193,4197,4201,4203,4204,4206,4207,4209,4211,4213,4215,4216,4217,4218,4219,4221,4224,4225
4226,4229,4231,4232,4233,4236,4242,4243,4245,4247,4248,4249,4250,4251,4252,4253,4254,4255,4256,4258
4260,4261,4262,4263,4264,4265,4266,4267,4268,4269,4273,4277,4278,4279,4280,4281,4282,4283,4284,4285
4286,4287,4288,4293,4297,4298,4299,4303,4307,4308,4309,4310,4311,4312,4313,4314,4315,4316,4317,4318
4319,4320,4321,4322,4323,4326,4329,4331,4333,4335,4339,4341,4343,4348,4352,4355,4359,4363,4367,4371
4375,4379,4381,4385,4389,4392,4396,4400,4402,4406,4410,4415,4416,4417,4418,4419,4422,4426,4427,4428
4430,4432,4435,4436,4438,4439,4440,4442,4443,4444,4445,4446,4448,4449,4450,4451,4452,4453,4454,4455
4456,4457,4458,4459,4460,4462,4463,4464,4465,4467,4468,4469,4470,4471,4472,4473,4475,4478,4479,4480
4481,4482,4483,4484,4485,4486,4487,4488,4489,4493,4494,4499,4502,4503,4508,4511,4514,4517,4520,4521
4522,4523,4524,4525,4526,4531,4532,4533,4534,4535,4537,4539,4540,4541,4542,4543,4544,4545,4546,4547
4548,4549,4550,4555,4557,4559,4562,4564,4567,4569,4571,4574,4576,4579,4582,4584,4587,4589,4592,4595
4597,4600,4603,4605,4608,4610,4613,4615,4617,4620,4622,4624,4627,4629,4631,4633,4635,4638,4641,4643
4646,4648,4650,4652,4658,4659,4660,4662,4664,4666,4668,4670,4672,4674,4676,4678,4679,4680,4681,4682
4683,4684,4685,4686,4688,4689,4691,4693,4694,4695,4696,4697,4698,4699,4701,4703,4704,4705,4707,4708
4709,4710,4711,4712,4713,4714,4715,4716,4717,4718,4719,4720,4721,4722,4723,4724,4725,4726,4727,4728
4729,4730,4731,4732,4733,4734,4735,4741,4742,4744,4745,4746,4748,4750,4752,4754,4755,4756,4757,4767
4768,4769,4770,4775,4779,4783,4788,4792,4797,4801,4806,4810,4815,4819,4824,4829,4833,4838,4842,4846
4851,4856,4860,4864,4869,4873,4879,4885,4891,4896,4902,4910,4918,4924,4928,4930,4934,4942,4948,4956
4961,4965,4971,4975,4983,4985,4988,4991,4994,4997,5000,5003,5006,5009,5012,5014,5016,5018,5022,5026
5031,5036,5040,5044,5049,5054,5058,5062,5066,5070,5074,5078,5082,5085,5088,5092,5095,5099,5103,5108
5111,5113,5119,5124,5128,5133,5140,5145,5149,5155,5159,5163,5170,5175,5182,5187,5191,5198,5203,5210
5216,5221,5226,5230,5236,5242,5246,5252,5258,5263,5267,5271,5276,5281,5286,5291,5296,5300,5301,5307
5313,5317,5321,5324,5326,5332,5338,5342,5347,5353,5359,5365,5371,5376,5380,5385,5390,5394,5397,5399
5405,5408,5412,5414,5415,5417,5419,5421,5423,5425,5427,5430,5433,5436,5437,5440,5443,5446,5447,5450
5453,5454,5457,5460,5461,5463,5465,5467,5469,5471,5477,5478,5484,5486,5487,5488,5490,5496,5502,5504
5506,5507,5508,5510,5511,5512,5513,5515,5517,5519,5521,5524,5527,5529,5531,5532,5533,5538,5542,5546
5547,5548,5550,5552,5554,5556,5558,5560,5562,5564,5566,5568,5570,5572,5574,5576,5578,5579,5582,5584
5586,5588,5590,5592,5594,5596,5600,5603,5604,5605,5608,5611,5614,5615,5616,5617,5618,5619,5620,5626
5628,5631,5632,5635,5642,5645,5648,5651,5654,5655,5656,5663,5666,5667,5669,5671,5673,5675,5677,5679
5680,5682,5684,5685,5687,5689,5691,5693,5695,5697,5703,5705,5707,5709,5710,5712,5714,5716,5718,5719
5720,5722,5724,5726,5728,5731,5733,5735,5737,5740,5742,5744,5748,5749,5750,5751,5752,5753,5754,5756
5758,5759,5761,5762,5764,5766,5767,5768,5769,5770,5771,5772,5773,5774,5778,5782,5786,5790,5794,5796
5798,5799,5801,5803,5805,5808,5809,5811,5813,5815,5817,5819,5823,5824,5827,5829,5832,5835,5837,5838
5839,5846,5847,5848,5849,5850,5851,5852,5853,5854,5856,5858,5864,5868,5872,5876,5880,5884,5888,5892
5896,5900,5904,5908,5912,5916,5920,5924,5928,5932,5936,5940,5944,5948,5952,5955,5958,5961,5964,5968
5972,5976,5980,5984,5988,5989,5990,5992,5994,5995,5997,6001,6004,6006,6008,6010,6014,6018,6022,6025
6028,6031,6042,6045,6049,6051,6054,6056,6060,6062,6064,6067,6069,6072,6074,6076,6080,6084,6088,6089
6090,6094,6098,6103,6111,6112,6113,6117,6118,6119,6120,6121,6122,6124,6125,6126,6127,6128,6130,6132
6138,6144,6150,6155,6162,6163,6164,6165,6166,6167,6168,6170,6172,6174,6176,6177,6179,6181,6183,6185
6187,6188,6190,6191,6192,6193,6194,6195,6196,6197,6198,6199,6200,6201,6202,6205,6207,6209,6211,6213
6214,6215,6216,6218,6221,6223,6226,6227,6228,6229,6230,6233,6234,6238,6241,6244,6246,6249,6251,6253
6256,6258,6260,6263,6265,6266,6268,6269,6270,6271,6272,6273,6274,6275,6277,6279,6280,6283,6287,6291
6294,6296,6298,6299,6300,6301,6302,6304,6306,6307,6308,6311,6315,6316,6317,6318,6321,6324,6328,6330
6331,6334,6339,6341,6345,6347,6352,6358,6360,6364,6369,6375,6379,6382,6384,6388,6393,6400,6405,6411
6413,6414,6417,6420,6431,6443,6453,6465,6474,6483,6489,6498,6508,6517,6518,6528,6537,6538,6548,6558
6568,6577,6582,6588,6594,6597,6599,6601,6605,6609,6611,6617,6626,6627,6633,6639,6645,6651,6661,6662
6672,6678,6687,6689,6695,6704,6713,6718,6720,6726,6730,6731,6735,6744,6751,6756,6760,6770,6780,6787
6789,6791,6792,6793,6794,6795,6799,6802,6803,6804,6805,6807,6810,6811,6812,6814,6816,6818,6820,6822
6824,6826,6828,6830,6832,6834,6836,6837,6838,6839,6840,6842,6844,6846,6848,6850,6851,6852,6858,6862
6868,6876,6884,6890,6894,6899,6904,6910,6918,6924,6931,6936,6942,6948,6952,6959,6965,6966,6968,6969
6971,6973,6974,6981,6987,6994,7000,7007,7016,7019,7024,7029,7032,7035,7040,7041,7042,7043,7044,7045
7046,7047,7048,7052,7054,7057,7061,7063,7065,7067,7074,7079,7081,7085,7088,7092,7096,7098,7100,7105
7110,7112,7114,7117,7120,7126,7130,7133,7136,7139,7142,7146,7150,7151,7152,7153,7154,7158,7162,7163
7164,7167,7169,7172,7175,7178,7181,7184,7187,7190,7194,7197,7201,7203,7206,7209,7213,7217,7221,7223
7226,7229,7231,7233,7235,7239,7243,7247,7249,7254,7256,7258,7262,7266,7269,7274,7279,7281,7285,7289
7295,7300,7301,7302,7305,7308,7312,7314,7316,7319,7322,7326,7330,7333,7337,7340,7343,7347,7348,7350
7352,7356,7359,7361,7363,7365,7367,7369,7372,7373,7375,7376,7377,7379,7382,7383,7384,7385,7386,7387
7388,7389,7390,7391,7392,7393,7394,7395,7396,7397,7398,7400,7401,7403,7405,7407,7409,7411,7413,7414
7415,7416,7417,7418,7419,7420,7421,7422,7424,7428,7430,7434,7437,7441,7444,7447,7448,7452,7456,7460
7464,7468,7472,7476,7477,7478,7479,7480,7481,7482,7483,7484,7485,7486,7487,7488,7489,7490,7491,7492
7493,7494,7495,7496,7497,7498,7504,7510,7511,7512,7514,7519,7525,7526,7527,7534,7540,7542,7544,7549
7553,7557,7561,7564,7566,7569,7572,7573,7574,7576,7578,7583,7588,7592,7596,7600,7602,7605,7610,7615
7620,7621,7625,7629,7633,7638,7640,7643,7651,7656,7661,7666,7667,7671,7675,7676,7680,7684,7689,7694
7699,7706,7712,7718,7725,7732,7739,7741,7743,7745,7747,7750,7752,7754,7756,7757,7758,7759,7760,7761
7762,7764,7766,7768,7770,7772,7774,7776,7778,7780,7782,7784,7786,7788,7790,7792,7794,7796,7798,7800
7800,7802,7804,7806,7808,7809,7812,7819,7827,7830,7833,7837,7840,7844,7847,7850,7854,7856,7864,7869
7876,7879,7882,7890,7896,7904,7908,7914,7918,7922,7924,7926,7929,7931,7933,7937,7940,7943,7947,7951
7954,7956,7959,7962,7965,7968,7969,7972,7975,7978,7981,7984,7987,7990,7992,7996,7998,8000,8004,8006
8010,8011,8014,8019,8024,8027,8030,8034,8037,8041,8044,8048,8052,8055,8059,8063,8066,8070,8073,8077
8082,8085,8086,8087,8089,8091,8092,8094,8095,8096,8097,8100,8101,8104,8107,8108,8109,8110,8111,8112
8113,8114,8115,8116,8119,8122,8123,8124,8125,8126,8127,8131,8134,8137,8138,8139,8140,8141,8142,8143
8144,8145,8146,8147,8148,8149,8150,8151,8152,8153,8154,8156,8158,8162,8165,8168,8172,8174,8178,8183
8185,8188,8192,8196,8199,8202,8204,8207,8209,8211,8213,8215,8217,8219,8221,8223,8225,8227,8229,8231
8233,8235,8239,8244,8250,8256,8263,8270,8276,8284,8292,8304,8308,8313,8320,8326,8333,8336,8338,8339
8342,8346,8350,8353,8356,8360,8364,8367,8371,8375,8378,8381,8384,8388,8392,8395,8396,8399,8403,8406
8410,8413,8417,8420,8423,8427,8431,8434,8435,8436,8437,8438,8439,8440,8443,8444,8445,8446,8447,8448
8449,8451,8452,8453,8454,8455,8456,8458,8460,8462,8464,8467,8468,8471,8475,8479,8482,8486,8489,8493
8495,8499,8501,8505,8507,8509,8513,8516,8517,8520,8521,8522,8525,8526,8527,8529,8530,8531,8533,8535
8537,8539,8541,8543,8545,8548,8553,8556,8561,8563,8565,8567,8569,8570,8572,8574,8576,8577,8579,8580
8581,8583,8585,8586,8587,8588,8589,8590,8591,8592,8593,8594,8595,8596,8602,8608,8614,8615,8616,8617
8618,8620,8623,8625,8627,8629,8631,8633,8636,8641,8643,8645,8650,8653,8654,8655,8656,8657,8658,8659
8660,8661,8662,8663,8664,8665,8666,8667,8668,8671,8672,8674,8676,8678,8680,8682,8687,8690,8692,8694
8699,8702,8704,8706,8708,8710,8712,8714,8716,8719,8721,8723,8725,8727,8729,8732,8734,8736,8738,8740
8742,8744,8746,8749,8751,8752,8753,8754,8755,8756,8757,8758,8759,8769,8777,8785,8793,8800,8807,8814
8820,8828,8832,8840,8846,8854,8861,8868,8875,8882,8890,8895,8898,8903,8908,8909,8912,8916,8918,8920
8922,8927,8930,8933,8935,8937,8939,8941,8943,8945,8947,8949,8950,8951,8953,8954,8956,8958,8959,8960
8963,8966,8968,8970,8973,8976,8978,8983,8988,8990,8993,8995,8997,8999,9001,9004,9007,9009,9013,9015
9017,9019,9021,9023,9025,9027,9029,9031,9033,9035,9037,9039,9041,9043,9044,9046,9048,9052,9054,9056
9058,9062,9066,9068,9072,9074,9075,9076,9077,9080,9082,9083,9085,9087,9089,9090,9091,9092,9093,9094
9095,9096,9098,9099,9100,9103,9106,9109,9112,9115,9117,9118,9119,9120,9121,9122,9123,9124,9125,9126
9127,9128,9129,9130,9131,9132,9133,9134,9137,9139,9147,9149,9150,9152,9154,9156,9158,9159,9165,9166
9167,9169,9171,9174,9177,9179,9182,9184,9187,9192,9197,9202,9205,9211,9220,9226,9227,9239,9240,9241
9242,9248,9258,9268,9278,9285,9286,9297,9303,9304,9307,9309,9313,9316,9320,9322,9325,9328,9332,9334
9337,9339,9341,9344,9346,9348,9351,9354,9356,9360,9364,9367,9369,9372,9378,9380,9383,9386,9389,9392
9395,9398,9402,9405,9407,9409,9410,9412,9413,9414,9416,9418,9419,9420,9421,9422,9430,9432,9433,9434
9435,9436,9437,9438,9439,9441,9444,9446,9447,9448,9450,9451,9452,9453,9457,9461,9465,9469,9473,9477
9481,9485,9489,9493,9497,9501,9505,9509,9513,9517,9521,9525,9529,9533,9535,9537,9539,9541,9542,9543
9544,9545,9547,9549,9551,9553,9555,9557,9559,9561,9563,9565,9567,9569,9571,9573,9575,9577,9579,9581
9583,9586,9590,9592,9594,9597,9601,9604,9608,9611,9616,9618,9620,9626,9630,9633,9637,9640,9641,9645
9649,9651,9655,9658,9660,9663,9667,9670,9672,9674,9675,9677,9678,9681,9683,9686,9688,9691,9693,9695
9698,9700,9703,9706,9708,9711,9713,9715,9716,9719,9721,9723,9726,9729,9731,9733,9735,9736,9737,9739
9741,9744,9747,9751,9752,9755,9758,9760,9761,9762,9763,9764,9765,9766,9768,9770,9771,9772,9773,9774
9775,9776,9778,9780,9782,9784,9786,9788,9790,9792,9793,9794,9796,9797,9799,9802,9805,9806,9807,9811
9815,9821,9829,9833,9834,9835,9837,9839,9840,9841,9843,9845,9847,9849,9850,9853,9854,9855,9856,9857
9858,9859,9860,9861,9862,9863,9864,9865,9866,9867,9868,9869,9870,9871,9872,9873,9875,9877,9878,9879
9880,9881,9882,9883,9884,9885,9886,9887,9888,9889,9890,9893,9894,9895,9897,9901,9902,9904,9906,9907
9914,9917,9922,9928,9931,9934,9936,9939,9941,9943,9945,9948,9955,9957,9959,9961,9964,9966,9968,9971
9973,9975,9978,9986,9987,9989,9994,9998,9999,10003,10007,10011,10015,10016,10020,10024,10028,10030,10032,10034
10036,10038,10039,10041,10044,10047,10051,10053,10054,10059,10062,10070,10071,10081,10082,10083,10087,10088,10095,10103
10111,10118,10122,10124,10126,10128,10130,10132,10134,10135,10137,10138,10144,10147,10153,10159,10166,10173,10179,10180
10181,10186,10191,10196,10202,10206,10211,10216,10217,10218,10219,10220,10221,10222,10223,10224,10225,10226,10227,10228
10229,10230,10231,10232,10232,10232,10232,10233,10234,10234,10234,10234,10234,10234,10234,10234,10234,10234,10235,10235
10235,10235,10235,10235,10235,10235,10235,10235,10235,10235,10235,10235,10235,10235,10235,10235,10238,10238,10238,10238
10238,10238,10238,10238,10240,10240,10240,10242,10242,10242,10242,10243,10245,10245,10245,10246,10246,10246,10246,10246
10246,10248,10248,10248,10249,10249,10251,10252,10252,10252,10252,10254,10286,10286,10287,10287,10291,10291,10291,10291
10292,10292,10294,10294,10294,10294,10294,10296,10298,10298,10298,10298,10298,10300,10300,10300,10300,10300,10301,10301
10301,10301,10303,10307,10307,10307,10310,10310,10311,10311,10312,10313,10314,10316,10316,10316,10316,10316,10317,10317
10317,10317,10319,10319,10319,10319,10319,10327,10327,10327,10327,10327,10327,10327,10327,10328,10336,10342,10342,10342
10342,10342,10342,10342,10343,10344,10344,10344,10344,10344,10344,10345,10345,10345,10345,10346,10346,10346,10346,10346
10347,10348,10349,10350,10350,10356,10361,10361,10361,10361,10361,10361,10361,10361,10361,10361,10362,10362,10362,10365
10365,10365,10367,10367,10367,10367,10367,10367,10369,10369,10371,10373,10373,10373,10373,10374,10375,10375,10376,10377
10378,10378,10378,10378,10378,10378,10378,10380,10382,10386,10386,10387,10387,10388,10388,10389,10389,10389,10389,10392
10395,10398,10400,10402,10406,10407,10408,10410,10412,10413,10414,10416,10417,10426,10428,10430,10431,10432,10433,10434
10435,10437,10439,10440,10442,10443,10447,10451,10455,10458,10460,10464,10466,10469,10470,10471,10473,10475,10478,10481
10482,10485,10488,10489,10490,10493,10494,10495,10497,10499,10503,10508,10509,10512,10514,10516,10517,10518,10519,10522
10526,10528,10529,10531,10532,10533,10534,10535,10537,10541,10543,10545,10548,10552,10554,10555,10556,10558,10560,10561
10563,10564,10566,10568,10570,10571,10573,10575,10578,10583,10584,10585,10590,10592,10594,10596,10599,10601,10604,10606
10615,10618,10621,10623,10625,10628,10630,10633,10634,10635,10636,10637,10638,10640,10642,10644,10646,10648,10650,10651
10653,10654,10655,10657,10658,10663,10666,10668,10670,10675,10680,10684,10686,10688,10693,10699,10701,10702,10704,10706
10708,10710,10711,10712,10713,10715,10716,10717,10719,10721,10723,10724,10726,10728,10730,10731,10732,10734,10742,10744
10746,10748,10750,10751,10753,10755,10756,10758,10759,10760,10761,10763,10765,10768,10769,10771,10773,10775,10778,10781
10782,10783,10784,10785,10787,10789,10790,10791,10792,10793,10794,10796,10798,10800,10801,10802,10804,10805,10806,10807
10809,10810,10811,10812,10813,10814,10817,10818,10819,10821,10824,10827,10829,10831,10833,10836,10837,10838,10839,10840
10841,10842,10846,10850,10854,10861,10868,10869,10872,10875,10876,10878,10880,10881,10886,10890,10893,10896,10899,10902
10904,10908,10911,10913,10918,10921,10923,10925,10928,10929,10930,10933,10934,10938,10942,10946,10949,10952,10953,10959
10961,10963,10969,10973,10976,10979,10982,10984,10987,10989,10992,10994,10999,11001,11005,11009,11011,11016,11020,11023
11027,11029,11031,11034,11037,11041,11043,11044,11045,11046,11047,11048,11049,11050,11051,11052,11054,11058,11060,11063
11067,11069,11071,11073,11076,11079,11081,11083,11085,11087,11090,11093,11095,11099,11101,11103,11105,11107,11109,11111
11112,11113,11114,11115,11117,11119,11120,11122,11123,11124,11125,11133,11134,11135,11138,11141,11142,11146,11150,11153
11156,11159,11162,11164,11167,11170,11173,11176,11178,11179,11181,11182,11183,11185,11188,11189,11191,11193,11195,11197
11199,11201,11202,11205,11206,11207,11208,11209,11212,11215,11218,11219,11220,11221,11223,11224,11226,11227,11230,11231
11233,11236,11239,11240,11242,11244,11246,11248,11249,11251,11253,11254,11255,11256,11257,11258,11259,11261,11262,11268
11270,11272,11275,11277,11280,11282,11285,11288,11289,11291,11292,11294,11295,11297,11299,11302,11304,11306,11309,11311
11313,11314,11318,11321,11324,11328,11330,11332,11334,11336,11338,11340,11342,11344,11347,11349,11351,11354,11356,11359
11361,11362,11364,11366,11368,11370,11371,11372,11373,11374,11380,11381,11382,11384,11385,11386,11387,11388,11393,11398
11399,11400,11401,11403,11406,11408,11409,11410,11413,11415,11417,11419,11420,11423,11426,11427,11432,11437,11438,11440
11446,11451,11452,11458,11464,11470,11474,11475,11479,11480,11486,11490,11492,11494,11500,11503,11505,11507,11509,11511
11514,11516,11519,11522,11524,11525,11526,11527,11528,11530,11534,11535,11536,11537,11538,11539,11543,11544,11545,11546
11547,11549,11551,11552,11555,11557,11559,11561,11563,11565,11567,11569,11570,11571,11572,11573,11580,11582,11585,11587
11592,11594,11597,11598,11603,11607,11611,11616,11620,11622,11624,11625,11626,11628,11630,11633,11634,11638,11641,11645
11647,11651,11654,11655,11657,11661,11665,11667,11668,11673,11676,11679,11683,11685,11687,11689,11693,11695,11697,11699
11701,11703,11706,11713,11718,11720,11721,11722,11725,11727,11729,11731,11734,11735,11738,11740,11742,11744,11745,11746
11749,11751,11752,11753,11759,11763,11766,11767,11769,11770,11774,11776,11778,11780,11784,11788,11792,11794,11796,11798
11800,11802,11803,11806,11807,11809,11812,11817,11821,11824,11827,11829,11830,11832,11834,11836,11838,11839,11840,11844
11846,11847,11851,11853,11856,11858,11861,11867,11871,11876,11878,11880,11882,11883,11884,11886,11888,11891,11892,11895
11905,11910,11911,11913,11916,11921,11923,11926,11930,11931,11934,11936,11940,11946,11948,11950,11953,11955,11958,11960
11963,11964,11965,11968,11970,11972,11975,11976,11979,11982,11983,11985,11987,11989,11991,11994,11995,12001,12005,12007
12009,12011,12013,12014,12016,12019,12020,12022,12026,12029,12033,12036,12038,12040,12042,12044,12046,12047,12049,12050
12054,12056,12058,12061,12065,12068,12070,12072,12076,12077,12078,12079,12082,12083,12085,12086,12087,12088,12089,12090
12091,12092,12093,12094,12096,12098,12100,12102,12104,12106,12108,12110,12112,12114,12116,12118,12120,12122,12123,12124
12125,12131,12135,12136,12137,12138,12141,12142,12145,12146,12150,12151,12154,12157,12160,12161,12162,12163,12164,12165
12166,12167,12168,12169,12170,12171,12172,12173,12174,12175,12178,12181,12184,12187,12190,12193,12196,12199,12201,12203
12204,12207,12212,12214,12218,12222,12227,12231,12235,12237,12241,12245,12249,12253,12257,12261,12263,12265,12267,12269
12271,12273,12275,12277,12279,12281,12283,12284,12286,12290,12294,12295,12297,12299,12301,12303,12307,12310,12313,12317
12321,12323,12326,12329,12333,12335,12337,12338,12339,12340,12341,12342,12343,12344,12345,12346,12347,12348,12349,12350
12351,12352,12353,12354,12356,12357,12358,12360,12362,12364,12366,12368,12369,12371,12373,12376,12378,12380,12381,12382
12384,12387,12389,12391,12393,12395,12397,12399,12401,12405,12407,12409,12411,12413,12415,12417,12418,12420,12422,12423
12424,12425,12431,12432,12433,12434,12435,12438,12441,12445,12449,12452,12456,12457,12458,12459,12462,12466,12467,12468
12472,12475,12476,12480,12483,12487,12490,12491,12494,12495,12497,12498,12499,12500,12501,12502,12503,12504,12507,12510
12515,12517,12520,12522,12524,12527,12529,12532,12534,12537,12542,12547,12551,12554,12556,12558,12561,12564,12566,12567
12570,12574,12578,12579,12581,12582,12583,12584,12585,12586,12587,12592,12596,12601,12605,12610,12614,12616,12618,12620
12622,12624,12626,12628,12630,12632,12634,12636,12637,12639,12641,12643,12645,12647,12649,12651,12652,12653,12654,12655
12656,12657,12658,12659,12661,12663,12665,12667,12669,12671,12675,12678,12681,12685,12687,12689,12691,12695,12700,12705
12706,12708,12714,12719,12725,12726,12727,12728,12729,12730,12734,12737,12738,12740,12742,12744,12746,12748,12750,12752
12754,12756,12760,12761,12762,12763,12764,12765,12766,12767,12768,12769,12770,12771,12772,12774,12775,12776,12778,12779
12780,12783,12784,12787,12790,12793,12796,12798,12800,12801,12803,12805,12810,12815,12816,12823,12828,12833,12844,12847
12850,12853,12856,12859,12862,12865,12869,12872,12875,12879,12881,12883,12884,12888,12892,12896,12900,12904,12908,12912
12913,12914,12915,12916,12918,12920,12921,12922,12925,12927,12929,12932,12934,12937,12938,12941,12945,12947,12949,12951
12952,12957,12959,12965,12970,12976,12982,12987,12991,12994,13000,13004,13009,13010,13011,13012,13013,13015,13017,13019
13021,13023,13024,13025,13026,13027,13029,13031,13033,13037,13041,13044,13048,13051,13054,13057,13060,13063,13066,13069
13072,13075,13076,13078,13080,13085,13086,13087,13090,13093,13096,13099,13102,13105,13108,13112,13115,13118,13122,13126
13129,13132,13135,13138,13142,13145,13148,13152,13158,13163,13168,13175,13178,13184,13190,13196,13203,13205,13208,13210
13213,13216,13221,13223,13225,13227,13229,13231,13232,13233,13235,13237,13239,13241,13243,13244,13249,13252,13256,13261
13267,13269,13271,13275,13280,13284,13288,13289,13292,13295,13300,13304,13306,13309,13311,13314,13315,13318,13321,13322
13323,13326,13328,13330,13334,13336,13338,13340,13344,13346,13348,13352,13354,13360,13366,13368,13370,13372,13374,13378
13380,13382,13385,13387,13389,13391,13394,13397,13399,13401,13403,13405,13407,13409,13411,13414,13417,13420,13423,13426
13431,13434,13437,13439,13445,13448,13455,13456,13458,13460,13462,13464,13465,13466,13467,13468,13469,13472,13476,13480
13483,13485,13486,13487,13488,13489,13491,13492,13493,13495,13497,13499,13504,13507,13514,13517,13519,13521,13526,13531
13536,13538,13540,13542,13544,13546,13548,13553,13555,13557,13558,13560,13562,13564,13566,13568,13570,13572,13573,13575
13577,13578,13579,13581,13582,13584,13586,13590,13594,13598,13600,13603,13605,13608,13610,13612,13614,13616,13618,13619
13620,13622,13623,13625,13627,13628,13629,13631,13632,13633,13634,13636,13637,13638,13639,13640,13641,13642,13643,13644
13645,13646,13647,13649,13651,13655,13659,13663,13667,13671,13675,13677,13679,13681,13683,13686,13688,13690,13693,13695
13697,13699,13701,13703,13705,13707,13709,13711,13713,13716,13719,13723,13724,13725,13726,13727,13728,13729,13732,13737
13739,13741,13743,13744,13749,13756,13761,13768,13773,13777,13779,13781,13787,13791,13796,13801,13809,13813,13815,13820
13824,13826,13833,13834,13840,13848,13849,13855,13861,13862,13863,13869,13875,13876,13877,13878,13879,13881,13882,13883
13884,13885,13889,13892,13895,13899,13903,13907,13910,13911,13912,13913,13914,13915,13916,13917,13918,13919,13920,13921
13922,13923,13924,13925,13926,13927,13929,13931,13933,13934,13935,13938,13940,13942,13945,13947,13949,13951,13953,13956
13958,13961,13964,13966,13968,13972,13974,13976,13978,13979,13982,13986,13987,13988,13990,13995,13997,13999,14001,14002
14006,14009,14011,14014,14018,14021,14025,14028,14031,14034,14038,14042,14046,14049,14051,14055,14056,14061,14064,14066
14073,14074,14075,14076,14078,14081,14085,14088,14092,14096,14101,14102,14103,14104,14107,14110,14113,14114,14115,14116
14119,14122,14123,14124,14125,14126,14127,14130,14133,14136,14139,14142,14145,14147,14148,14151,14154,14157,14159,14161
14164,14167,14171,14172,14177,14179,14181,14184,14187,14189,14191,14195,14196,14198,14202,14206,14208,14216,14224,14234
14242,14248,14250,14254,14256,14258,14260,14262,14264,14266,14268,14270,14272,14273,14274,14275,14276,14277,14283,14289
14295,14301,14307,14308,14309,14310,14311,14312,14313,14314,14315,14317,14318,14319,14321,14325,14326,14330,14334,14339
14350,14355,14360,14362,14367,14372,14374,14376,14378,14380,14382,14384,14386,14388,14390,14392,14394,14396,14398,14401
14407,14410,14414,14418,14422,14425,14428,14432,14435,14439,14442,14444,14446,14448,14450,14452,14455,14457,14459,14462
14464,14467,14469,14472,14474,14477,14479,14481,14483,14486,14488,14491,14492,14493,14494,14495,14496,14497,14499,14502
14503,14505,14507,14508,14510,14511,14514,14516,14517,14519,14520,14521,14523,14524,14525,14527,14529,14531,14533,14535
14537,14538,14539,14540,14542,14543,14544,14545,14546,14547,14548,14550,14552,14554,14555,14556,14558,14560,14562,14563
14565,14567,14569,14571,14572,14573,14580,14581,14582,14589,14595,14596,14602,14607,14609,14611,14613,14615,14617,14621
14622,14623,14625,14629,14633,14637,14641,14645,14649,14653,14657,14661,14665,14669,14673,14677,14681,14685,14689,14690
14692,14694,14696,14700,14702,14704,14705,14706,14707,14708,14710,14711,14712,14713,14714,14715,14716,14717,14718,14719
14721,14722,14724,14726,14728,14730,14731,14732,14737,14739,14740,14741,14742,14743,14745,14748,14752,14756,14757,14760
14764,14767,14768,14769,14770,14771,14772,14773,14774,14775,14776,14782,14789,14793,14797,14801,14803,14808,14814,14818
14819,14823,14824,14825,14826,14827,14829,14831,14832,14834,14835,14838,14841,14844,14846,14849,14851,14853,14855,14858
14860,14863,14866,14868,14871,14873,14875,14877,14879,14881,14883,14883,14884,14889,14894,14895,14896,14897,14906,14911
14917,14923,14928,14934,14939,14944,14949,14955,14960,14966,14972,14977,14981,14983,14984,14985,14986,14990,14996,15002
15006,15008,15010,15015,15020,15025,15030,15035,15040,15044,15045,15047,15048,15053,15054,15059,15062,15065,15066,15071
15076,15081,15086,15089,15092,15097,15100,15105,15108,15109,15115,15116,15117,15123,15123,15123,15123,15123,15123,15123
15123,15124,15124,15124,15126,15127,15129,15130,15131,15133,15135,15136,15137,15139,15141,15142,15143,15144,15145,15146
15151,15157,15157,15159,15161,15163,15167,15171,15175,15179,15181,15183,15185,15189,15193,15195,15199,15202,15203,15203
15204,15204,15205,15206,15207,15211,15217,15217,15217,15217,15217,15221,15223,15225,15228,15236,15243,15247,15252,15253
15256,15256,15259,15260,15266,15267,15273,15274,15284,15285,15285,15285,15285,15285,15285,15288,15289,15297,15304,15307
15310,15314,15318,15324,15324,15328,15340,15343,15346,15349,15350,15356,15360,15366,15370,15372,15376,15378,15382,15386
15388,15391,15394,15397,15400,15403,15406,15409,15412,15415,15418,15421,15424,15424,15429,15433,15438,15442,15446,15451
15455,15460,15463,15466,15466,15466,15466,15466,15471,15479,15479,15483,15484,15485,15486,15487,15488,15489,15490,15491
15493,15494,15495,15497,15499,15505,15510,15515,15523,15532,15540,15546,15550,15555,15557,15560,15567,15575,15576,15577
15577,15579,15585,15590,15595,15605,15609,15611,15615,15619,15621,15625,15626,15627,15628,15630,15635,15639,15642,15647
15653,15653,15653,15653,15653,15653,15653,15653,15653,15653,15653,15659,15664,15669,15675,15681,15686,15688,15690,15692
15694,15700,15705,15707,15709,15714,15720,15722,15725,15727,15729,15731,15733,15738,15742,15747,15750,15753,15757,15762
15765,15768,15771,15774,15777,15780,15783,15786,15789,15792,15795,15798,15801,15801,15801,15802,15803,15804,15805,15806
15807,15808,15809,15810,15811,15812,15813,15814,15815,15816,15817,15818,15819,15820,15825,15826,15827,15828,15829,15831
15834,15835,15838,15840,15841,15845,15848,15851,15853,15854,15856,15858,15861,15866,15870,15877,15883,15890,15900,15910
15913,15917,15918,15919,15927,15934,15937,15947,15950,15958,15961,15968,15969,15976,15983,15990,15994,15995,15996,15997
15998,15999,16001,16002,16004,16006,16007,16008,16009,16010,16014,16015,16020,16021,16022,16024,16025,16026,16027,16028
16038,16039,16040,16041,16042,16043,16044,16045,16046,16047,16048,16049,16050,16051,16052,16053,16054,16055,16060,16061
16062,16063,16064,16065,16066,16067,16068,16069,16070,16071,16072,16073,16074,16078,16079,16080,16087,16088,16089,16090
16091,16092,16093,16094,16095,16096,16097,16098,16099,16102,16103,16109,16117,16121,16123,16124,16125,16128,16129,16130
16132,16134,16135,16136,16137,16137,16138,16139,16141,16142,16143,16144,16147,16148,16149,16151,16157,16163,16165,16169
16170,16171,16172,16173,16175,16177,16179,16181,16183,16185,16187,16188,16189,16190,16191,16192,16193,16194,16195,16198
16200,16205,16210,16213,16216,16220,16222,16226,16228,16232,16235,16240,16243,16246,16251,16253,16256,16259,16264,16268
16270,16272,16274,16275,16276,16277,16278,16279,16280,16282,16283,16284,16285,16288,16290,16291,16292,16293,16294,16295
16297,16303,16309,16313,16314,16315,16316,16317,16318,16319,16321,16323,16324,16326,16328,16330,16332,16334,16335,16337
16339,16341,16343,16349,16351,16354,16357,16358,16359,16360,16361,16362,16363,16367,16368,16369,16374,16378,16381,16385
16390,16394,16399,16403,16408,16413,16417,16422,16426,16430,16435,16439,16444,16448,16452,16457,16462,16466,16471,16476
16480,16484,16489,16493,16498,16504,16505,16509,16515,16520,16524,16528,16533,16535,16540,16544,16545,16546,16547,16548
16550,16551,16556,16558,16564,16568,16572,16578,16582,16588,16592,16599,16600,16603,16604,16605,16608,16611,16614,16617
16618,16620,16621,16622,16624,16625,16628,16630,16631,16634,16636,16638,16639,16646,16651,16652,16653,16654,16655,16656
16657,16658,16661,16663,16666,16667,16668,16669,16670,16671,16672,16673,16674,16675,16676,16679,16680,16681,16683,16684
16685,16687,16688,16690,16692,16694,16696,16697,16698,16699,16700,16701,16702,16703,16704,16705,16706,16707,16708,16709
16710,16712,16714,16716,16717,16724,16731,16733,16734,16735,16736,16738,16740,16741,16742,16743,16744,16745,16748,16749
16750,16754,16759,16763,16768,16770,16773,16778,16781,16784,16785,16791,16795,16799,16805,16806,16807,16813,16818,16825
16830,16833,16837,16841,16847,16853,16859,16863,16868,16869,16870,16871,16874,16876,16878,16879,16880,16883,16884,16887
16888,16895,16896,16897,16898,16899,16904,16908,16909,16912,16917,16921,16926,16930,16936,16941,16944,16945,16946,16947
16952,16956,16959,16962,16966,16970,16974,16975,16976,16977,16978,16979,16982,16985,16989,16993,16997,17001,17005,17009
17013,17017,17018,17019,17022,17025,17028,17031,17035,17039,17043,17046,17049,17052,17053,17054,17057,17060,17061,17062
17063,17064,17065,17066,17067,17068,17069,17070,17073,17076,17080,17081,17082,17083,17084,17085,17086,17087,17088,17089
17090,17091,17092,17096,17100,17101,17102,17103,17106,17109,17111,17113,17115,17117,17119,17121,17122,17123,17125,17127
17129,17131,17133,17135,17137,17139,17142,17145,17146,17148,17149,17150,17151,17152,17153,17154,17158,17159,17160,17161
17162,17163,17164,17165,17166,17167,17168,17169,17170,17173,17175,17177,17179,17180,17181,17182,17183,17184,17185,17186
17187,17190,17191,17192,17197,17199,17204,17206,17208,17210,17212,17214,17219,17220,17221,17222,17223,17224,17225,17226
17227,17228,17229,17230,17231,17232,17233,17234,17235,17236,17237,17238,17239,17240,17244,17249,17253,17256,17260,17264
17268,17274,17279,17282,17283,17284,17287,17288,17289,17291,17294,17298,17302,17305,17309,17310,17314,17317,17320,17324
17328,17331,17334,17338,17341,17345,17346,17349,17353,17355,17358,17362,17364,17365,17366,17367,17368,17369,17370,17376
17377,17378,17379,17380,17381,17382,17383,17384,17385,17386,17387,17388,17389,17390,17391,17392,17393,17394,17395,17396
17397,17398,17399,17400,17401,17402,17403,17404,17405,17406,17407,17408,17409,17410,17411,17412,17413,17414,17415,17416
17418,17419,17420,17421,17422,17423,17424,17428,17432,17433,17438,17439,17440,17441,17442,17443,17447,17448,17449,17450
17451,17452,17453,17454,17457,17460,17462,17465,17468,17476,17477,17478,17479,17480,17481,17482,17483,17484,17485,17486
17487,17488,17489,17490,17491,17492,17493,17494,17495,17496,17497,17498,17499,17500,17501,17502,17503,17504,17505,17506
17508,17510,17511,17512,17514,17515,17516,17517,17518,17519,17522,17524,17526,17527,17528,17529,17530,17531,17532,17533
17534,17535,17536,17538,17539,17540,17541,17542,17543,17544,17545,17547,17548,17550,17551,17552,17553,17560,17568,17575
17583,17585,17586,17588,17593,17595,17599,17601,17603,17605,17609,17611,17612,17613,17614,17616,17617,17618,17622,17624
17627,17628,17629,17630,17631,17632,17633,17634,17635,17636,17638,17640,17641,17642,17643,17644,17646,17648,17650,17654
17656,17657,17659,17663,17664,17666,17668,17669,17672,17674,17677,17681,17684,17686,17689,17692,17694,17696,17697,17698
17699,17700,17701,17705,17715,17719,17723,17733,17742,17746,17747,17748,17749,17752,17753,17755,17757,17758,17759,17760
17761,17762,17763,17764,17765,17766,17767,17768,17769,17770,17771,17772,17773,17774,17775,17776,17777,17778,17779,17780
17781,17782,17783,17784,17785,17786,17787,17788,17789,17790,17791,17792,17793,17794,17795,17796,17797,17798,17799,17800
17801,17802,17803,17804,17805,17806,17807,17808,17809,17810,17811,17812,17813,17814,17815,17829,17845,17859,17863,17872
17875,17876,17877,17878,17879,17880,17881,17882,17883,17884,17885,17886,17887,17888,17889,17890,17891,17892,17893,17894
17895,17896,17897,17901,17902,17903,17906,17908,17909,17912,17914,17915,17917,17918,17920,17922,17923,17924,17925,17926
17927,17928,17929,17934,17939,17944,17946,17948,17949,17950,17952,17957,17958,17959,17961,17962,17964,17965,17967,17969
17970,17972,17973,17974,17976,17977,17978,17980,17982,17984,17986,17990,17992,17997,18003,18008,18011,18019,18022,18032
18045,18062,18063,18072,18076,18080,18083,18086,18089,18093,18096,18100,18104,18108,18112,18117,18126,18133,18137,18141
18143,18152,18154,18158,18159,18160,18164,18165,18166,18170,18174,18177,18182,18187,18191,18192,18195,18199,18202,18204
18206,18210,18213,18219,18223,18225,18232,18233,18234,18241,18248,18255,18262,18269,18272,18273,18279,18286,18287,18288
18295,18296,18297,18298,18301,18305,18309,18310,18311,18312,18313,18317,18318,18319,18322,18323,18330,18333,18342,18348
18352,18355,18356,18357,18358,18362,18363,18364,18365,18366,18367,18368,18369,18370,18371,18372,18373,18377,18378,18379
18380,18384,18391,18392,18393,18394,18395,18396,18397,18398,18399,18400,18401,18402,18403,18404,18405,18406,18407,18408
18410,18411,18412,18413,18414,18415,18416,18417,18418,18419,18421,18429,18437,18445,18453,18462,18464,18465,18466,18468
18470,18472,18476,18478,18480,18481,18483,18484,18486,18488,18490,18493,18494,18495,18498,18499,18501,18504,18505,18506
18509,18511,18513,18515,18516,18517,18518,18519,18522,18525,18528,18530,18532,18535,18538,18540,18542,18545,18548,18551
18554,18557,18558,18559,18562,18565,18566,18569,18571,18572,18573,18575,18576,18577,18578,18579,18580,18581,18582,18583
18584,18585,18586,18591,18593,18595,18599,18603,18604,18605,18607,18609,18611,18613,18615,18617,18619,18621,18623,18625
18627,18629,18633,18637,18641,18645,18647,18649,18653,18657,18659,18663,18665,18667,18671,18675,18677,18679,18681,18683
18684,18685,18686,18687,18688,18689,18690,18691,18692,18694,18695,18696,18697,18698,18699,18700,18701,18702,18703,18704
18705,18706,18708,18712,18713,18714,18717,18720,18721,18724,18727,18730,18733,18734,18735,18737,18741,18745,18748,18751
18752,18753,18754,18755,18756,18759,18761,18763,18764,18765,18766,18768,18769,18778,18786,18796,18798,18800,18802,18804
18806,18808,18810,18812,18814,18816,18818,18819,18822,18823,18825,18828,18831,18834,18836,18839,18844,18848,18849,18853
18856,18860,18863,18864,18869,18872,18873,18874,18875,18876,18877,18878,18880,18882,18884,18885,18886,18887,18888,18889
18890,18891,18892,18893,18895,18897,18899,18900,18901,18902,18903,18905,18907,18909,18910,18911,18912,18913,18914,18915
18916,18923,18930,18934,18940,18949,18956,18959,18962,18968,18974,18980,18985,18994,19003,19012,19021,19022,19025,19028
19031,19034,19037,19040,19046,19055,19064,19066,19071,19080,19089,19090,19091,19097,19104,19113,19114,19115,19116,19117
19118,19119,19120,19122,19124,19126,19127,19128,19130,19132,19134,19136,19138,19140,19142,19144,19145,19146,19149,19152
19156,19157,19159,19160,19162,19165,19166,19167,19170,19171,19172,19173,19174,19175,19176,19177,19178,19179,19180,19181
19182,19188,19189,19190,19191,19192,19193,19194,19195,19196,19197,19201,19206,19212,19213,19218,19219,19224,19230,19232
19234,19239,19245,19250,19256,19261,19267,19272,19278,19283,19289,19295,19301,19306,19311,19315,19320,19324,19328,19333
19338,19342,19347,19349,19350,19351,19352,19354,19356,19359,19361,19363,19365,19367,19369,19371,19373,19379,19383,19391
19398,19400,19404,19408,19413,19417,19420,19424,19427,19431,19440,19449,19450,19451,19460,19467,19475,19483,19488,19492
19495,19504,19505,19507,19512,19517,19518,19519,19520,19521,19522,19523,19524,19525,19528,19533,19534,19535,19536,19537
19538,19541,19543,19544,19545,19548,19551,19552,19553,19554,19557,19565,19566,19569,19572,19575,19578,19579,19582,19585
19588,19591,19592,19593,19596,19599,19602,19605,19608,19611,19614,19618,19622,19632,19642,19652,19653,19654,19663,19673
19674,19675,19676,19677,19678,19679,19680,19681,19682,19683,19684,19685,19686,19687,19688,19689,19690,19691,19692,19694
19696,19698,19700,19702,19704,19706,19708,19710,19711,19712,19713,19714,19715,19716,19717,19718,19719,19720,19727,19728
19733,19735,19738,19741,19743,19746,19748,19751,19754,19758,19762,19766,19769,19773,19776,19778,19781,19784,19787,19789
19792,19796,19800,19803,19806,19808,19810,19813,19815,19817,19820,19823,19826,19828,19831,19833,19835,19837,19839,19841
19845,19849,19853,19857,19861,19862,19863,19864,19865,19866,19867,19870,19871,19872,19873,19874,19877,19880,19881,19882
19883,19884,19885,19886,19887,19888,19889,19890,19891,19892,19893,19894,19895,19896,19897,19898,19899,19900,19901,19903
19905,19909,19915,19926,19928,19931,19933,19935,19936,19940,19943,19944,19945,19946,19947,19948,19949,19950,19951,19952
19953,19954,19955,19956,19957,19958,19959,19960,19961,19962,19963,19964,19965,19967,19969,19971,19973,19975,19976,19978
19979,19982,19983,19984,19986,19987,19989,19990,19991,19994,19999,20004,20007,20008,20009,20010,20011,20012,20013,20014
20015,20016,20017,20018,20019,20021,20022,20023,20024,20025,20026,20027,20028,20030,20031,20035,20039,20040,20041,20043
20044,20045,20047,20051,20055,20058,20062,20063,20067,20071,20073,20074,20075,20076,20077,20078,20080,20082,20084,20086
20088,20090,20092,20094,20096,20098,20100,20102,20104,20106,20108,20110,20112,20114,20116,20118,20120,20122,20124,20126
20128,20130,20132,20134,20136,20138,20140,20142,20144,20146,20148,20150,20152,20154,20156,20158,20160,20162,20164,20166
20168,20170,20173,20174,20175,20176,20177,20178,20179,20180,20180,20180,20180,20180,20180,20180,20180,20180,20180,20180
20180,20182,20185,20189,20192,20194,20196,20198,20200,20203,20206,20207,20209,20211,20212,20213,20214,20215,20216,20217
20218,20219,20220,20221,20223,20225,20227,20229,20231,20233,20235,20236,20237,20238,20239,20240,20241,20242,20243,20246
20249,20252,20255,20258,20261,20264,20267,20268,20269,20270,20271,20272,20273,20274,20275,20276,20277,20278,20282,20286
20290,20294,20296,20300,20302,20305,20308,20311,20315,20319,20322,20326,20329,20333,20336,20340,20343,20347,20350,20354
20357,20361,20364,20367,20371,20374,20377,20381,20385,20388,20392,20395,20398,20402,20406,20409,20413,20416,20420,20423
20434,20437,20438,20439,20443,20455,20456,20457,20460,20464,20465,20469,20473,20476,20477,20478,20491,20503,20507,20510
20513,20516,20520,20523,20527,20530,20532,20537,20541,20545,20550,20554,20559,20563,20568,20570,20571,20573,20575,20577
20580,20581,20582,20584,20586,20587,20588,20594,20600,20601,20605,20609,20611,20613,20614,20615,20620,20621,20622,20627
20632,20636,20638,20643,20644,20645,20646,20652,20653,20654,20655,20656,20657,20662,20667,20668,20669,20670,20671,20677
20679,20681,20687,20688,20689,20691,20692,20697,20702,20708,20714,20719,20721,20722,20726,20730,20732,20734,20736,20738
20745,20752,20756,20760,20765,20766,20767,20768,20769,20775,20779,20786,20791,20799,20805,20810,20815,20822,20827,20834
20841,20846,20852,20856,20863,20868,20873,20880,20887,20892,20898,20906,20910,20918,20922,20927,20934,20942,20948,20949
20950,20951,20952,20955,20957,20958,20960,20961,20962,20964,20965,20967,20968,20970,20971,20973,20974,20976,20977,20979
20982,20983,20984,20985,20986,20987,20988,20989,20990,20991,20992,20993,20994,20995,20996,20997,21001,21002,21003,21004
21005,21006,21007,21009,21012,21015,21018,21021,21024,21028,21032,21038,21039,21042,21045,21046,21047,21048,21049,21051
21053,21054,21056,21059,21060,21063,21069,21070,21071,21074,21075,21078,21082,21085,21086,21087,21092,21096,21097,21098
21099,21100,21101,21104,21107,21109,21110,21111,21113,21115,21116,21118,21119,21121,21123,21125,21127,21129,21131,21133
21135,21137,21139,21142,21144,21145,21146,21147,21148,21150,21151,21152,21153,21154,21155,21157,21160,21162,21165,21168
21170,21171,21173,21175,21177,21179,21181,21183,21185,21186,21188,21190,21192,21194,21196,21198,21200,21202,21204,21206
21208,21210,21212,21216,21218,21222,21224,21225,21226,21227,21228,21229,21230,21231,21232,21233,21234,21235,21236,21237
21238,21239,21240,21241,21242,21243,21244,21245,21246,21253,21260,21267,21274,21281,21288,21295,21302,21309,21316,21323
21330,21336,21339,21342,21345,21348,21351,21354,21357,21360,21363,21364,21370,21375,21381,21382,21383,21389,21394,21396
21398,21400,21402,21404,21410,21415,21416,21417,21418,21419,21421,21423,21425,21427,21429,21431,21433,21435,21437,21439
21442,21443,21444,21445,21448,21450,21452,21455,21456,21457,21458,21459,21461,21465,21467,21471,21473,21475,21477,21479
21481,21482,21484,21486,21488,21491,21495,21497,21499,21505,21511,21515,21519,21520,21521,21522,21523,21524,21526,21529
21532,21534,21536,21538,21541,21543,21545,21547,21549,21551,21553,21556,21559,21560,21562,21567,21569,21572,21574,21575
21576,21578,21582,21584,21585,21586,21589,21590,21591,21594,21595,21596,21597,21599,21602,21604,21605,21607,21609,21610
21613,21614,21617,21619,21622,21624,21628,21629,21632,21636,21638,21639,21642,21644,21648,21651,21652,21655,21660,21661
21664,21665,21666,21667,21668,21669,21670,21671,21672,21673,21674,21677,21682,21684,21686,21688,21690,21692,21694,21696
21698,21700,21703,21705,21707,21709,21711,21712,21714,21716,21717,21718,21721,21723,21726,21727,21728,21730,21732,21733
21734,21737,21739,21741,21743,21745,21746,21747,21748,21749,21750,21752,21754,21757,21760,21763,21766,21769,21772,21775
21778,21781,21784,21787,21791,21795,21799,21801,21802,21803,21805,21807,21808,21810,21814,21815,21817,21818,21820,21821
21824,21825,21827,21830,21834,21838,21840,21843,21845,21848,21849,21850,21851,21852,21855,21858,21860,21863,21864,21865
21866,21868,21869,21870,21871,21872,21873,21874,21875,21877,21879,21880,21881,21882,21884,21885,21886,21888,21890,21891
21893,21895,21896,21898,21900,21903,21904,21905,21906,21907,21908,21909,21910,21911,21912,21913,21914,21915,21916,21917
21918,21930,21936,21938,21944,21945,21947,21949,21950,21951,21962,21973,21984,21995,22006,22017,22028,22039,22050,22061
22072,22082,22083,22084,22084,22085,22086,22087,22089,22093,22097,22101,22105,22107,22109,22111,22115,22119,22123,22127
22130,22131,22134,22135,22138,22139,22142,22143,22144,22145,22147,22148,22149,22150,22151,22157,22169,22179,22182,22184
22186,22189,22191,22194,22197,22200,22202,22204,22206,22208,22211,22214,22217,22219,22221,22223,22225,22227,22229,22231
22236,22238,22243,22245,22248,22249,22250,22251,22252,22253,22254,22255,22256,22257,22258,22259,22260,22261,22262,22263
22264,22265,22266,22267,22268,22269,22270,22271,22273,22274,22276,22278,22279,22280,22281,22283,22285,22286,22287,22288
22289,22290,22291,22292,22295,22298,22301,22304,22308,22315,22320,22331,22338,22342,22346,22353,22361,22365,22368,22369
22370,22371,22372,22373,22374,22375,22376,22377,22380,22381,22384,22391,22393,22401,22409,22417,22425,22433,22442,22451
22454,22457,22461,22465,22469,22473,22477,22481,22487,22493,22499,22505,22509,22512,22515,22518,22522,22530,22538,22549
22558,22569,22576,22583,22589,22592,22595,22598,22608,22611,22614,22622,22630,22632,22636,22643,22645,22648,22651,22662
22672,22677,22683,22691,22699,22705,22712,22720,22726,22732,22734,22736,22743,22750,22758,22768,22771,22780,22784,22788
22796,22806,22817,22829,22839,22842,22845,22854,22864,22865,22869,22872,22874,22882,22891,22899,22907,22918,22921,22925
22935,22948,22955,22958,22961,22966,22969,22974,22977,22982,22987,22990,22993,22998,23001,23004,23009,23013,23016,23024
23032,23037,23041,23052,23065,23068,23073,23075,23077,23078,23079,23081,23082,23083,23084,23085,23086,23087,23088,23091
23093,23101,23109,23111,23112,23113,23114,23115,23116,23117,23118,23119,23120,23123,23125,23126,23127,23128,23129,23130
23132,23133,23134,23135,23136,23137,23138,23139,23140,23141,23142,23143,23144,23145,23147,23148,23149,23150,23151,23152
23153,23154,23155,23156,23157,23158,23159,23162,23163,23166,23167,23171,23176,23181,23185,23188,23191,23195,23196,23197
23198,23199,23200,23201,23202,23203,23204,23205,23206,23208,23212,23215,23218,23222,23225,23229,23233,23236,23239,23242
23246,23248,23252,23255,23256,23258,23259,23265,23268,23270,23271,23272,23273,23277,23280,23282,23283,23284,23285,23286
23287,23288,23289,23290,23291,23292,23293,23294,23295,23296,23297,23298,23299,23300,23301,23302,23303,23304,23305,23306
23307,23308,23309,23310,23311,23312,23313,23314,23315,23316,23317,23318,23319,23320,23321,23323,23325,23327,23329,23330
23331,23332,23333,23334,23335,23337,23339,23340,23341,23342,23343,23345,23347,23348,23349,23350,23351,23352,23354,23356
23358,23360,23362,23363,23364,23365,23366,23369,23370,23373,23374,23377,23378,23379,23380,23381,23383,23384,23385,23387
23388,23390,23392,23393,23399,23409,23413,23417,23427,23429,23437,23441,23443,23451,23459,23461,23469,23475,23481,23491
23497,23498,23499,23500,23501,23502,23504,23505,23506,23507,23508,23509,23510,23513,23515,23516,23517,23518,23519,23521
23522,23523,23525,23526,23527,23528,23531,23532,23533,23534,23535,23536,23537,23538,23539,23540,23554,23557,23558,23561
23563,23565,23568,23569,23572,23574,23576,23579,23581,23584,23586,23589,23590,23591,23593,23596,23599,23600,23602,23605
23608,23610,23613,23615,23617,23618,23619,23621,23623,23625,23626,23628,23631,23633,23636,23639,23641,23643,23644,23646
23649,23650,23651,23654,23656,23659,23661,23664,23667,23669,23671,23673,23675,23676,23678,23680,23681,23682,23684,23687
23688,23689,23692,23693,23696,23698,23700,23701,23702,23703,23704,23706,23709,23711,23713,23715,23717,23719,23722,23724
23726,23727,23728,23731,23733,23735,23738,23740,23743,23745,23748,23750,23752,23755,23757,23759,23761,23763,23766,23768
23770,23772,23775,23778,23781,23782,23783,23784,23786,23789,23791,23806,23807,23808,23809,23812,23816,23819,23822,23832
23840,23848,23851,23859,23867,23874,23875,23876,23877,23882,23885,23888,23893,23899,23903,23907,23909,23911,23912,23916
23920,23926,23933,23939,23946,23952,23954,23955,23957,23958,23962,23964,23966,23976,23985,23986,23987,23992,23999,24005
24012,24013,24017,24019,24020,24021,24022,24025,24027,24031,24033,24036,24038,24039,24040,24041,24042,24043,24046,24048
24051,24054,24056,24057,24058,24060,24062,24065,24068,24070,24072,24074,24077,24078,24082,24084,24088,24090,24094,24096
24098,24102,24104,24108,24110,24111,24114,24117,24119,24120,24121,24123,24125,24127,24129,24131,24133,24136,24138,24141
24143,24146,24148,24154,24155,24157,24160,24162,24164,24167,24169,24172,24175,24177,24180,24182,24184,24185,24187,24189
24191,24194,24195,24196,24197,24201,24202,24203,24207,24209,24210,24211,24212,24213,24214,24215,24216,24217,24218,24219
24222,24224,24226,24227,24228,24230,24232,24234,24236,24238,24240,24242,24244,24246,24248,24250,24252,24254,24256,24258
24259,24263,24264,24265,24266,24267,24269,24270,24272,24274,24277,24279,24281,24282,24284,24285,24287,24289,24290,24291
24292,24293,24294,24295,24296,24301,24304,24307,24314,24317,24320,24323,24328,24331,24334,24337,24339,24342,24344,24348
24349,24350,24353,24356,24357,24358,24359,24362,24363,24364,24365,24366,24369,24372,24375,24378,24379,24380,24383,24386
24388,24390,24393,24395,24397,24399,24403,24406,24409,24412,24415,24417,24420,24424,24427,24430,24432,24436,24440,24442
24444,24446,24448,24451,24453,24455,24458,24462,24466,24469,24472,24475,24478,24481,24487,24493,24499,24503,24509,24515
24520,24521,24528,24533,24540,24544,24550,24553,24556,24557,24559,24560,24561,24562,24564,24566,24567,24569,24570,24572
24573,24576,24579,24582,24584,24587,24588,24589,24591,24592,24595,24598,24601,24604,24606,24607,24608,24611,24614,24617
24618,24619,24623,24626,24629,24630,24634,24635,24636,24637,24638,24640,24642,24643,24647,24651,24652,24653,24654,24656
24658,24659,24660,24661,24662,24663,24664,24668,24669,24673,24674,24677,24680,24684,24685,24688,24690,24691,24692,24695
24698,24700,24703,24704,24705,24706,24708,24711,24714,24717,24719,24722,24724,24726,24729,24731,24734,24736,24739,24741
24743,24744,24748,24749,24750,24751,24752,24753,24754,24755,24756,24757,24761,24762,24763,24764,24765,24766,24767,24768
24769,24770,24771,24772,24773,24774,24775,24776,24777,24778,24779,24780,24781,24782,24783,24784,24786,24787,24789,24793
24796,24797,24800,24801,24802,24803,24804,24805,24806,24808,24810,24811,24812,24813,24814,24815,24816,24823,24827,24832
24833,24835,24842,24847,24852,24853,24854,24855,24856,24860,24861,24862,24863,24864,24865,24866,24871,24875,24882,24888
24889,24896,24897,24904,24911,24912,24913,24914,24915,24916,24917,24918,24919,24920,24921,24922,24923,24924,24925,24926
24927,24928,24929,24931,24933,24937,24939,24941,24944,24945,24946,24956,24960,24968,24972,24976,24986,24996,25000,25001
25002,25004,25005,25007,25010,25013,25015,25017,25018,25020,25022,25024,25025,25027,25029,25031,25032,25033,25034,25036
25037,25038,25039,25040,25041,25042,25043,25044,25045,25046,25047,25048,25050,25053,25055,25058,25059,25061,25062,25065
25067,25068,25071,25074,25077,25079,25082,25085,25086,25088,25090,25092,25094,25097,25100,25102,25104,25105,25108,25111
25113,25115,25116,25117,25120,25121,25123,25125,25128,25131,25133,25135,25138,25142,25144,25145,25146,25147,25148,25149
25150,25151,25153,25155,25157,25158,25162,25163,25164,25167,25170,25174,25177,25180,25183,25186,25190,25194,25197,25200
25203,25206,25209,25212,25215,25218,25221,25224,25228,25231,25234,25237,25241,25244,25247,25251,25255,25258,25261,25262
25263,25268,25271,25274,25277,25282,25287,25291,25295,25299,25302,25306,25310,25312,25315,25318,25319,25320,25321,25324
25331,25334,25336,25340,25344,25348,25352,25356,25362,25365,25368,25370,25373,25377,25383,25389,25392,25395,25399,25403
25406,25409,25413,25418,25419,25420,25424,25425,25429,25433,25437,25443,25448,25453,25454,25458,25460,25461,25464,25469
25476,25481,25485,25486,25489,25492,25496,25500,25504,25507,25510,25513,25519,25526,25531,25532,25534,25535,25541,25542
25544,25549,25553,25557,25561,25565,25569,25578,25581,25585,25588,25593,25598,25600,25602,25609,25614,25617,25621,25625
25629,25631,25632,25634,25637,25639,25641,25644,25648,25651,25654,25655,25659,25662,25663,25664,25666,25668,25670,25671
25674,25677,25679,25680,25683,25684,25687,25691,25693,25694,25695,25700,25703,25706,25710,25715,25718,25723,25728,25732
25735,25740,25746,25750,25752,25754,25759,25764,25767,25770,25775,25778,25783,25788,25793,25797,25799,25804,25807,25812
25813,25814,25815,25816,25817,25818,25819,25820,25821,25822,25823,25824,25825,25826,25827,25828,25829,25830,25831,25832
25833,25834,25835,25839,25843,25844,25845,25846,25847,25848,25851,25854,25857,25860,25863,25865,25866,25867,25870,25873
25876,25879,25882,25885,25888,25891,25894,25897,25900,25903,25906,25909,25912,25915,25918,25921,25924,25925,25926,25927
25930,25933,25936,25939,25942,25945,25948,25951,25954,25957,25958,25959,25960,25961,25962,25963,25964,25966,25968,25971
25972,25973,25974,25975,25976,25977,25978,25979,25980,25981,25982,25983,25984,25987,25994,25997,26000,26002,26003,26004
26005,26006,26007,26008,26009,26010,26011,26012,26013,26014,26015,26031,26038,26039,26040,26043,26046,26049,26052,26055
26060,26068,26074,26081,26087,26091,26101,26116,26117,26118,26124,26131,26137,26140,26143,26146,26148,26150,26151,26152
26155,26158,26166,26169,26172,26174,26178,26185,26186,26192,26193,26194,26195,26196,26200,26203,26206,26209,26210,26211
26212,26219,26222,26231,26238,26239,26249,26259,26266,26267,26277,26284,26291,26301,26312,26322,26323,26330,26340,26360
26361,26362,26363,26364,26365,26366,26367,26368,26369,26370,26371,26372,26373,26374,26375,26376,26377,26378,26379,26382
26385,26387,26389,26391,26393,26395,26397,26399,26401,26403,26405,26407,26409,26411,26413,26415,26416,26419,26422,26423
26424,26425,26426,26428,26430,26433,26435,26436,26437,26438,26439,26440,26443,26444,26445,26446,26447,26448,26449,26450
26451,26453,26454,26455,26456,26457,26458,26459,26460,26461,26462,26463,26464,26465,26466,26467,26468,26469,26470,26471
26472,26476,26479,26483,26486,26490,26494,26497,26501,26505,26506,26507,26508,26509,26510,26513,26514,26517,26518,26519
26520,26521,26522,26523,26524,26525,26526,26527,26528,26529,26530,26531,26532,26533,26534,26535,26536,26537,26538,26539
26541,26544,26547,26549,26550,26552,26554,26555,26556,26559,26562,26563,26564,26565,26567,26571,26575,26577,26581,26583
26585,26589,26591,26595,26597,26601,26603,26607,26611,26613,26617,26619,26623,26625,26626,26627,26630,26631,26632,26633
26634,26638,26642,26646,26648,26652,26653,26654,26657,26661,26666,26668,26671,26672,26674,26675,26676,26678,26683,26688
26690,26694,26695,26697,26698,26699,26700,26701,26702,26703,26705,26707,26708,26709,26710,26711,26712,26713,26715,26716
26717,26718,26719,26720,26721,26722,26723,26724,26725,26726,26727,26729,26730,26733,26735,26737,26739,26741,26744,26745
26746,26747,26748,26750,26752,26753,26754,26755,26756,26757,26758,26759,26760,26761,26762,26764,26766,26770,26772,26775
26778,26780,26784,26786,26787,26792,26797,26801,26804,26808,26812,26814,26815,26820,26824,26829,26836,26843,26850,26853
26854,26855,26864,26871,26879,26886,26887,26892,26897,26904,26910,26911,26912,26913,26918,26922,26928,26929,26931,26932
26933,26934,26935,26938,26941,26942,26946,26949,26952,26954,26957,26958,26960,26962,26965,26969,26970,26971,26972,26973
26974,26975,26980,26981,26982,26988,26992,26994,26999,27002,27006,27009,27013,27016,27019,27023,27026,27030,27033,27037
27040,27044,27047,27049,27051,27055,27058,27062,27065,27069,27071,27072,27076,27077,27078,27079,27080,27081,27082,27083
27084,27085,27086,27087,27088,27089,27090,27091,27092,27093,27094,27095,27096,27097,27098,27099,27100,27102,27104,27105
27106,27108,27109,27110,27113,27116,27119,27122,27125,27132,27138,27146,27151,27159,27167,27171,27178,27187,27193,27196
27198,27200,27202,27204,27206,27208,27209,27210,27213,27215,27219,27221,27223,27225,27227,27228,27229,27230,27231,27232
27233,27235,27237,27239,27241,27243,27244,27245,27246,27247,27248,27249,27250,27251,27252,27253,27254,27255,27256,27257
27258,27259,27260,27261,27262,27263,27264,27265,27266,27267,27268,27269,27270,27271,27272,27273,27274,27277,27280,27281
27284,27287,27290,27295,27299,27303,27308,27312,27317,27321,27324,27327,27329,27332,27333,27334,27335,27336,27339,27340
27341,27343,27345,27349,27351,27353,27355,27357,27358,27360,27362,27366,27369,27372,27373,27374,27376,27378,27379,27382
27386,27387,27389,27391,27394,27398,27401,27403,27407,27411,27413,27415,27416,27417,27418,27419,27420,27421,27422,27423
27424,27425,27426,27427,27428,27430,27432,27433,27434,27435,27436,27437,27438,27439,27440,27441,27442,27443,27444,27445
27446,27447,27448,27449,27451,27453,27455,27457,27459,27461,27463,27465,27466,27467,27469,27471,27472,27473,27475,27476
27477,27478,27481,27484,27487,27490,27491,27492,27493,27496,27497,27498,27501,27504,27507,27508,27511,27514,27517,27520
27525,27527,27529,27530,27531,27533,27535,27537,27538,27542,27544,27546,27547,27549,27550,27551,27552,27554,27556,27558
27559,27564,27572,27573,27575,27578,27579,27581,27582,27584,27585,27587,27593,27595,27599,27601,27602,27605,27606,27607
27609,27610,27612,27614,27617,27619,27621,27622,27623,27625,27628,27630,27631,27634,27640,27641,27646,27651,27655,27657
27664,27669,27675,27681,27688,27691,27696,27700,27706,27708,27710,27712,27714,27716,27718,27720,27722,27724,27727,27729
27731,27734,27738,27740,27742,27744,27746,27748,27749,27750,27751,27752,27753,27754,27755,27757,27758,27759,27761,27762
27764,27765,27767,27771,27775,27779,27783,27787,27791,27795,27796,27797,27798,27799,27800,27801,27802,27803,27804,27805
27806,27807,27808,27811,27814,27816,27817,27820,27822,27825,27827,27830,27833,27834,27835,27838,27840,27841,27842,27843
27848,27849,27850,27851,27854,27855,27856,27858,27861,27864,27866,27867,27868,27869,27870,27871,27873,27876,27879,27881
27884,27887,27890,27893,27896,27899,27902,27905,27909,27911,27913,27919,27925,27929,27931,27933,27935,27936,27938,27940
27942,27943,27945,27948,27950,27952,27954,27956,27959,27961,27971,27975,27978,27979,27981,27985,27986,27988,27988,27988
27989,27989,27989,27991,27995,27997,27999,28003,28006,28008,28010,28011,28013,28014,28016,28019,28021,28022,28024,28027
28028,28029,28030,28031,28032,28033,28035,28036,28037,28038,28039,28040,28041,28045,28050,28051,28053,28058,28060,28063
28065,28066,28068,28070,28075,28079,28082,28086,28089,28097,28100,28102,28104,28105,28106,28108,28111,28114,28116,28119
28121,28123,28126,28128,28135,28136,28138,28141,28143,28146,28148,28149,28151,28154,28156,28158,28160,28163,28167,28172
28174,28176,28177,28178,28180,28182,28184,28186,28191,28193,28196,28197,28199,28200,28202,28208,28210,28216,28218,28219
28222,28226,28229,28230,28232,28241,28243,28245,28247,28250,28252,28255,28257,28260,28263,28265,28268,28270,28272,28275
28277,28281,28285,28286,28289,28291,28296,28297,28299,28301,28305,28307,28312,28316,28318,28320,28322,28324,28326,28328
28331,28332,28333,28334,28335,28339,28341,28343,28346,28348,28351,28353,28356,28358,28361,28363,28366,28368,28371,28374
28376,28378,28381,28383,28386,28388,28391,28394,28395,28398,28400,28403,28405,28408,28410,28412,28415,28417,28419,28422
28424,28426,28428,28431,28433,28436,28439,28442,28446,28449,28451,28454,28457,28459,28461,28463,28467,28469,28469,28472
28474,28477,28480,28482,28483,28484,28486,28487,28489,28490,28491,28493,28495,28496,28498,28499,28501,28505,28507,28508
28510,28513,28516,28520,28522,28525,28527,28530,28533,28535,28538,28541,28543,28546,28548,28550,28552,28554,28556,28558
28560,28561,28563,28565,28567,28569,28569,28571,28573,28575,28577,28579,28581,28583,28585,28587,28588,28589,28590,28593
28596,28598,28599,28601,28602,28604,28605,28606,28607,28608,28609,28611,28615,28618,28622,28625,28635,28645,28648,28652
28658,28665,28669,28673,28676,28681,28687,28691,28694,28701,28702,28705,28708,28711,28713,28716,28718,28720,28722,28724
28726,28729,28731,28734,28736,28738,28740,28743,28745,28747,28749,28751,28754,28757,28760,28763,28764,28765,28767,28769
28771,28772,28773,28774,28775,28776,28778,28780,28782,28784,28786,28788,28790,28792,28794,28796,28798,28800,28802,28804
28806,28808,28810,28812,28814,28816,28821,28823,28825,28827,28829,28831,28833,28835,28837,28839,28845,28847,28851,28852
28853,28859,28864,28865,28867,28868,28874,28875,28877,28881,28882,28883,28885,28889,28891,28893,28899,28903,28904,28904
28906,28909,28910,28914,28915,28919,28921,28923,28924,28925,28930,28936,28941,28948,28954,28961,28967,28973,28975,28979
28982,28985,28986,28987,28990,28990,28994,28998,29003,29004,29004,29005,29006,29006,29007,29007,29008,29008,29010,29012
29014,29016,29018,29021,29023,29025,29028,29030,29032,29038,29042,29044,29048,29054,29055,29056,29057,29058,29059,29060
29061,29062,29063,29064,29065,29066,29067,29071,29074,29078,29081,29083,29086,29089,29092,29094,29097,29099,29103,29107
29111,29118,29124,29125,29126,29130,29133,29139,29142,29144,29146,29146,29147,29148,29149,29151,29154,29155,29156,29157
29158,29160,29162,29167,29172,29177,29182,29184,29186,29188,29190,29192,29194,29196,29198,29200,29202,29204,29206,29208
29210,29212,29214,29216,29218,29220,29222,29224,29226,29228,29230,29232,29234,29236,29238,29240,29242,29244,29246,29248
29250,29251,29253,29255,29257,29259,29261,29263,29264,29268,29270,29272,29275,29276,29277,29278,29280,29281,29283,29284
29285,29291,29293,29294,29298,29299,29301,29303,29307,29311,29315,29319,29320,29322,29323,29324,29325,29327,29330,29331
29334,29339,29342,29347,29350,29353,29358,29363,29368,29371,29376,29379,29380,29380,29386,29388,29390,29393,29397,29403
29405,29407,29411,29413,29415,29416,29418,29420,29422,29423,29425,29427,29429,29431,29432,29434,29436,29437,29438,29440
29441,29443,29445,29446,29449,29453,29454,29456,29457,29460,29461,29462,29464,29465,29466,29467,29470,29472,29473,29475
29476,29478,29480,29481,29483,29487,29488,29490,29492,29497,29499,29501,29505,29509,29516,29518,29519,29520,29521,29523
29524,29525,29526,29528,29529,29530,29532,29533,29534,29536,29537,29538,29539,29542,29543,29547,29548,29549,29550,29552
29557,29558,29559,29560,29563,29565,29566,29568,29569,29571,29575,29577,29578,29579,29580,29581,29584,29586,29587,29591
29593,29594,29596,29600,29602,29603,29605,29609,29610,29611,29613,29614,29615,29618,29619,29621,29625,29627,29628,29632
29633,29634,29635,29636,29637,29638,29639,29640,29641,29642,29643,29644,29646,29648,29650,29654,29656,29660,29663,29667
29671,29676,29680,29683,29688,29691,29693,29696,29699,29703,29706,29708,29711,29715,29717,29718,29720,29721,29725,29729
29732,29735,29740,29744,29749,29752,29753,29757,29760,29764,29765,29769,29773,29776,29778,29780,29781,29784,29787,29789
29792,29795,29798,29800,29802,29804,29806,29809,29812,29815,29821,29824,29827,29830,29834,29838,29842,29846,29848,29849
29851,29852,29854,29856,29859,29860,29863,29867,29870,29873,29876,29880,29884,29890,29894,29900,29904,29910,29915,29923
29925,29927,29929,29931,29933,29934,29937,29938,29940,29943,29945,29947,29951,29953,29955,29959,29963,29965,29966,29968
29969,29971,29972,29976,29979,29982,29988,29992,29995,29999,30004,30009,30014,30019,30023,30026,30029,30033,30038,30043
30046,30050,30053,30054,30056,30059,30062,30067,30071,30075,30076,30078,30083,30088,30090,30092,30096,30100,30102,30107
30112,30114,30117,30119,30120,30121,30122,30123,30124,30125,30128,30131,30134,30137,30140,30143,30146,30147,30148,30151
30152,30155,30158,30159,30162,30163,30166,30167,30170,30171,30174,30177,30178,30181,30182,30183,30184,30186,30188,30190
30192,30194,30196,30199,30201,30204,30206,30208,30210,30212,30214,30216,30219,30222,30224,30226,30228,30230,30233,30237
30239,30241,30244,30247,30249,30252,30255,30258,30259,30263,30265,30267,30269,30272,30276,30278,30283,30288,30293,30298
30303,30308,30313,30318,30321,30324,30327,30330,30333,30336,30338,30339,30340,30343,30345,30347,30349,30352,30355,30357
30359,30361,30363,30365,30367,30369,30371,30373,30375,30377,30379,30381,30383,30385,30387,30389,30391,30393,30395,30397
30399,30401,30403,30405,30407,30409,30411,30415,30419,30423,30427,30432,30437,30442,30446,30450,30455,30456,30457,30458
30459,30462,30465,30468,30469,30471,30472,30475,30476,30477,30479,30480,30482,30483,30485,30486,30487,30489,30491,30493
30494,30497,30499,30502,30504,30505,30507,30508,30509,30511,30513,30514,30517,30520,30521,30523,30524,30526,30536,30546
30548,30551,30553,30556,30558,30561,30564,30566,30568,30570,30573,30576,30578,30580,30583,30585,30587,30591,30595,30599
30603,30608,30612,30616,30621,30625,30629,30633,30637,30641,30645,30649,30653,30657,30661,30665,30669,30673,30677,30683
30686,30688,30691,30693,30696,30697,30699,30702,30705,30708,30711,30714,30717,30720,30723,30726,30729,30732,30735,30738
30741,30742,30746,30748,30755,30761,30768,30775,30779,30785,30789,30795,30799,30801,30804,30807,30810,30812,30815,30817
30820,30822,30824,30827,30830,30832,30835,30837,30840,30842,30845,30847,30849,30850,30851,30852,30853,30854,30857,30858
30859,30860,30861,30862,30863,30867,30871,30872,30875,30877,30878,30879,30882,30885,30887,30890,30894,30898,30900,30901
30904,30907,30909,30910,30911,30913,30914,30915,30916,30919,30921,30924,30926,30928,30931,30934,30936,30937,30939,30943
30947,30950,30952,30954,30957,30959,30961,30963,30965,30970,30973,30975,30976,30979,30987,30992,31000,31008,31016,31017
31018,31019,31020,31021,31022,31023,31030,31031,31032,31037,31042,31045,31046,31047,31049,31051,31054,31057,31060,31061
31065,31067,31068,31069,31070,31071,31072,31073,31074,31075,31076,31077,31078,31079,31080,31081,31082,31083,31084,31085
31086,31087,31088,31089,31090,31092,31093,31095,31096,31098,31101,31103,31105,31108,31109,31109,31112,31114,31116,31119
31121,31123,31125,31127,31129,31131,31133,31135,31137,31139,31141,31143,31145,31147,31149,31151,31153,31153,31155,31157
31159,31160,31160,31161,31161,31163,31163,31163,31165,31165,31165,31167,31169,31170,31171,31175,31179,31183,31187,31191
31195,31196,31197,31200,31201,31204,31207,31208,31209,31213,31214,31219,31224,31228,31234,31238,31240,31243,31245,31247
31248,31250,31251,31253,31256,31258,31260,31262,31263,31265,31267,31269,31270,31272,31273,31275,31278,31280,31284,31286
31288,31290,31292,31295,31298,31300,31302,31305,31306,31308,31310,31311,31314,31317,31319,31321,31323,31325,31329,31330
31332,31334,31337,31339,31342,31344,31347,31349,31352,31354,31357,31360,31362,31364,31368,31371,31374,31376,31377,31378
31382,31383,31384,31385,31386,31388,31391,31393,31395,31399,31402,31404,31406,31409,31411,31413,31417,31420,31422,31424
31428,31429,31430,31431,31432,31433,31434,31435,31436,31437,31439,31440,31441,31443,31444,31447,31450,31451,31452,31453
31456,31459,31461,31463,31466,31469,31472,31475,31478,31481,31484,31487,31490,31493,31496,31499,31502,31505,31508,31511
31513,31519,31520,31522,31523,31524,31526,31527,31529,31531,31532,31533,31535,31536,31538,31539,31540,31542,31544,31545
31547,31548,31550,31551,31553,31555,31556,31557,31559,31561,31563,31564,31565,31567,31568,31570,31572,31574,31575,31575
31576,31584,31584,31584,31586,31587,31588,31588,31589,31589,31589,31590,31590,31591,31591,31592,31594,31596,31598,31600
31602,31604,31610,31618,31620,31622,31624,31626,31628,31630,31632,31634,31636,31642,31644,31646,31648,31650,31652,31654
31656,31658,31660,31662,31664,31666,31668,31670,31672,31674,31676,31678,31680,31682,31684,31686,31688,31690,31692,31694
31696,31698,31700,31702,31704,31706,31714,31716,31718,31720,31722,31724,31728,31730,31735,31738,31741,31744,31747,31748
31751,31754,31757,31760,31764,31767,31770,31773,31776,31779,31782,31786,31789,31793,31796,31799,31802,31805,31808,31811
31814,31817,31820,31823,31826,31829,31831,31834,31840,31841,31844,31847,31852,31854,31857,31859,31862,31865,31867,31870
31872,31875,31877,31879,31882,31885,31887,31888,31891,31894,31897,31900,31903,31906,31909,31912,31915,31920,31925,31930
31935,31937,31939,31941,31951,31955,31958,31961,31965,31969,31972,31976,31979,31982,31983,31984,31985,31993,32002,32010
32019,32024,32029,32038,32043,32044,32046,32048,32050,32053,32056,32058,32062,32065,32068,32070,32075,32079,32083,32088
32092,32094,32097,32099,32101,32104,32107,32109,32112,32114,32117,32121,32126,32131,32135,32140,32141,32142,32143,32147
32149,32151,32152,32153,32157,32158,32159,32161,32165,32166,32169,32171,32175,32179,32181,32182,32185,32188,32189,32194
32196,32197,32200,32202,32210,32219,32220,32222,32225,32226,32232,32235,32236,32239,32240,32241,32245,32246,32249,32255
32256,32257,32260,32261,32265,32266,32270,32273,32274,32277,32278,32282,32288,32295,32297,32302,32303,32307,32310,32311
32316,32322,32324,32328,32335,32339,32342,32343,32344,32345,32346,32347,32350,32351,32353,32357,32361,32362,32365,32366
32372,32375,32376,32377,32383,32386,32389,32395,32399,32404,32412,32415,32423,32428,32434,32437,32439,32442,32443,32446
32450,32451,32452,32455,32457,32462,32474,32482,32489,32497,32503,32506,32510,32518,32523,32525,32531,32534,32540,32541
32545,32549,32553,32554,32558,32560,32562,32563,32566,32571,32576,32579,32581,32583,32585,32588,32591,32593,32596,32598
32601,32603,32605,32606,32607,32608,32609,32610,32611,32613,32615,32616,32618,32621,32623,32625,32628,32630,32633,32635
32637,32640,32643,32646,32651,32653,32655,32657,32659,32661,32664,32666,32668,32671,32673,32675,32677,32680,32683,32685
32687,32690,32692,32694,32696,32699,32701,32705,32709,32713,32715,32717,32719,32722,32725,32726,32727,32728,32732,32739
32743,32746,32748,32749,32750,32756,32757,32758,32759,32760,32761,32764,32766,32768,32771,32774,32778,32780,32781,32783
32788,32790,32795,32800,32805,32810,32816,32817,32820,32823,32826,32828,32830,32833,32836,32838,32841,32843,32845,32847
32850,32852,32855,32857,32859,32860,32861,32862,32865,32866,32867,32868,32869,32870,32871,32872,32873,32874,32875,32876
32879,32880,32881,32883,32886,32887,32888,32889,32890,32891,32892,32893,32894,32895,32896,32897,32898,32899,32900,32901
32902,32903,32904,32905,32906,32907,32908,32909,32911,32913,32914,32915,32916,32917,32918,32920,32922,32924,32925,32926
32927,32928,32930,32931,32933,32934,32935,32936,32937,32939,32941,32943,32946,32948,32951,32954,32956,32957,32963,32964
32965,32966,32967,32972,32977,32978,32979,32980,32981,32982,32983,32984,32985,32986,32987,32988,32990,32992,32994,32996
32997,32999,33001,33002,33004,33005,33006,33008,33009,33011,33013,33014,33016,33018,33019,33021,33023,33025,33027,33029
33031,33033,33035,33037,33039,33043,33045,33046,33048,33050,33053,33056,33058,33061,33063,33065,33068,33071,33072,33074
33077,33079,33082,33085,33088,33091,33094,33097,33099,33102,33105,33107,33110,33113,33116,33120,33123,33128,33133,33138
33143,33145,33146,33148,33150,33154,33156,33158,33160,33162,33163,33164,33165,33166,33167,33168,33170,33172,33178,33182
33186,33189,33193,33196,33199,33203,33206,33210,33213,33217,33220,33224,33226,33227,33229,33230,33231,33233,33236,33238
33239,33241,33242,33246,33247,33250,33253,33260,33263,33266,33267,33268,33271,33274,33281,33284,33287,33290,33292,33295
33299,33303,33305,33308,33310,33312,33313,33314,33316,33318,33322,33326,33330,33334,33336,33338,33342,33344,33346,33350
33352,33354,33356,33358,33360,33362,33364,33366,33372,33376,33378,33380,33382,33384,33387,33389,33391,33393,33394,33395
33396,33397,33398,33399,33400,33401,33402,33404,33406,33411,33413,33414,33416,33418,33420,33422,33424,33426,33428,33430
33434,33437,33441,33444,33448,33454,33462,33465,33468,33472,33478,33482,33485,33489,33495,33500,33517,33534,33540,33546
33552,33560,33569,33581,33583,33591,33597,33603,33611,33615,33621,33623,33625,33627,33629,33631,33633,33635,33637,33638
33641,33644,33645,33648,33649,33652,33653,33656,33657,33667,33668,33673,33674,33677,33678,33687,33688,33691,33692,33696
33698,33701,33702,33705,33709,33710,33713,33716,33717,33718,33721,33724,33725,33728,33729,33731,33736,33737,33739,33743
33746,33748,33752,33753,33756,33757,33759,33760,33762,33764,33766,33768,33771,33773,33774,33778,33779,33780,33781,33782
33785,33789,33790,33791,33792,33793,33794,33795,33798,33799,33801,33804,33805,33807,33810,33812,33815,33818,33820,33823
33825,33826,33827,33828,33829,33831,33832,33833,33835,33837,33839,33840,33842,33843,33844,33845,33847,33848,33849,33851
33853,33854,33856,33857,33860,33861,33862,33864,33867,33868,33869,33871,33873,33877,33879,33881,33883,33886,33888,33890
33894,33897,33899,33901,33902,33903,33905,33909,33911,33913,33917,33919,33921,33923,33925,33928,33929,33932,33935,33936
33945,33946,33949,33953,33954,33963,33969,33978,33984,33985,33986,33989,34000,34003,34009,34011,34012,34015,34016,34019
34020,34029,34035,34040,34047,34050,34055,34056,34059,34060,34063,34065,34066,34068,34069,34070,34071,34073,34074,34076
34083,34085,34086,34094,34101,34104,34107,34113,34119,34125,34131,34132,34134,34143,34146,34149,34152,34159,34162,34164
34168,34170,34172,34174,34178,34179,34181,34185,34186,34187,34189,34191,34193,34195,34196,34203,34207,34210,34213,34217
34218,34221,34222,34225,34226,34227,34230,34233,34234,34237,34238,34241,34243,34247,34249,34251,34254,34255,34258,34258
34260,34265,34270,34271,34273,34275,34278,34280,34283,34286,34288,34290,34291,34293,34295,34297,34300,34304,34306,34310
34314,34317,34326,34328,34330,34333,34335,34337,34339,34344,34346,34350,34355,34359,34363,34367,34370,34373,34375,34378
34382,34386,34389,34391,34392,34394,34402,34406,34408,34410,34412,34418,34424,34429,34431,34433,34434,34438,34440,34444
34448,34452,34454,34455,34457,34459,34460,34461,34465,34471,34477,34481,34487,34491,34495,34499,34505,34509,34515,34519
34525,34531,34535,34539,34543,34547,34553,34559,34563,34569,34573,34575,34579,34583,34585,34587,34591,34593,34597,34599
34600,34601,34603,34604,34609,34613,34618,34620,34622,34625,34626,34628,34631,34634,34638,34643,34650,34651,34652,34653
34654,34656,34657,34667,34674,34676,34678,34681,34684,34685,34686,34687,34690,34692,34693,34695,34696,34698,34699,34700
34700,34705,34706,34707,34708,34710,34713,34716,34719,34720,34721,34722,34726,34728,34729,34730,34731,34732,34734,34737
34739,34741,34744,34746,34749,34751,34754,34756,34759,34761,34763,34766,34768,34771,34774,34776,34777,34778,34779,34780
34782,34783,34785,34787,34788,34789,34791,34794,34798,34800,34804,34806,34807,34809,34813,34814,34816,34819,34823,34824
34826,34827,34828,34830,34832,34833,34835,34836,34837,34838,34839,34840,34841,34842,34846,34850,34854,34859,34864,34866
34868,34870,34872,34874,34878,34882,34884,34887,34889,34893,34895,34897,34899,34903,34905,34908,34912,34914,34916,34918
34919,34922,34923,34924,34925,34928,34931,34932,34933,34934,34936,34937,34940,34941,34942,34944,34946,34947,34948,34949
34953,34959,34961,34963,34965,34967,34968,34970,34981,34982,34993,34994,34996,34998,34999,35000,35001,35003,35005,35007
35009,35011,35012,35014,35017,35019,35022,35024,35026,35028,35031,35033,35036,35038,35039,35040,35042,35045,35047,35048
35050,35053,35056,35059,35061,35063,35065,35067,35070,35071,35073,35074,35075,35076,35081,35082,35083,35084,35091,35096
35097,35098,35103,35104,35105,35106,35107,35108,35109,35110,35111,35112,35113,35114,35118,35119,35120,35121,35122,35123
35124,35128,35129,35130,35137,35138,35143,35144,35145,35146,35153,35156,35158,35161,35163,35166,35167,35169,35171,35172
35173,35175,35178,35181,35183,35185,35187,35189,35192,35195,35199,35205,35209,35215,35219,35225,35231,35235,35241,35245
35249,35255,35259,35263,35267,35273,35279,35283,35289,35291,35293,35295,35297,35299,35304,35309,35311,35313,35315,35317
35319,35321,35323,35325,35327,35331,35336,35338,35341,35344,35346,35348,35350,35352,35354,35356,35358,35363,35367,35369
35371,35373,35378,35380,35382,35384,35388,35392,35395,35397,35399,35401,35403,35405,35407,35414,35422,35425,35429,35432
35434,35436,35438,35440,35442,35444,35446,35450,35452,35454,35457,35458,35460,35462,35465,35466,35468,35470,35471,35472
35474,35475,35478,35480,35483,35485,35487,35489,35491,35494,35496,35499,35502,35504,35506,35508,35510,35513,35515,35518
35521,35523,35526,35529,35531,35533,35535,35539,35541,35543,35545,35547,35549,35551,35553,35554,35556,35558,35560,35561
35562,35564,35566,35568,35570,35571,35573,35574,35576,35578,35579,35581,35583,35584,35590,35595,35599,35602,35606,35609
35610,35611,35611,35611,35615,35618,35623,35627,35628,35629,35631,35632,35632,35632,35632,35632,35632,35632,35632,35632
35633,35634,35638,35641,35647,35652,35657,35661,35666,35670,35671,35672,35678,35683,35688,35692,35696,35699,35703,35706
35706,35707,35708,35714,35719,35725,35730,35730,35730,35736,35741,35744,35744,35747,35748,35749,35750,35751,35752,35753
35754,35755,35756,35757,35758,35759,35760,35761,35762,35763,35764,35765,35766,35767,35768,35769,35770,35771,35772,35773
35775,35779,35779,35779,35779,35779,35779,35779,35779,35779,35779,35779,35779,35779,35779,35780,35781,35781,35781,35781
35781,35781,35781,35782,35782,35783,35783,35783,35783,35785,35785,35785,35785,35785,35785,35785,35785,35790,35790,35790
35795,35795,35795,35795,35795,35795,35796,35796,35796,35796,35798,35800,35800,35800,35801,35801,35801,35801,35801,35801
35801,35802,35803,35803,35803,35803,35803,35803,35803,35803,35803,35803,35803,35803,35803,35803,35803,35803,35806,35806
35806,35806,35807,35808,35808,35808,35808,35808,35808,35808,35808,35808,35808,35811,35813,35813,35816,35818,35818,35818
35818,35818,35818,35818,35818,35818,35819,35819,35819,35819,35819,35820,35821,35821,35821,35821,35821,35821,35821,35821
35821,35821,35821,35821,35821,35821,35824,35826,35828,35831,35834,35836,35840,35842,35844,35848,35852,35857,35859,35861
35873,35877,35881,35885,35889,35891,35893,35896,35901,35904,35909,35911,35914,35917,35919,35922,35926,35930,35934,35935
35936,35937,35938,35940,35942,35943,35944,35945,35946,35949,35952,35955,35955,35958,35963,35966,35968,35970,35972,35974
35976,35978,35980,35982,35984,35986,35987,35988,35988,35989,35990,35991,35992,35995,35998,36000,36002,36005,36008,36012
36016,36020,36020,36020,36020,36020,36020,36020,36025,36026,36031,36032,36033,36034,36037,36040,36047,36052,36053,36056
36059,36067,36077,36080,36080,36083,36086,36089,36092,36104,36117,36121,36125,36129,36133,36133,36133,36133,36133,36133
36133,36134,36135,36137,36143,36149,36152,36155,36161,36162,36168,36174,36177,36180,36182,36184,36193,36195,36197,36199
36205,36208,36210,36211,36216,36221,36227,36228,36229,36231,36234,36240,36243,36245,36250,36253,36262,36277,36281,36288
36294,36301,36307,36307,36307,36307,36307,36317,36320,36320,36320,36322,36322,36323,36327,36329,36331,36333,36335,36336
36337,36338,36340,36341,36343,36345,36346,36353,36355,36360,36365,36371,36377,36377,36378,36384,36390,36394,36398,36400
36401,36403,36405,36405,36405,36407,36407,36407,36410,36412,36412,36414,36418,36423,36426,36428,36430,36433,36435,36439
36440,36443,36449,36452,36454,36458,36461,36467,36469,36479,36485,36492,36500,36501,36502,36503,36504,36505,36507,36510
36515,36520,36524,36528,36533,36535,36537,36538,36540,36543,36545,36548,36549,36552,36555,36556,36557,36557,36557,36558
36559,36560,36561,36564,36567,36568,36569,36572,36575,36576,36579,36582,36585,36588,36591,36594,36597,36600,36603,36604
36605,36606,36608,36610,36611,36612,36613,36616,36617,36618,36621,36624,36625,36631,36634,36639,36640,36643,36644,36647
36650,36651,36658,36660,36662,36664,36667,36673,36679,36682,36684,36687,36687,36690,36693,36696,36699,36705,36708,36712
36715,36718,36721,36727,36730,36735,36738,36741,36746,36747,36750,36753,36756,36759,36762,36765,36769,36782,36785,36790
36793,36793,36796,36799,36799,36802,36805,36808,36811,36814,36817,36820,36823,36824,36826,36831,36836,36841,36856,36858
36859,36861,36864,36867,36868,36870,36871,36873,36876,36879,36881,36883,36884,36885,36887,36889,36890,36895,36899,36900
36903,36908,36913,36916,36917,36918,36919,36921,36926,36928,36930,36933,36935,36936,36941,36942,36947,36949,36951,36952
36954,36959,36964,36969,36974,36979,36980,36981,36983,36986,36988,36989,36992,36994,36995,36996,36998,37003,37010,37014
37018,37022,37027,37031,37035,37039,37043,37047,37051,37055,37059,37063,37067,37071,37075,37079,37083,37087,37091,37098
37100,37102,37106,37110,37112,37114,37118,37123,37127,37131,37135,37139,37143,37147,37149,37151,37155,37159,37161,37166
37173,37177,37181,37185,37189,37191,37195,37197,37199,37202,37209,37213,37217,37221,37225,37229,37233,37236,37239,37241
37243,37243,37246,37248,37252,37255,37256,37260,37264,37267,37270,37273,37276,37279,37281,37282,37285,37290,37294,37300
37310,37315,37316,37317,37318,37319,37320,37321,37322,37323,37324,37325,37326,37327,37328,37332,37336,37340,37344,37346
37348,37358,37358,37361,37364,37367,37370,37373,37376,37379,37382,37386,37391,37396,37396,37397,37399,37401,37402,37403
37406,37409,37412,37415,37417,37419,37419,37419,37420,37421,37423,37424,37426,37426,37426,37430,37434,37438,37442,37455
37460,37465,37470,37479,37483,37495,37507,37519,37524,37529,37541,37554,37563,37575,37588,37596,37598,37602,37605,37609
37610,37613,37614,37615,37618,37622,37626,37628,37630,37632,37639,37641,37644,37648,37652,37656,37660,37664,37668,37672
37676,37680,37684,37688,37692,37693,37694,37695,37696,37697,37698,37699,37700,37701,37702,37706,37709,37711,37711,37714
37714,37714,37718,37722,37726,37729,37730,37731,37733,37733,37733,37734,37734,37736,37737,37738,37738,37740,37742,37742
37742,37742,37744,37749,37750,37750,37751,37753,37755,37757,37759,37761,37763,37765,37767,37768,37774,37776,37779,37783
37785,37787,37789,37791,37793,37795,37797,37799,37801,37803,37805,37808,37811,37815,37819,37823,37827,37831,37833,37835
37837,37839,37841,37844,37847,37850,37853,37857,37859,37861,37863,37865,37867,37870,37873,37877,37881,37885,37887,37889
37893,37897,37901,37903,37905,37909,37912,37914,37917,37920,37921,37924,37926,37930,37934,37938,37941,37943,37945,37947
37953,37955,37957,37961,37965,37967,37969,37971,37973,37976,37978,37980,37982,37984,37986,37990,37992,37994,37997,38000
38005,38008,38010,38012,38014,38017,38019,38024,38027,38028,38031,38034,38037,38039,38040,38046,38048,38050,38052,38054
38056,38058,38060,38062,38064,38066,38068,38070,38072,38074,38076,38078,38078,38078,38080,38082,38082,38082,38083,38085
38087,38088,38090,38092,38094,38094,38094,38094,38094,38096,38097,38098,38099,38100,38102,38104,38108,38108,38109,38110
38117,38122,38124,38126,38128,38130,38132,38134,38136,38140,38143,38144,38147,38148,38151,38152,38153,38154,38155,38158
38166,38176,38181,38187,38190,38194,38197,38201,38205,38208,38209,38213,38218,38220,38221,38223,38227,38229,38231,38233
38235,38240,38241,38246,38251,38253,38255,38257,38259,38261,38263,38265,38270,38275,38277,38279,38281,38283,38284,38286
38287,38289,38291,38293,38295,38297,38299,38301,38303,38304,38305,38307,38309,38311,38313,38314,38316,38318,38322,38324
38328,38330,38332,38334,38334,38335,38337,38337,38338,38345,38352,38358,38361,38362,38370,38375,38376,38381,38384,38387
38390,38392,38394,38394,38394,38397,38400,38403,38411,38411,38415,38418,38420,38422,38424,38426,38428,38431,38434,38438
38440,38442,38444,38446,38448,38452,38454,38456,38459,38463,38466,38468,38470,38472,38474,38478,38480,38482,38484,38486
38488,38501,38501,38501,38501,38504,38507,38512,38512,38512,38512,38512,38512,38512,38512,38512,38512,38512,38512,38512
38512,38512,38515,38517,38524,38528,38532,38534,38540,38541,38542,38543,38544,38545,38546,38547,38548,38548,38554,38560
38560,38566,38566,38566,38571,38577,38577,38577,38577,38585,38595,38596,38598,38598,38600,38602,38602,38602,38604,38604
38606,38608,38610,38612,38614,38616,38618,38620,38621,38623,38641,38648,38649,38651,38653,38659,38663,38666,38669,38672
38680,38688,38691,38691,38692,38693,38694,38697,38700,38703,38706,38709,38712,38715,38718,38721,38723,38725,38733,38737
38741,38745,38749,38753,38753,38753,38753,38753,38753,38755,38756,38758,38759,38760,38761,38761,38765,38769,38770,38771
38773,38774,38776,38777,38779,38784,38789,38794,38799,38804,38805,38808,38810,38812,38814,38816,38818,38820,38822,38825
38828,38830,38832,38834,38835,38836,38838,38841,38846,38847,38850,38851,38852,38855,38858,38861,38862,38866,38866,38870
38873,38877,38880,38884,38887,38892,38896,38897,38899,38899,38900,38902,38903,38904,38905,38906,38907,38908,38909,38910
38911,38912,38913,38914,38915,38916,38917,38919,38921,38922,38924,38925,38926,38927,38928,38929,38930,38931,38932,38933
38934,38935,38937,38940,38943,38946,38949,38952,38955,38958,38961,38963,38966,38969,38970,38973,38976,38978,38981,38984
38987,38990,38993,38996,38997,38998,39002,39004,39006,39007,39010,39012,39017,39018,39019,39020,39021,39022,39023,39024
39026,39028,39029,39030,39032,39034,39035,39036,39037,39039,39041,39043,39045,39049,39050,39051,39052,39053,39057,39061
39062,39063,39064,39065,39066,39067,39068,39069,39070,39071,39072,39073,39074,39075,39076,39077,39078,39079,39080,39081
39082,39083,39084,39085,39086,39087,39088,39090,39091,39092,39093,39094,39095,39096,39097,39098,39099,39101,39109,39111
39114,39117,39118,39119,39120,39121,39123,39124,39125,39127,39129,39130,39131,39133,39135,39137,39139,39141,39143,39144
39145,39147,39149,39150,39152,39154,39155,39156,39157,39158,39160,39161,39163,39165,39167,39169,39171,39175,39183,39185
39186,39188,39190,39191,39192,39193,39194,39195,39196,39197,39198,39199,39201,39203,39205,39206,39210,39212,39214,39216
39218,39220,39222,39224,39226,39228,39230,39232,39234,39244,39249,39251,39253,39255,39257,39259,39261,39263,39265,39267
39269,39271,39273,39275,39277,39279,39281,39283,39284,39285,39286,39287,39289,39290,39292,39294,39295,39296,39297,39298
39299,39300,39303,39305,39307,39309,39311,39313,39315,39317,39319,39321,39323,39325,39327,39328,39329,39330,39332,39333
39334,39336,39337,39339,39341,39342,39343,39345,39346,39347,39349,39350,39351,39352,39353,39354,39355,39357,39358,39361
39363,39365,39367,39369,39370,39371,39372,39373,39375,39377,39379,39381,39383,39385,39387,39389,39391,39393,39395,39397
39399,39402,39404,39406,39407,39408,39409,39410,39411,39412,39414,39415,39417,39418,39419,39420,39422,39424,39425,39427
39428,39429,39431,39433,39434,39435,39436,39438,39440,39441,39443,39444,39446,39448,39450,39452,39456,39458,39462,39464
39466,39467,39469,39471,39473,39475,39477,39479,39481,39483,39485,39487,39491,39497,39501,39505,39509,39513,39517,39521
39523,39525,39527,39529,39531,39533,39535,39537,39539,39541,39543,39545,39547,39549,39551,39552,39553,39558,39563,39565
39567,39569,39571,39573,39575,39577,39579,39579,39581,39583,39584,39586,39587,39589,39590,39591,39596,39598,39600,39602
39603,39605,39606,39608,39609,39611,39613,39614,39616,39618,39620,39622,39624,39626,39628,39630,39632,39634,39636,39640
39644,39648,39652,39656,39660,39664,39666,39668,39669,39671,39676,39679,39682,39683,39686,39687,39690,39695,39698,39701
39704,39705,39706,39709,39710,39713,39716,39717,39720,39725,39728,39732,39736,39738,39742,39746,39750,39755,39760,39767
39773,39775,39778,39782,39786,39790,39794,39798,39802,39804,39806,39808,39809,39810,39811,39812,39813,39814,39815,39816
39817,39820,39821,39822,39825,39826,39827,39828,39831,39832,39833,39834,39835,39836,39839,39842,39843,39844,39846,39848
39850,39852,39854,39856,39858,39860,39861,39864,39866,39868,39870,39872,39874,39876,39878,39880,39882,39884,39886,39888
39890,39892,39893,39895,39896,39897,39899,39903,39906,39907,39909,39912,39916,39917,39919,39921,39922,39923,39927,39928
39929,39931,39933,39942,39944,39945,39947,39949,39950,39951,39952,39954,39955,39958,39960,39962,39964,39966,39968,39970
39971,39973,39975,39977,39978,39980,39981,39982,39984,39986,39988,39990,39991,39992,39993,39994,39996,39997,39999,40000
40016,40017,40018,40019,40020,40021,40022,40024,40026,40028,40030,40031,40033,40034,40038,40042,40046,40050,40054,40058
40059,40060,40061,40062,40063,40064,40065,40066,40067,40068,40069,40070,40071,40072,40073,40074,40076,40078,40080,40082
40084,40086,40088,40090,40092,40094,40098,40099,40100,40101,40102,40103,40104,40106,40107,40109,40110,40111,40113,40115
40116,40117,40119,40120,40121,40122,40123,40124,40125,40126,40127,40128,40129,40130,40132,40133,40134,40135,40137,40138
40139,40140,40141,40142,40143,40144,40145,40146,40147,40148,40149,40150,40151,40152,40153,40154,40155,40156,40157,40158
40159,40160,40161,40162,40164,40165,40166,40167,40169,40171,40172,40173,40175,40177,40179,40181,40183,40185,40186,40187
40188,40189,40190,40191,40192,40193,40195,40197,40200,40202,40205,40207,40209,40211,40213,40215,40218,40220,40222,40224
40226,40228,40231,40233,40235,40238,40240,40241,40243,40247,40251,40254,40256,40258,40259,40260,40262,40263,40264,40265
40266,40267,40268,40269,40270,40271,40272,40273,40274,40275,40276,40277,40278,40279,40280,40281,40282,40283,40284,40285
40286,40287,40288,40289,40290,40292,40294,40295,40296,40301,40303,40305,40306,40308,40310,40313,40315,40317,40320,40321
40323,40328,40330,40332,40334,40336,40338,40343,40348,40349,40350,40351,40352,40353,40355,40356,40357,40359,40360,40362
40363,40364,40366,40369,40370,40372,40373,40374,40375,40376,40378,40379,40381,40382,40384,40385,40386,40387,40388,40390
40392,40394,40395,40397,40398,40400,40401,40403,40404,40406,40407,40410,40412,40413,40414,40415,40416,40417,40418,40419
40420,40421,40422,40423,40424,40426,40428,40430,40433,40435,40437,40439,40441,40443,40446,40448,40450,40452,40454,40456
40459,40461,40463,40465,40466,40467,40468,40469,40471,40476,40477,40478,40479,40481,40483,40485,40487,40489,40490,40492
40504,40505,40506,40507,40508,40509,40510,40511,40513,40514,40515,40516,40517,40518,40519,40520,40521,40522,40523,40524
40525,40526,40527,40528,40529,40530,40531,40532,40533,40534,40535,40536,40537,40538,40539,40540,40544,40545,40547,40549
40550,40551,40553,40554,40555,40556,40557,40558,40559,40560,40561,40562,40563,40564,40565,40566,40567,40568,40569,40570
40571,40572,40574,40576,40578,40580,40581,40582,40583,40584,40585,40586,40587,40588,40589,40590,40591,40592,40593,40594
40595,40596,40597,40598,40599,40600,40601,40602,40603,40604,40605,40610,40611,40612,40613,40614,40615,40616,40617,40618
40619,40620,40621,40622,40624,40626,40627,40628,40630,40632,40634,40636,40637,40638,40639,40641,40643,40645,40647,40648
40649,40651,40653,40655,40657,40659,40668,40669,40670,40671,40672,40675,40678,40679,40680,40681,40682,40683,40685,40687
40688,40690,40693,40695,40698,40699,40703,40707,40712,40713,40714,40715,40716,40717,40718,40720,40721,40723,40724,40726
40728,40729,40730,40731,40733,40734,40735,40736,40737,40740,40743,40746,40749,40750,40753,40756,40759,40760,40763,40764
40766,40770,40772,40775,40777,40778,40780,40784,40785,40786,40789,40791,40793,40794,40795,40796,40813,40822,40830,40831
40832,40833,40834,40839,40841,40844,40848,40850,40852,40854,40858,40866,40870,40870,40872,40874,40876,40878,40879,40880
40881,40882,40884,40887,40889,40890,40892,40895,40899,40900,40902,40903,40905,40907,40909,40912,40919,40921,40923,40924
40925,40926,40927,40929,40931,40933,40935,40938,40941,40942,40943,40944,40949,40951,40952,40954,40956,40958,40961,40963
40965,40967,40969,40971,40973,40975,40976,40979,40981,40983,40985,40987,40989,40991,40992,40996,41000,41004,41006,41008
41009,41010,41011,41012,41013,41014,41015,41016,41017,41018,41020,41022,41023,41024,41025,41027,41029,41032,41042,41046
41056,41062,41069,41072,41074,41075,41077,41079,41081,41083,41085,41087,41089,41090,41094,41096,41099,41102,41105,41107
41108,41109,41113,41114,41115,41118,41120,41122,41124,41125,41127,41130,41132,41134,41135,41136,41137,41139,41142,41144
41146,41147,41149,41151,41153,41155,41156,41158,41160,41163,41166,41170,41174,41177,41180,41182,41184,41185,41187,41189
41190,41191,41192,41193,41194,41195,41196,41198,41200,41202,41203,41207,41208,41213,41216,41219,41224,41229,41240,41244
41246,41248,41250,41253,41256,41260,41263,41268,41272,41275,41276,41279,41284,41288,41293,41298,41299,41300,41302,41306
41309,41314,41317,41318,41323,41324,41326,41327,41328,41329,41334,41338,41340,41342,41343,41349,41355,41360,41361,41362
41363,41364,41365,41366,41367,41368,41369,41370,41371,41372,41373,41374,41375,41376,41377,41378,41380,41381,41382,41383
41387,41393,41394,41395,41396,41397,41398,41399,41400,41401,41402,41403,41404,41405,41406,41412,41418,41422,41423,41424
41425,41426,41427,41430,41431,41434,41442,41480,41483,41486,41487,41488,41491,41492,41493,41496,41499,41501,41503,41504
41505,41506,41509,41510,41513,41516,41517,41518,41519,41520,41521,41522,41523,41524,41525,41528,41529,41532,41535,41538
41539,41540,41541,41542,41544,41546,41547,41549,41550,41551,41554,41556,41558,41559,41560,41563,41564,41565,41566,41567
41568,41570,41572,41573,41574,41578,41582,41584,41585,41586,41587,41588,41589,41590,41591,41592,41595,41599,41603,41606
41610,41613,41615,41618,41621,41624,41626,41628,41629,41631,41634,41637,41640,41643,41646,41652,41654,41660,41662,41665
41667,41669,41670,41672,41673,41675,41676,41678,41681,41684,41686,41688,41690,41692,41694,41696,41697,41699,41700,41702
41705,41707,41708,41710,41712,41713,41715,41716,41719,41721,41722,41724,41727,41729,41731,41733,41735,41736,41738,41740
41742,41743,41745,41746,41747,41750,41751,41753,41756,41759,41761,41764,41766,41768,41771,41774,41776,41777,41779,41780
41781,41782,41784,41785,41786,41787,41788,41789,41790,41792,41793,41794,41795,41796,41797,41798,41799,41800,41801,41802
41803,41804,41805,41806,41807,41808,41809,41810,41813,41817,41821,41822,41829,41832,41833,41838,41839,41840,41841,41842
41843,41844,41849,41854,41855,41856,41857,41858,41859,41860,41861,41862,41863,41864,41865,41866,41867,41868,41869,41870
41871,41872,41873,41874,41875,41876,41877,41879,41881,41882,41883,41884,41885,41886,41887,41888,41889,41890,41891,41892
41893,41894,41895,41896,41897,41898,41899,41900,41901,41902,41903,41904,41905,41908,41909,41911,41914,41915,41918,41921
41924,41927,41930,41933,41936,41940,41943,41946,41948,41951,41954,41957,41961,41965,41967,41968,41969,41971,41974,41977
41980,41983,41984,41986,41989,41992,41995,41998,42001,42004,42008,42009,42012,42016,42017,42018,42021,42022,42024,42026
42029,42032,42035,42038,42039,42042,42045,42048,42049,42051,42055,42058,42061,42062,42063,42064,42067,42069,42070,42071
42072,42073,42075,42077,42080,42081,42083,42084,42086,42089,42105,42106,42109,42110,42111,42113,42114,42115,42116,42117
42118,42119,42121,42125,42126,42127,42128,42129,42130,42131,42132,42133,42137,42138,42139,42140,42144,42147,42151,42155
42156,42157,42162,42169,42173,42175,42179,42182,42184,42186,42189,42192,42194,42196,42198,42200,42202,42204,42205,42206
42207,42208,42209,42210,42211,42215,42220,42222,42223,42224,42226,42227,42228,42229,42230,42231,42233,42235,42236,42237
42238,42239,42240,42241,42242,42243,42244,42245,42246,42247,42250,42253,42254,42255,42256,42257,42258,42259,42260,42261
42262,42263,42264,42265,42266,42269,42270,42278,42280,42282,42284,42286,42288,42289,42290,42292,42294,42296,42297,42298
42300,42301,42302,42303,42304,42305,42307,42308,42309,42311,42312,42313,42314,42315,42316,42317,42317,42317,42318,42319
42321,42323,42325,42326,42328,42330,42332,42333,42334,42336,42337,42338,42339,42341,42343,42344,42350,42356,42357,42358
42359,42360,42361,42363,42365,42368,42371,42378,42380,42382,42385,42387,42388,42389,42390,42391,42392,42394,42396,42397
42399,42401,42403,42404,42405,42408,42410,42412,42413,42414,42415,42417,42418,42419,42421,42422,42423,42425,42427,42429
42430,42431,42432,42434,42436,42438,42440,42442,42444,42446,42448,42451,42454,42457,42460,42463,42466,42469,42471,42475
42477,42479,42481,42483,42485,42487,42488,42491,42494,42495,42496,42497,42498,42499,42500,42512,42513,42514,42516,42518
42519,42521,42523,42525,42526,42527,42529,42530,42531,42533,42536,42539,42540,42541,42542,42543,42545,42547,42548,42549
42550,42551,42558,42566,42568,42570,42572,42574,42576,42578,42580,42582,42584,42586,42587,42588,42589,42590,42591,42592
42596,42600,42604,42608,42612,42616,42620,42624,42626,42630,42632,42638,42639,42641,42643,42645,42647,42648,42650,42655
42657,42658,42660,42661,42663,42665,42666,42667,42669,42670,42671,42673,42675,42677,42679,42680,42682,42684,42685,42686
42687,42688,42690,42693,42695,42697,42700,42702,42703,42704,42706,42710,42712,42714,42716,42719,42722,42724,42726,42729
42731,42734,42737,42740,42742,42744,42747,42750,42752,42755,42757,42759,42762,42764,42768,42770,42773,42776,42778,42781
42783,42786,42788,42790,42793,42797,42801,42803,42806,42810,42814,42816,42818,42820,42824,42828,42830,42834,42836,42840
42843,42846,42849,42852,42855,42859,42863,42865,42869,42871,42874,42877,42880,42884,42887,42891,42894,42895,42896,42897
42898,42899,42900,42901,42902,42906,42909,42910,42911,42912,42913,42914,42917,42918,42919,42920,42921,42922,42925,42929
42934,42937,42938,42939,42942,42943,42944,42945,42948,42949,42951,42953,42954,42955,42956,42957,42958,42960,42961,42962
42964,42966,42967,42971,42973,42975,42980,42986,42991,42995,42997,42998,42999,43005,43006,43007,43008,43009,43010,43011
43012,43013,43018,43019,43021,43023,43025,43028,43029,43030,43031,43032,43033,43034,43035,43036,43037,43038,43039,43041
43043,43044,43045,43046,43047,43048,43049,43051,43055,43056,43060,43061,43063,43065,43067,43070,43072,43075,43078,43083
43086,43089,43092,43093,43097,43100,43101,43106,43111,43116,43119,43120,43123,43124,43125,43128,43133,43136,43138,43141
43142,43143,43144,43145,43146,43147,43148,43149,43150,43151,43152,43160,43161,43163,43166,43169,43170,43171,43172,43173
43174,43175,43176,43177,43178,43179,43180,43181,43182,43194,43199,43204,43209,43214,43218,43222,43226,43230,43232,43234
43236,43241,43245,43246,43247,43248,43253,43257,43258,43259,43262,43266,43269,43270,43272,43273,43274,43277,43282,43283
43286,43289,43291,43293,43295,43298,43300,43302,43304,43306,43308,43310,43311,43312,43313,43314,43315,43316,43317,43318
43319,43320,43321,43322,43323,43324,43326,43327,43328,43329,43330,43332,43334,43335,43336,43338,43340,43342,43343,43345
43347,43349,43351,43355,43357,43360,43361,43364,43365,43366,43367,43368,43369,43370,43371,43372,43373,43374,43376,43378
43380,43383,43387,43389,43393,43397,43401,43403,43405,43407,43409,43411,43413,43415,43417,43419,43421,43423,43425,43427
43429,43431,43433,43435,43437,43439,43441,43451,43453,43454,43455,43456,43457,43458,43459,43460,43462,43464,43466,43467
43468,43469,43470,43472,43473,43474,43475,43477,43478,43479,43480,43482,43484,43488,43489,43491,43492,43494,43496,43500
43502,43506,43510,43512,43513,43515,43516,43519,43522,43524,43528,43530,43531,43534,43535,43536,43537,43538,43539,43540
43542,43543,43544,43545,43546,43547,43549,43551,43556,43557,43558,43561,43564,43565,43566,43567,43568,43569,43570,43571
43572,43573,43574,43575,43578,43581,43582,43583,43584,43585,43586,43587,43588,43589,43593,43595,43597,43598,43599,43601
43603,43604,43605,43606,43607,43608,43609,43610,43611,43612,43614,43616,43618,43620,43623,43625,43627,43630,43632,43634
43636,43641,43644,43645,43646,43647,43648,43651,43656,43661,43664,43669,43670,43671,43672,43676,43677,43678,43679,43680
43685,43686,43688,43689,43694,43695,43696,43697,43698,43701,43706,43709,43711,43713,43715,43717,43719,43720,43723,43726
43729,43732,43734,43738,43742,43743,43744,43745,43746,43747,43748,43749,43750,43751,43752,43753,43754,43755,43756,43757
43759,43761,43763,43765,43767,43769,43771,43773,43775,43776,43779,43781,43782,43783,43784,43785,43786,43787,43788,43789
43790,43791,43792,43794,43795,43797,43799,43801,43802,43804,43805,43807,43808,43810,43811,43813,43814,43815,43816,43817
43818,43819,43820,43821,43822,43825,43828,43831,43834,43836,43839,43842,43845,43846,43847,43850,43851,43854,43857,43860
43863,43864,43867,43870,43872,43875,43876,43877,43878,43879,43881,43882,43885,43886,43889,43893,43897,43901,43904,43907
43911,43915,43920,43921,43927,43928,43930,43932,43933,43934,43936,43940,43941,43944,43947,43950,43955,43958,43959,43960
43962,43964,43967,43970,43973,43975,43977,43980,43981,43982,43983,43984,43985,43988,43992,43994,43997,44000,44003,44006
44009,44012,44015,44018,44021,44022,44024,44026,44027,44030,44032,44033,44036,44039,44042,44043,44048,44049,44053,44056
44059,44063,44066,44070,44074,44077,44081,44084,44091,44095,44098,44101,44105,44112,44116,44119,44126,44129,44130,44133
44134,44139,44141,44143,44145,44147,44150,44154,44159,44163,44166,44169,44172,44175,44177,44180,44183,44186,44189,44192
44197,44202,44204,44209,44211,44213,44215,44217,44222,44227,44229,44231,44233,44235,44237,44239,44241,44243,44245,44248
44249,44250,44252,44253,44254,44255,44256,44257,44258,44259,44262,44264,44267,44270,44272,44275,44278,44281,44284,44287
44290,44295,44298,44299,44302,44304,44306,44308,44311,44314,44317,44320,44322,44325,44326,44327,44328,44332,44335,44338
44343,44344,44346,44348,44349,44351,44352,44354,44355,44357,44359,44360,44371,44372,44373,44374,44375,44376,44377,44378
44379,44380,44383,44384,44385,44386,44387,44388,44391,44392,44393,44394,44398,44399,44400,44401,44402,44403,44404,44405
44406,44407,44408,44409,44410,44412,44414,44416,44418,44420,44422,44424,44426,44428,44430,44432,44434,44436,44438,44441
44445,44448,44451,44453,44454,44455,44456,44458,44461,44467,44471,44475,44478,44481,44484,44487,44490,44494,44496,44498
44499,44500,44501,44502,44504,44505,44507,44509,44510,44512,44514,44515,44517,44518,44519,44521,44522,44523,44525,44526
44527,44529,44530,44531,44532,44533,44534,44535,44536,44537,44538,44540,44544,44549,44550,44551,44555,44560,44564,44566
44567,44570,44573,44576,44579,44582,44583,44587,44592,44596,44601,44602,44603,44604,44608,44613,44614,44615,44617,44619
44620,44624,44629,44633,44638,44639,44641,44642,44647,44651,44655,44660,44661,44664,44667,44672,44674,44679,44683,44687
44692,44693,44695,44696,44700,44701,44702,44703,44705,44708,44712,44715,44719,44722,44725,44729,44732,44735,44737,44739
44742,44743,44746,44747,44748,44749,44751,44754,44757,44760,44762,44765,44767,44770,44772,44775,44777,44779,44782,44785
44787,44790,44792,44795,44797,44799,44801,44803,44806,44809,44811,44814,44816,44818,44821,44823,44827,44830,44833,44834
44835,44836,44837,44838,44840,44841,44843,44844,44846,44847,44849,44851,44853,44855,44857,44859,44861,44862,44864,44866
44868,44870,44872,44874,44876,44878,44880,44882,44884,44886,44893,44895,44897,44899,44901,44903,44905,44907,44909,44911
44913,44914,44916,44918,44919,44920,44921,44922,44925,44927,44929,44931,44933,44935,44937,44940,44943,44946,44948,44954
44961,44968,44975,44982,44989,44996,45005,45012,45019,45026,45033,45035,45038,45040,45042,45044,45045,45047,45049,45051
45063,45069,45070,45071,45072,45073,45074,45075,45076,45077,45078,45079,45080,45081,45082,45083,45086,45089,45093,45095
45097,45101,45105,45107,45111,45115,45117,45119,45123,45124,45125,45126,45127,45128,45135,45136,45137,45141,45142,45143
45144,45148,45152,45153,45157,45158,45162,45163,45164,45165,45169,45170,45174,45175,45176,45178,45187,45190,45193,45198
45204,45209,45213,45217,45220,45225,45228,45232,45233,45234,45235,45236,45238,45240,45241,45260,45263,45264,45265,45269
45273,45276,45280,45283,45287,45288,45291,45292,45295,45299,45300,45306,45313,45320,45327,45334,45341,45346,45353,45360
45366,45373,45375,45377,45384,45391,45398,45405,45412,45415,45417,45419,45421,45423,45425,45427,45428,45429,45430,45431
45432,45433,45434,45436,45438,45439,45440,45441,45443,45444,45446,45448,45449,45450,45451,45452,45456,45460,45462,45465
45467,45470,45472,45477,45478,45479,45480,45481,45482,45483,45487,45489,45490,45491,45492,45494,45495,45499,45500,45504
45506,45508,45512,45515,45519,45523,45526,45528,45531,45533,45535,45538,45539,45540,45541,45542,45543,45544,45548,45552
45553,45555,45557,45558,45559,45561,45562,45564,45567,45568,45569,45570,45572,45574,45576,45578,45580,45582,45587,45592
45593,45596,45603,45608,45615,45618,45621,45623,45624,45627,45630,45632,45635,45637,45639,45640,45642,45645,45648,45652
45655,45657,45660,45662,45665,45668,45671,45674,45681,45683,45690,45691,45696,45699,45702,45703,45704,45705,45706,45708
45709,45712,45714,45716,45718,45719,45720,45721,45723,45724,45727,45730,45732,45735,45737,45742,45743,45744,45745,45746
45747,45748,45749,45750,45751,45752,45753,45754,45755,45756,45757,45761,45765,45769,45773,45777,45781,45782,45783,45784
45787,45790,45793,45796,45797,45800,45803,45806,45808,45811,45814,45817,45820,45823,45824,45827,45830,45833,45836,45839
45841,45843,45847,45849,45852,45855,45856,45857,45860,45866,45867,45868,45869,45870,45871,45872,45873,45874,45875,45876
45884,45886,45888,45890,45892,45893,45894,45895,45896,45897,45898,45900,45901,45904,45905,45909,45912,45916,45921,45923
45925,45928,45931,45933,45936,45937,45938,45939,45940,45941,45942,45943,45944,45945,45946,45947,45948,45949,45952,45955
45958,45959,45966,45971,45974,45978,45984,45985,45987,45989,45990,45991,45992,45993,45994,45996,45999,46001,46002,46005
46011,46014,46018,46022,46026,46030,46034,46038,46042,46046,46050,46051,46053,46054,46055,46057,46059,46061,46063,46065
46067,46069,46070,46071,46073,46075,46077,46079,46080,46081,46082,46084,46086,46088,46090,46092,46094,46112,46114,46118
46120,46121,46122,46123,46125,46126,46128,46130,46133,46135,46137,46139,46141,46143,46145,46147,46149,46151,46153,46155
46157,46159,46161,46163,46165,46166,46167,46169,46170,46172,46174,46175,46176,46178,46180,46182,46184,46186,46187,46188
46189,46190,46191,46192,46195,46198,46199,46200,46201,46204,46205,46206,46207,46208,46209,46210,46211,46212,46213,46214
46215,46216,46217,46218,46219,46220,46221,46224,46226,46229,46231,46232,46233,46234,46235,46236,46237,46238,46242,46243
46247,46248,46249,46250,46251,46252,46253,46258,46263,46268,46273,46278,46283,46288,46289,46291,46292,46294,46297,46300
46301,46302,46304,46307,46309,46311,46314,46316,46318,46320,46321,46323,46324,46325,46326,46332,46338,46344,46350,46360
46360,46367,46368,46369,46370,46371,46372,46373,46374,46379,46384,46389,46393,46396,46400,46404,46407,46409,46411,46413
46415,46417,46418,46419,46423,46424,46425,46426,46427,46429,46432,46435,46436,46438,46439,46440,46443,46446,46448,46449
46453,46455,46456,46457,46458,46459,46460,46461,46463,46464,46466,46467,46469,46470,46472,46473,46475,46476,46478,46480
46482,46484,46485,46486,46488,46490,46492,46494,46496,46504,46505,46506,46507,46508,46509,46510,46511,46512,46513,46514
46515,46516,46517,46518,46519,46520,46521,46522,46523,46524,46530,46531,46533,46534,46535,46536,46540,46544,46547,46548
46552,46553,46556,46560,46565,46566,46567,46568,46569,46575,46580,46581,46589,46596,46603,46614,46621,46626,46630,46633
46635,46637,46638,46639,46640,46641,46642,46643,46644,46645,46646,46647,46648,46649,46651,46652,46656,46659,46663,46666
46669,46672,46675,46678,46679,46683,46684,46687,46692,46695,46697,46701,46707,46712,46715,46721,46722,46725,46732,46735
46736,46738,46741,46744,46745,46750,46752,46754,46761,46762,46763,46764,46769,46773,46775,46779,46783,46785,46787,46788
46789,46791,46792,46793,46795,46796,46797,46798,46799,46804,46805,46806,46807,46808,46809,46810,46811,46812,46813,46814
46815,46816,46817,46818,46819,46821,46826,46829,46835,46841,46847,46849,46852,46854,46859,46865,46871,46877,46883,46884
46886,46888,46890,46892,46895,46898,46903,46907,46911,46915,46919,46923,46924,46926,46928,46929,46930,46931,46931,46931
46932,46933,46933,46933,46937,46941,46944,46947,46948,46949,46954,46956,46958,46960,46965,46966,46967,46968,46969,46969
46969,46969,46970,46971,46972,46973,46974,46976,46977,46978,46979,46980,46981,46982,46982,46983,46984,46985,46986,46987
46988,46989,46990,46991,46992,46992,46993,46994,46995,46996,46997,46998,46999,46999,47000,47000,47001,47002,47003,47004
47005,47005,47006,47006,47006,47006,47006,47006,47006,47008,47008,47013,47018,47018,47018,47023,47025,47026,47026,47027
47028,47029,47030,47030,47031,47031,47036,47038,47043,47045,47046,47046,47046,47047,47048,47048,47049,47050,47051,47052
47053,47053,47054,47055,47060,47061,47062,47063,47064,47065,47066,47067,47068,47068,47069,47070,47071,47072,47073,47074
47075,47075,47076,47077,47078,47080,47081,47083,47084,47086,47086,47087,47088,47090,47092,47093,47094,47095,47096,47097
47098,47098,47099,47100,47100,47100,47101,47102,47103,47104,47105,47106,47107,47108,47109,47110,47111,47112,47113,47113
47114,47115,47116,47116,47117,47118,47119,47119,47121,47126,47127,47133,47135,47135,47136,47137,47139,47140,47141,47142
47144,47145,47146,47147,47147,47148,47149,47150,47151,47152,47153,47154,47155,47156,47157,47158,47159,47160,47160,47161
47162,47162,47162,47162,47163,47164,47165,47165,47166,47167,47167,47169,47169,47174,47174,47175,47176,47177,47178,47180
47182,47190,47194,47194,47194,47195,47196,47199,47204,47204,47206,47208,47210,47212,47214,47216,47218,47218,47218,47218
47218,47218,47218,47219,47221,47221,47221,47227,47231,47231,47241,47242,47243,47244,47246,47248,47253,47258,47258,47258
47259,47268,47270,47272,47272,47272,47272,47273,47274,47275,47275,47276,47277,47278,47279,47280,47280,47281,47282,47283
47283,47284,47285,47287,47293,47295,47302,47306,47310,47316,47324,47327,47330,47336,47338,47343,47346,47346,47350,47356
47361,47369,47371,47376,47381,47385,47391,47422,47422,47422,47422,47422,47423,47423,47423,47423,47427,47428,47430,47435
47435,47435,47435,47435,47435,47439,47445,47450,47453,47455,47455,47458,47461,47467,47468,47469,47469,47476,47481,47487
47488,47489,47490,47491,47492,47492,47493,47493,47495,47497,47503,47509,47511,47517,47525,47531,47535,47539,47545,47551
47557,47564,47575,47575,47575,47575,47577,47583,47585,47587,47589,47591,47593,47595,47597,47599,47601,47603,47608,47611
47615,47615,47615,47625,47628,47628,47630,47632,47634,47636,47638,47642,47646,47650,47654,47658,47662,47666,47668,47672
47676,47682,47682,47686,47688,47688,47690,47694,47701,47709,47720,47720,47725,47727,47735,47741,47745,47745,47745,47749
47756,47760,47763,47763,47767,47773,47782,47782,47786,47790,47794,47798,47800,47805,47809,47810,47821,47823,47823,47834
47834,47836,47838,47842,47846,47850,47861,47865,47865,47866,47869,47872,47877,47879,47879,47882,47886,47886,47890,47890
47892,47894,47896,47898,47901,47901,47901,47903,47903,47905,47907,47909,47911,47919,47920,47921,47923,47925,47929,47931
47931,47931,47935,47937,47937,47941,47943,47949,47951,47953,47955,47959,47961,47962,47965,47966,47977,47979,47980,47983
47984,47985,47986,47987,47991,47995,47997,47998,47999,48009,48012,48016,48019,48020,48020,48025,48028,48029,48030,48031
48032,48043,48045,48046,48047,48048,48049,48060,48060,48060,48062,48063,48064,48066,48068,48071,48074,48076,48078,48081
48083,48086,48088,48090,48092,48094,48096,48098,48104,48110,48112,48113,48115,48117,48118,48120,48122,48123,48125,48127
48129,48131,48135,48139,48142,48142,48151,48152,48158,48158,48158,48158,48160,48162,48163,48163,48163,48165,48167,48168
48169,48175,48177,48181,48183,48186,48190,48194,48198,48198,48199,48200,48201,48202,48203,48205,48207,48209,48211,48214
48216,48220,48222,48223,48224,48230,48236,48252,48254,48264,48265,48266,48268,48270,48271,48272,48282,48285,48289,48291
48294,48295,48296,48297,48303,48304,48305,48306,48307,48311,48311,48311,48311,48311,48311,48311,48311,48312,48313,48314
48315,48316,48317,48318,48319,48320,48324,48327,48332,48340,48340,48340,48340,48340,48343,48346,48346,48346,48346,48346
48346,48346,48349,48349,48349,48352,48352,48352,48352,48352,48352,48353,48353,48353,48353,48353,48353,48353,48353,48353
48353,48353,48353,48353,48353,48353,48353,48353,48353,48353,48354,48354,48354,48354,48354,48354,48356,48356,48356,48356
48356,48356,48356,48356,48356,48356,48356,48356,48356,48356,48356,48357,48357,48357,48357,48357,48358,48359,48359,48359
48363,48365,48375,48379,48394,48394,48394,48400,48400,48403,48404,48405,48406,48407,48408,48409,48410,48411,48412,48413
48414,48415,48416,48417,48418,48419,48420,48421,48422,48423,48424,48425,48426,48427,48428,48429,48430,48431,48432,48433
48434,48435,48436,48438,48440,48441,48443,48444,48445,48447,48448,48450,48451,48453,48454,48455,48456,48458,48460,48461
48462,48463,48464,48465,48466,48467,48468,48469,48470,48471,48472,48473,48474,48475,48476,48478,48479,48480,48481,48482
48483,48484,48485,48486,48487,48488,48489,48490,48491,48492,48493,48496,48499,48500,48501,48502,48503,48505,48507,48509
48510,48512,48513,48514,48516,48517,48518,48520,48521,48522,48523,48524,48525,48526,48527,48529,48530,48531,48533,48534
48535,48537,48538,48539,48540,48541,48542,48543,48544,48545,48547,48549,48551,48553,48555,48556,48557,48558,48559,48560
48561,48562,48563,48564,48565,48566,48567,48568,48569,48570,48571,48572,48573,48574,48575,48576,48577,48578,48579,48580
48581,48582,48583,48584,48585,48586,48587,48588,48589,48590,48591,48592,48593,48595,48596,48598,48599,48600,48601,48602
48603,48604,48605,48606,48617,48625,48626,48627,48628,48629,48630,48631,48632,48633,48634,48635,48636,48637,48638,48639
48642,48644,48646,48648,48649,48650,48652,48654,48655,48656,48657,48658,48659,48661,48662,48664,48665,48666,48667,48668
48668,48669,48670,48671,48673,48675,48677,48679,48680,48681,48682,48683,48684,48686,48688,48689,48690,48691,48692,48693
48694,48694,48695,48696,48697,48698,48699,48700,48701,48702,48703,48704,48705,48706,48707,48708,48709,48711,48713,48715
48716,48716,48717,48718,48719,48720,48721,48723,48724,48725,48726,48727,48728,48729,48730,48731,48732,48732,48733,48734
48735,48736,48737,48738,48739,48740,48741,48742,48743,48744,48745,48746,48747,48748,48749,48750,48751,48751,48755,48758
48761,48761,48761,48761,48765,48766,48769,48772,48775,48777,48781,48782,48783,48786,48787,48791,48792,48793,48796,48800
48800,48800,48802,48804,48806,48811,48816,48821,48826,48828,48833,48835,48837,48839,48841,48845,48847,48849,48851,48853
48854,48858,48862,48864,48866,48868,48870,48872,48874,48875,48876,48877,48878,48879,48880,48881,48882,48883,48884,48885
48887,48888,48889,48890,48892,48894,48895,48896,48897,48898,48899,48900,48901,48902,48904,48905,48906,48907,48908,48909
48910,48912,48914,48915,48916,48917,48918,48919,48920,48921,48922,48923,48924,48925,48926,48927,48928,48929,48930,48931
48932,48933,48934,48935,48936,48937,48938,48939,48940,48940,48941,48942,48943,48944,48945,48946,48947,48948,48949,48950
48954,48955,48956,48957,48958,48959,48960,48961,48962,48963,48964,48965,48966,48967,48969,48970,48971,48972,48973,48975
48976,48977,48978,48979,48980,48981,48982,48983,48985,48986,48987,48988,48989,48990,48991,48992,48993,48994,48995,48996
48997,48998,48999,49000,49001,49002,49006,49007,49008,49009,49010,49011,49012
