
MinTransferTime: 21712
---------------------------------------------------------------
0,0,0,0,0,0,0,0,0,0,0,0,0,0,0,0,0,0,0,0
0,0,0,0,0,0,0,0,0,0,0,0,0,0,0,0,0,0,0,0
0,0,0,0,0,0,0,0,0,0,0,0,0,0,0,0,0,0,0,0
0,0,0,0,0,0,0,0,0,0,0,0,0,0,0,0,0,0,0,0
0,0,0,0,0,0,0,0,0,0,0,0,0,0,0,0,0,0,0,0
0,0,0,0,0,0,0,0,0,0,0,0,0,0,0,0,0,0,0,0
0,0,0,0,0,0,0,0,0,0,0,0,0,0,0,0,0,0,0,0
0,0,0,0,0,0,0,0,0,0,0,0,0,0,0,0,0,0,0,0
0,0,0,0,0,0,0,0,0,0,0,0,0,0,0,0,0,0,0,0
0,0,0,0,0,0,0,0,0,0,0,0,0,0,0,0,0,0,0,0
0,0,0,0,0,0,0,0,0,0,0,0,0,0,0,0,0,0,0,0
0,0,0,0,0,0,0,0,0,0,0,0,0,0,0,0,0,0,0,0
0,0,0,0,0,0,0,0,0,0,0,0,0,0,0,0,0,0,0,0
0,0,0,0,0,0,0,0,0,0,0,0,0,0,0,0,0,0,0,0
0,0,0,0,0,0,0,0,0,0,0,0,0,0,0,0,0,0,0,0
0,0,0,0,0,0,0,0,0,0,0,0,0,0,0,0,0,0,0,0
0,0,0,0,0,0,0,0,0,0,0,0,0,0,0,0,0,0,0,0
0,0,0,0,0,0,0,0,0,0,0,0,0,0,0,0,0,0,0,0
0,0,0,0,0,0,0,0,0,0,0,0,0,0,0,0,0,0,0,0
0,0,0,0,0,0,0,0,0,0,0,0,0,0,0,0,0,0,0,0
0,0,0,0,0,0,0,0,0,0,0,0,0,0,0,0,0,0,0,0
0,0,0,0,0,0,0,0,0,0,0,0,0,0,0,0,0,0,0,0
0,0,0,0,0,0,0,0,0,0,0,0,0,0,0,0,0,0,0,0
0,0,0,0,0,0,0,0,0,0,0,0,0,0,0,0,0,0,0,0
0,0,0,0,0,0,0,0,0,0,0,0,0,0,0,0,0,0,0,0
0,0,0,0,0,0,0,0,0,0,0,0,0,0,0,0,0,0,0,0
0,0,0,0,0,0,0,0,0,0,0,0,0,0,0,0,0,0,0,0
0,0,0,0,0,0,0,0,0,0,0,0,0,0,0,0,0,0,0,0
0,0,0,0,0,0,0,0,0,0,0,0,0,0,0,0,0,0,0,0
0,0,0,0,0,0,0,0,0,0,0,0,0,0,0,0,0,0,0,0
0,0,0,0,0,0,0,0,0,0,0,0,0,0,0,0,0,0,0,0
0,0,0,0,0,0,0,0,0,0,0,0,0,0,0,0,0,0,0,0
0,0,0,0,0,0,0,0,0,0,0,0,0,0,0,0,0,0,0,0
0,0,0,0,0,0,0,0,0,0,0,0,0,0,0,0,0,0,0,0
0,0,0,0,0,0,0,0,0,0,0,0,0,0,0,0,0,0,0,0
0,0,0,0,0,0,0,0,0,0,0,0,0,0,0,0,0,0,0,0
0,0,0,0,0,0,0,0,0,0,0,0,0,0,0,0,0,0,0,0
0,0,0,0,0,0,0,0,0,0,0,0,0,0,0,0,0,0,0,0
0,0,0,0,0,0,0,0,0,0,0,0,0,0,0,0,0,0,0,0
0,0,0,0,0,0,0,0,0,0,0,0,0,0,0,0,0,0,0,0
0,0,0,0,0,0,0,0,0,0,0,0,0,0,0,0,0,0,0,0
0,0,0,0,0,0,0,0,0,0,0,0,0,0,0,0,0,0,0,0
0,0,0,0,0,0,0,0,0,0,0,0,0,0,0,0,0,0,0,0
0,0,0,0,0,0,0,0,0,0,0,0,0,0,0,0,0,0,0,0
0,0,0,0,0,0,0,0,0,0,0,0,0,0,0,0,0,0,0,0
0,0,0,0,0,0,0,0,0,0,0,0,0,0,0,0,0,0,0,0
0,0,0,0,0,0,0,0,0,0,0,0,0,0,0,0,0,0,0,0
0,0,0,0,0,0,0,0,0,0,0,0,0,0,0,0,0,0,0,0
0,0,0,0,0,0,0,0,0,0,0,0,0,0,0,0,0,0,0,0
0,0,0,0,0,0,0,0,0,0,0,0,0,0,0,0,0,0,0,0
0,0,0,0,0,0,0,0,0,0,0,0,0,0,0,0,0,0,0,0
0,0,0,0,0,0,0,0,0,0,0,0,0,0,0,0,0,0,0,0
0,0,0,0,0,0,0,0,0,0,0,0,0,0,0,0,0,0,0,0
0,0,0,0,0,0,0,0,0,0,0,0,0,0,0,0,0,0,0,0
0,0,0,0,0,0,0,0,0,0,0,0,0,0,0,0,0,0,0,0
0,0,0,0,0,0,0,0,0,0,0,0,0,0,0,0,0,0,0,0
0,0,0,0,0,0,0,0,0,0,0,0,0,0,0,0,0,0,0,0
0,0,0,0,0,0,0,0,0,0,0,0,0,0,0,0,0,0,0,0
0,0,0,0,0,0,0,0,0,0,0,0,0,0,0,0,0,0,0,0
0,0,0,0,0,0,0,0,0,0,0,0,0,0,0,0,0,0,0,0
0,0,0,0,0,0,0,0,0,0,0,0,0,0,0,0,0,0,0,0
0,0,0,0,0,0,0,0,0,0,0,0,0,0,0,0,0,0,0,0
0,0,0,0,0,0,0,0,0,0,0,0,0,0,0,0,0,0,0,0
0,0,0,0,0,0,0,0,0,0,0,0,0,0,0,0,0,0,0,0
0,0,0,0,0,0,0,0,0,0,0,0,0,0,0,0,0,0,0,0
0,0,0,0,0,0,0,0,0,0,0,0,0,0,0,0,0,0,0,0
0,0,0,0,0,0,0,0,0,0,0,0,0,0,0,0,0,0,0,0
0,0,0,0,0,0,0,0,0,0,0,0,0,0,0,0,0,0,0,0
0,0,0,0,0,0,0,0,0,0,0,0,0,0,0,0,0,0,0,0
0,0,0,0,0,0,0,0,0,0,0,0,0,0,0,0,0,0,0,0
0,0,0,0,0,0,0,0,0,0,0,0,0,0,0,0,0,0,0,0
0,0,0,0,0,0,0,0,0,0,0,0,0,0,0,0,0,0,0,0
0,0,0,0,0,0,0,0,0,0,0,0,0,0,0,0,0,0,0,0
0,0,0,0,0,0,0,0,0,0,0,0,0,0,0,0,0,0,0,0
0,0,0,0,0,0,0,0,0,0,0,0,0,0,0,0,0,0,0,0
0,0,0,0,0,0,0,0,0,0,0,0,0,0,0,0,0,0,0,0
0,0,0,0,0,0,0,0,0,0,0,0,0,0,0,0,0,0,0,0
0,0,0,0,0,0,0,0,0,0,0,0,0,0,0,0,0,0,0,0
0,0,0,0,0,0,0,0,0,0,0,0,0,0,0,0,0,0,0,0
0,0,0,0,0,0,0,0,0,0,0,0,0,0,0,0,0,0,0,0
0,0,0,0,0,0,0,0,0,0,0,0,0,0,0,0,0,0,0,0
0,0,0,0,0,0,0,0,0,60,0,0,0,0,0,0,0,0,0,0
0,0,0,0,0,0,0,0,0,0,0,0,0,0,0,0,0,0,0,0
0,0,0,0,0,0,0,0,0,0,0,0,0,0,0,0,0,0,0,0
0,0,0,0,0,0,0,0,0,0,0,0,0,0,0,0,0,0,0,0
0,0,0,0,0,0,0,0,0,0,0,0,0,0,0,0,0,0,0,0
0,0,0,0,0,0,0,0,0,0,0,0,0,0,0,0,0,0,0,0
0,0,0,0,0,0,0,0,0,0,0,0,0,0,0,0,0,0,0,0
0,0,0,0,0,60,60,0,0,0,0,0,0,0,0,0,0,0,0,0
0,0,0,0,0,0,0,0,0,0,0,0,0,0,0,0,0,0,0,0
0,0,0,0,0,0,0,0,0,0,0,0,0,0,0,0,0,0,0,0
0,0,0,0,0,0,0,0,0,0,0,0,0,0,0,0,0,0,0,0
0,0,0,0,0,0,0,0,0,0,0,0,0,0,0,0,0,0,0,0
0,0,0,0,0,0,0,0,0,0,0,0,0,0,0,0,0,0,0,0
0,0,0,0,0,0,0,0,0,0,0,0,0,0,0,0,0,0,0,0
0,0,0,0,0,0,0,0,0,0,0,0,0,0,0,0,0,0,0,0
0,0,0,0,0,0,0,0,0,0,0,0,0,0,0,0,0,0,0,0
0,0,0,0,0,0,0,0,0,0,0,0,0,0,0,0,0,0,0,0
0,0,0,0,0,0,0,0,0,0,0,0,0,0,0,0,0,0,0,0
0,0,0,0,0,0,0,0,0,0,0,0,0,0,0,0,0,0,0,0
0,0,0,0,0,0,0,0,0,0,0,0,0,0,0,0,0,0,0,0
0,0,0,0,0,0,0,0,0,0,0,0,0,0,0,0,0,0,0,0
0,0,0,0,0,0,0,0,0,0,0,0,0,0,0,0,0,0,0,0
0,0,0,0,0,0,0,0,0,0,0,0,0,0,0,0,0,0,0,0
0,0,0,0,0,0,0,0,0,0,0,0,0,0,0,0,0,0,0,0
0,0,0,0,0,0,0,0,0,0,0,0,0,0,0,0,0,0,0,0
0,0,0,0,0,0,0,0,0,0,0,0,0,0,0,0,0,0,0,0
0,0,0,0,0,0,0,0,0,0,0,0,0,0,0,0,0,0,0,0
0,0,0,0,0,0,0,0,0,0,0,0,0,0,0,0,0,0,0,0
0,0,0,0,0,0,0,0,0,0,0,0,0,0,0,0,0,0,0,0
0,0,0,0,0,0,0,0,0,0,0,0,0,0,0,0,0,0,0,0
0,0,0,0,0,0,0,0,0,0,0,0,0,0,0,0,0,0,0,0
0,0,0,0,0,0,0,0,0,0,0,0,0,0,0,0,0,0,0,0
0,0,0,0,0,0,0,0,0,0,0,0,0,0,0,0,0,0,0,0
0,0,0,0,0,0,0,0,0,0,0,0,0,0,0,0,0,0,0,0
0,0,0,0,0,0,0,0,0,0,0,0,0,0,0,0,0,0,0,0
0,0,0,0,0,0,0,0,0,0,0,0,0,0,0,0,0,0,0,0
0,0,0,0,0,0,0,0,0,0,0,0,0,0,0,0,0,0,0,0
0,0,0,0,0,0,0,0,0,0,0,0,0,0,0,0,0,0,0,0
0,0,0,0,0,0,0,0,0,0,0,0,0,0,0,0,0,0,0,0
0,0,0,0,0,0,0,0,0,0,0,0,0,0,0,0,0,0,0,0
0,0,0,0,0,0,0,0,0,0,0,0,0,0,0,0,0,0,0,0
0,0,0,0,0,0,0,0,0,0,0,0,0,0,0,0,0,0,0,0
0,0,0,0,0,0,0,0,0,0,0,0,0,0,0,0,0,0,0,0
0,0,0,0,0,0,0,0,0,0,0,0,0,0,0,0,0,0,0,0
0,0,0,0,0,0,0,0,0,0,0,0,0,0,0,0,0,0,0,0
0,0,0,0,0,0,0,0,0,0,0,0,0,0,0,0,0,0,0,0
0,0,0,0,0,0,0,0,0,0,0,0,0,0,0,0,0,0,0,0
0,0,0,0,0,0,0,0,0,0,0,0,0,0,0,0,0,0,0,0
0,0,0,0,0,0,0,0,0,0,0,0,0,0,0,0,0,0,0,0
0,0,0,0,0,0,0,0,0,0,0,0,0,0,0,0,0,0,0,0
0,0,0,0,0,0,0,0,0,0,0,0,0,0,0,0,0,0,0,0
0,0,0,0,0,0,0,0,0,0,0,0,0,0,0,0,0,0,0,0
0,0,0,0,0,0,0,0,0,0,0,0,0,0,0,0,0,0,0,0
0,0,0,0,0,0,0,0,0,0,0,0,0,0,0,0,0,0,0,0
0,0,0,0,0,0,0,0,0,0,0,0,0,0,0,0,0,0,0,0
0,0,0,0,0,0,0,0,0,0,0,0,0,0,0,0,0,0,0,0
0,0,0,0,0,0,0,0,0,0,0,0,0,0,0,0,0,0,0,0
0,0,0,0,0,0,0,0,0,0,0,0,0,0,0,0,0,0,0,0
0,0,0,0,0,0,0,0,0,0,0,0,0,0,0,0,0,0,0,0
0,0,0,0,0,0,0,0,0,0,0,0,0,0,0,0,0,0,0,0
0,0,0,0,0,0,0,0,0,0,0,0,0,0,0,0,0,0,0,0
0,0,0,0,0,0,0,0,0,0,0,0,0,0,0,0,0,0,0,0
0,0,0,0,0,0,0,0,0,0,0,0,0,0,0,0,0,0,0,0
0,0,0,0,0,0,0,0,0,0,0,0,0,0,0,0,0,0,0,0
0,0,0,0,0,0,0,0,0,0,0,0,0,0,0,0,0,0,0,0
0,0,0,0,0,0,0,0,0,0,0,0,0,0,0,0,0,0,0,0
0,0,0,0,0,0,0,0,0,0,0,0,0,0,0,0,0,0,0,0
0,0,0,0,0,0,0,0,0,0,0,0,0,0,0,0,0,0,0,0
0,0,0,0,0,0,0,0,0,0,0,0,0,0,0,0,0,0,0,0
0,0,0,0,0,0,0,0,0,0,0,0,0,0,0,0,0,0,0,0
0,0,0,0,0,0,0,0,0,0,0,0,0,0,0,0,0,0,0,0
0,0,0,0,0,0,0,0,0,0,0,0,0,0,0,0,0,0,0,0
0,0,0,0,0,0,0,0,0,0,0,0,0,0,0,0,0,0,0,0
0,0,0,0,0,0,0,0,0,0,0,0,0,0,0,0,0,0,0,0
0,0,0,0,0,0,0,0,0,0,0,0,0,0,0,0,0,0,0,0
0,0,0,0,0,0,0,0,0,0,0,0,0,0,0,0,0,0,0,0
0,0,0,0,0,0,0,0,0,0,0,0,0,0,0,0,0,0,0,0
0,0,0,0,0,0,0,0,0,0,0,0,0,0,0,0,0,0,0,0
0,0,0,0,0,0,0,0,0,0,0,0,0,0,0,0,0,0,0,0
0,0,0,0,0,0,0,0,0,0,0,0,0,0,0,0,0,0,0,0
0,0,0,0,0,0,0,0,0,0,0,0,0,0,0,0,0,0,0,0
0,0,0,0,0,0,0,0,0,0,0,0,0,0,0,0,0,0,0,0
0,0,0,0,0,0,0,0,0,0,0,0,0,0,0,0,0,0,0,0
0,0,0,0,0,0,0,0,0,0,0,0,0,0,0,0,0,0,0,0
0,0,0,0,0,0,0,0,0,0,0,0,0,0,0,0,0,0,0,0
0,0,0,0,0,0,0,0,0,0,0,0,0,0,0,0,0,0,0,0
0,0,0,0,0,0,0,0,0,0,0,0,0,0,0,0,0,0,0,0
0,0,0,0,0,0,0,0,0,0,0,0,0,0,0,0,0,0,0,0
0,0,0,0,0,0,0,0,0,0,0,0,0,0,0,0,0,0,0,0
0,0,0,0,0,0,0,0,0,0,0,0,0,0,0,0,0,0,0,0
0,0,0,0,0,0,0,0,0,0,0,0,0,0,0,0,0,0,0,0
0,0,0,0,0,0,0,0,0,0,0,0,0,0,0,0,0,0,0,0
0,0,0,0,0,0,0,0,0,0,0,0,0,0,0,0,0,0,0,0
0,0,0,0,0,0,0,0,0,0,0,0,0,0,0,0,0,0,0,0
0,0,0,0,0,0,0,0,0,0,0,0,0,0,0,0,0,0,0,0
0,0,0,0,0,0,0,0,0,0,0,0,0,0,0,0,0,0,0,0
0,0,0,0,0,0,0,0,0,0,0,0,0,0,0,0,0,0,0,0
0,0,0,0,0,0,0,0,0,0,0,0,0,0,0,0,0,0,0,0
0,0,0,0,0,0,0,0,0,0,0,0,0,0,0,0,0,0,0,0
0,0,0,0,0,0,0,0,0,0,0,0,0,0,0,0,0,0,0,0
0,0,0,0,0,0,0,0,0,0,0,0,0,0,0,0,0,0,0,0
0,0,0,0,0,0,0,0,0,0,0,0,0,0,0,0,0,0,0,0
0,0,0,0,0,0,0,0,0,0,0,0,0,0,0,0,0,0,0,0
0,0,0,0,0,0,0,0,0,0,0,0,0,0,0,0,0,0,0,0
0,0,0,0,0,0,0,0,0,0,0,0,0,0,0,0,0,0,0,0
0,0,0,0,0,0,0,0,0,0,0,0,0,0,0,0,0,0,0,0
0,0,0,0,0,0,0,0,0,0,0,0,0,0,0,0,0,0,0,0
0,0,0,0,0,0,0,0,0,0,0,0,0,0,0,0,0,0,0,0
0,0,0,0,0,0,0,0,0,0,0,0,0,0,0,0,0,0,0,0
0,0,0,0,0,0,0,0,0,0,0,0,0,0,0,0,0,0,0,0
0,0,0,0,0,0,0,0,0,0,0,0,0,0,0,0,0,0,0,0
0,0,0,0,0,0,0,0,0,0,0,0,0,0,0,0,0,0,0,0
0,0,0,0,0,0,0,0,0,0,0,0,0,0,0,0,0,0,0,0
0,0,0,0,0,0,0,0,0,0,0,0,0,0,0,0,0,0,0,0
0,0,0,0,0,0,0,0,0,0,0,0,0,0,0,0,0,0,0,0
0,0,0,0,0,0,0,0,0,0,0,0,0,0,0,0,0,0,0,0
0,0,0,0,0,0,0,0,0,0,0,0,0,0,0,0,0,0,0,0
0,0,0,0,0,0,0,0,0,0,0,0,0,0,0,0,0,0,0,0
0,0,0,0,0,0,0,0,0,0,0,0,0,0,0,0,0,0,0,0
0,0,0,0,0,0,0,0,0,0,0,0,0,0,0,0,0,0,0,0
0,0,0,0,0,0,0,0,0,0,0,0,0,0,0,0,0,0,0,0
0,0,0,0,0,0,0,0,0,0,0,0,0,0,0,0,0,0,0,0
0,0,0,0,0,0,0,0,0,0,0,0,0,0,0,0,0,0,0,0
0,0,0,0,0,0,0,0,0,0,0,0,0,0,0,0,0,0,0,0
0,0,0,0,0,0,0,0,0,0,0,0,0,0,0,0,0,0,0,0
0,0,0,0,0,0,0,0,0,0,0,0,0,0,0,0,0,0,0,0
0,0,0,0,0,0,0,0,0,0,0,0,0,0,0,0,0,0,0,0
0,0,0,0,0,0,0,0,0,0,0,0,0,0,0,0,0,0,0,0
0,0,0,0,0,0,0,0,0,0,0,0,0,0,0,0,0,0,0,0
0,0,0,0,0,0,0,0,0,0,0,0,0,0,0,0,0,0,0,0
0,0,0,0,0,0,0,0,0,0,0,0,0,0,0,0,0,0,0,0
0,0,0,0,0,0,0,0,0,0,0,0,0,0,0,0,0,0,0,0
0,0,0,0,0,0,0,0,0,0,0,0,0,0,0,0,0,0,0,0
0,0,0,0,0,0,0,0,0,0,0,0,0,0,0,0,0,0,0,0
0,0,0,0,0,0,0,0,0,0,0,0,0,0,0,0,0,0,0,0
0,0,0,0,0,0,0,0,0,0,0,0,0,0,0,0,0,0,0,0
0,0,0,0,0,0,0,0,0,0,0,0,0,0,0,0,0,0,0,0
0,0,0,0,0,0,0,0,0,0,0,0,0,0,0,0,0,0,0,0
0,0,0,0,0,0,0,0,0,0,0,0,0,0,0,0,0,0,0,0
0,0,0,0,0,0,0,0,0,0,0,0,0,0,0,0,0,0,0,0
0,0,0,0,0,0,0,0,0,0,0,0,0,0,0,0,0,0,0,0
0,0,0,0,0,0,0,0,0,0,0,0,0,0,0,0,0,0,0,0
0,0,0,0,0,0,0,0,0,0,0,0,0,0,0,0,0,0,0,0
0,0,0,0,0,0,0,0,0,0,0,0,0,0,0,0,0,0,0,0
0,0,0,0,0,0,0,0,0,0,0,0,0,0,0,0,0,0,0,0
0,0,0,0,0,0,0,0,0,0,0,0,0,0,0,0,0,0,0,0
0,0,0,0,0,0,0,0,0,0,0,0,0,0,0,0,0,0,0,0
0,0,0,0,0,0,0,0,0,0,0,0,0,0,0,0,0,0,0,0
0,0,0,0,0,0,0,0,0,0,0,0,0,0,0,0,0,0,0,0
0,0,0,0,0,0,0,0,0,0,0,0,0,0,0,0,0,0,0,0
0,0,0,0,0,0,0,0,0,0,0,0,0,0,0,0,0,0,0,0
0,0,0,0,0,0,0,0,0,0,0,0,0,0,0,0,0,0,0,0
0,0,0,0,0,0,0,0,0,0,0,0,0,0,0,0,0,0,0,0
0,0,0,0,0,0,0,0,0,0,0,0,0,0,0,0,0,0,0,0
0,0,0,0,0,0,0,0,0,0,0,0,0,0,0,0,0,0,0,0
0,0,0,0,0,0,0,0,0,0,0,0,0,0,0,0,0,0,0,0
0,0,0,0,0,0,0,0,0,0,0,0,0,0,0,0,0,0,0,0
0,0,0,0,0,0,0,0,0,0,0,0,0,0,0,0,0,0,0,0
0,0,0,0,0,0,0,0,0,0,0,0,0,0,0,0,0,0,0,0
0,0,0,0,0,0,0,0,0,0,0,0,0,0,0,0,0,0,0,0
0,0,0,0,0,0,0,0,0,0,0,0,0,0,0,0,0,0,0,0
0,0,0,0,0,0,0,0,0,0,0,0,0,0,0,0,0,0,0,0
0,0,0,0,0,0,0,0,0,0,0,0,0,0,0,0,0,0,0,0
0,0,0,0,0,0,0,0,0,0,0,0,0,0,0,0,0,0,0,0
0,0,0,0,0,0,0,0,0,0,0,0,0,0,0,0,0,0,0,0
0,0,0,0,0,0,0,0,0,0,0,0,0,0,0,0,0,0,0,0
0,0,0,0,0,0,0,0,0,0,0,0,0,0,0,0,0,0,0,0
0,0,0,0,0,0,0,0,0,0,0,0,0,0,0,0,0,0,0,0
0,0,0,0,0,0,0,0,0,0,0,0,0,0,0,0,0,0,0,0
0,0,0,0,0,0,0,0,0,0,0,0,0,0,0,0,0,0,0,0
0,0,0,0,0,0,0,0,0,0,0,0,0,0,0,0,0,0,0,0
0,0,0,0,0,0,0,0,0,0,0,0,0,0,0,0,0,0,0,0
0,0,0,0,0,0,0,0,0,0,0,0,0,0,0,0,0,0,0,0
0,0,0,0,0,0,0,0,0,0,0,0,0,0,0,0,0,0,0,0
0,0,0,0,0,0,0,0,0,0,0,0,0,0,0,0,0,0,0,0
0,0,0,0,0,0,0,0,0,0,0,0,0,0,0,0,0,0,0,0
0,0,0,0,0,0,0,0,0,0,0,0,0,0,0,0,0,0,0,0
0,0,0,0,0,0,0,0,0,0,0,0,0,0,0,0,0,0,0,0
0,0,0,0,0,0,0,0,0,0,0,0,0,0,0,0,0,0,0,0
0,0,0,0,0,0,0,0,0,0,0,0,0,0,0,0,0,0,0,0
0,0,0,0,0,0,0,0,0,0,0,0,0,0,0,0,0,0,0,0
0,0,0,0,0,0,0,0,0,0,0,0,0,0,0,0,0,0,0,0
0,0,0,0,0,0,0,0,0,0,0,0,0,0,0,0,0,0,0,0
0,0,0,0,0,0,0,0,0,0,0,0,0,0,0,0,0,0,0,0
0,0,0,0,0,0,0,0,0,0,0,0,0,0,0,0,0,0,0,0
0,0,0,0,0,0,0,0,0,0,0,0,0,0,0,0,0,0,0,0
0,0,0,0,0,0,0,0,0,0,0,0,0,0,0,0,0,0,0,0
0,0,0,0,0,0,0,0,0,0,0,0,0,0,0,0,0,0,0,0
0,0,0,0,0,0,0,0,0,0,0,0,0,0,0,0,0,0,0,0
0,0,0,0,0,0,0,0,0,0,0,0,0,0,0,0,0,0,0,0
0,0,0,0,0,0,0,0,0,0,0,0,0,0,0,0,0,0,0,0
0,0,0,0,0,0,0,0,0,0,0,0,0,0,0,0,0,0,0,0
0,0,0,0,0,0,0,0,0,0,0,0,0,0,0,0,0,0,0,0
0,0,0,0,0,0,0,0,0,0,0,0,0,0,0,0,0,0,0,0
0,0,0,0,0,0,0,0,0,0,0,0,0,0,0,0,0,0,0,0
0,0,0,0,0,0,0,0,0,0,0,0,0,0,0,0,0,0,0,0
0,0,0,0,0,0,0,0,0,0,0,0,0,0,0,0,0,0,0,0
0,0,0,0,0,0,0,0,0,0,0,0,0,0,0,0,0,0,0,0
0,0,0,0,0,0,0,0,0,0,0,0,0,0,0,0,0,0,0,0
0,0,0,0,0,0,0,0,0,0,0,0,0,0,0,0,0,0,0,0
0,0,0,0,0,0,0,0,0,0,0,0,0,0,0,0,0,0,0,0
0,0,0,0,0,0,0,0,0,0,0,0,0,0,0,0,0,0,0,0
0,0,0,0,0,0,0,0,0,0,0,0,0,0,0,0,0,0,0,0
0,0,0,0,0,0,0,0,0,0,0,0,0,0,0,0,0,0,0,0
0,0,0,0,0,0,0,0,0,0,0,0,0,0,0,0,0,0,0,0
0,0,0,0,0,0,0,0,0,0,0,0,0,0,0,0,0,0,0,0
0,0,0,0,0,0,0,0,0,0,0,0,0,0,0,0,0,0,0,0
0,0,0,0,0,0,0,0,0,0,0,0,0,0,0,0,0,0,0,0
0,0,0,0,0,0,0,0,0,0,0,0,0,0,0,0,0,0,0,0
0,0,0,0,0,0,0,0,0,0,0,0,0,0,0,0,0,0,0,0
0,0,0,0,0,0,0,0,0,0,0,0,0,0,0,0,0,0,0,0
0,0,0,0,0,0,0,0,0,0,0,0,0,0,0,0,0,0,0,0
0,0,0,0,0,0,0,0,0,0,0,0,0,0,0,0,0,0,0,0
0,0,0,0,0,0,0,0,0,0,0,0,0,0,0,0,0,0,0,0
0,0,0,0,0,0,0,0,0,0,0,0,0,0,0,0,0,0,0,0
0,0,0,0,0,0,0,0,0,0,0,0,0,0,0,0,0,0,0,0
0,0,0,0,0,0,0,0,0,0,0,0,0,0,0,0,0,0,0,0
0,0,0,0,0,0,0,0,0,0,0,0,0,0,0,0,0,0,0,0
0,0,0,0,0,0,0,0,0,0,0,0,0,0,0,0,0,0,0,0
0,0,0,0,0,0,0,0,0,0,0,0,0,0,0,0,0,0,0,0
0,0,0,0,0,0,0,0,0,0,0,0,0,0,0,0,0,0,0,0
0,0,0,0,0,0,0,0,0,0,0,0,0,0,0,0,0,0,0,0
0,0,0,0,0,0,0,0,0,0,0,0,0,0,0,0,0,0,0,0
0,0,0,0,0,0,0,0,0,0,0,0,0,0,0,0,0,0,0,0
0,0,0,0,0,0,0,0,0,0,0,0,0,0,0,0,0,0,0,0
0,0,0,0,0,0,0,0,0,0,0,0,0,0,0,0,0,0,0,0
0,0,0,0,0,0,0,0,0,0,0,0,0,0,0,0,0,0,0,0
0,0,0,0,0,0,0,0,0,0,0,0,0,0,0,0,0,0,0,0
0,0,0,0,0,0,0,0,0,0,0,0,0,0,0,0,0,0,0,0
0,0,0,0,0,0,0,0,0,0,0,0,0,0,0,0,0,0,0,0
0,0,0,0,0,0,0,0,0,0,0,0,0,0,0,0,0,0,0,0
0,0,0,0,0,0,0,0,0,0,0,0,0,0,0,0,0,0,0,0
0,0,0,0,0,0,0,0,0,0,0,0,0,0,0,0,0,0,0,0
0,0,0,0,0,0,0,0,0,0,0,0,0,0,0,0,0,0,0,0
0,0,0,0,0,0,0,0,0,0,0,0,0,0,0,0,0,0,0,0
0,0,0,0,0,0,0,0,0,0,0,0,0,0,0,0,0,0,0,0
0,0,0,0,0,0,0,0,0,0,0,0,0,0,0,0,0,0,0,0
0,0,0,0,0,0,0,0,0,0,0,0,0,0,0,0,0,0,0,0
0,0,0,0,0,0,0,0,0,0,0,0,0,0,0,0,0,0,0,0
0,0,0,0,0,0,0,0,0,0,0,0,0,0,0,0,0,0,0,0
0,0,0,0,0,0,0,0,0,0,0,0,0,0,0,0,0,0,0,0
0,0,0,0,0,0,0,0,0,0,0,0,0,0,0,0,0,0,0,0
0,0,0,0,0,0,0,0,0,0,0,0,0,0,0,0,0,0,0,0
0,0,0,0,0,0,0,0,0,0,0,0,0,0,0,0,0,0,0,0
0,0,0,0,0,0,0,0,0,0,0,0,0,0,0,0,0,0,0,0
0,0,0,0,0,0,0,0,0,0,0,0,0,0,0,0,0,0,0,0
0,0,0,0,0,0,0,0,0,0,0,0,0,0,0,0,0,0,0,0
0,0,0,0,0,0,0,0,0,0,0,0,0,0,0,0,0,0,0,0
0,0,0,0,0,0,0,0,0,0,0,0,0,0,0,0,0,0,0,0
0,0,0,0,0,0,0,0,0,0,0,0,0,0,0,0,0,0,0,0
0,0,0,0,0,0,0,0,0,0,0,0,0,0,0,0,0,0,0,0
0,0,0,0,0,0,0,0,0,0,0,0,0,0,0,0,0,0,0,0
0,0,0,0,0,0,0,0,0,0,0,0,0,0,0,0,0,0,0,0
0,0,0,0,0,0,0,0,0,0,0,0,0,0,0,0,0,0,0,0
0,0,0,0,0,0,0,0,0,0,0,0,0,0,0,0,0,0,0,0
0,0,0,0,0,0,0,0,0,0,0,0,0,0,0,0,0,0,0,0
0,0,0,0,0,0,0,0,0,0,0,0,0,0,0,0,0,0,0,0
0,0,0,0,0,0,0,0,0,0,0,0,0,0,0,0,0,0,0,0
0,0,0,0,0,0,0,0,0,0,0,0,0,0,0,0,0,0,0,0
0,0,0,0,0,0,0,0,0,0,0,0,0,0,0,0,0,0,0,0
0,0,0,0,0,0,0,0,0,0,0,0,0,0,0,0,0,0,0,0
0,0,0,0,0,0,0,0,0,0,0,0,0,0,0,0,0,0,0,0
0,0,0,0,0,0,0,0,0,0,0,0,0,0,0,0,0,0,0,0
0,0,0,0,0,0,0,0,0,0,0,0,0,0,0,0,0,0,0,0
0,0,0,0,0,0,0,0,0,0,0,0,0,0,0,0,0,0,0,0
0,0,0,0,0,0,0,0,0,0,0,0,0,0,0,0,0,0,0,0
0,0,0,0,0,0,0,0,0,0,0,0,0,0,0,0,0,0,0,0
0,0,0,0,0,0,0,0,0,0,0,0,0,0,0,0,0,0,0,0
0,0,0,0,0,0,0,0,0,0,0,0,0,0,0,0,0,0,0,0
0,0,0,0,0,0,0,0,0,0,0,0,0,0,0,0,0,0,0,0
0,0,0,0,0,0,0,0,0,0,0,0,0,0,0,0,0,0,0,0
0,0,0,0,0,0,0,0,0,0,0,0,0,0,0,0,0,0,0,0
0,0,0,0,0,0,0,0,0,0,0,0,0,0,0,0,0,0,0,0
0,0,0,0,0,0,0,0,0,0,0,0,0,0,0,0,0,0,0,0
0,0,0,0,0,0,0,0,0,0,0,0,0,0,0,0,0,0,0,0
0,0,0,0,0,0,0,0,0,0,0,0,0,0,0,0,0,0,0,0
0,0,0,0,0,0,0,0,0,0,0,0,0,0,0,0,0,0,0,0
0,0,0,0,0,0,0,0,0,0,0,0,0,0,0,0,0,0,0,0
0,0,0,0,0,0,0,0,0,0,0,0,0,0,0,0,0,0,0,0
0,0,0,0,0,0,0,0,0,0,0,0,0,0,0,0,0,0,0,0
0,0,0,0,0,0,0,0,0,0,0,0,0,0,0,0,0,0,0,0
0,0,0,0,0,0,0,0,0,0,0,0,0,0,0,0,0,0,0,0
0,0,0,0,0,0,0,0,0,0,0,0,0,0,0,0,0,0,0,0
0,0,0,0,0,0,0,0,0,0,0,0,0,0,0,0,0,0,0,0
0,0,0,0,0,0,0,0,0,0,0,0,0,0,0,0,0,0,0,0
0,0,0,0,0,0,0,0,0,0,0,0,0,0,0,0,0,0,0,0
0,0,0,0,0,0,0,0,0,0,0,0,0,0,0,0,0,0,0,0
0,0,0,0,0,0,0,0,0,0,0,0,0,0,0,0,0,0,0,0
0,0,0,0,0,0,0,0,0,0,0,0,0,0,0,0,0,0,0,0
0,0,0,0,0,0,0,0,0,0,0,0,0,0,0,0,0,0,0,0
0,0,0,0,0,0,0,0,0,0,0,0,0,0,0,0,0,0,0,0
0,0,0,0,0,0,0,0,0,0,0,0,0,0,0,0,0,0,0,0
0,0,0,0,0,0,0,0,0,0,0,0,0,0,0,0,0,0,0,0
0,0,0,0,0,0,0,0,0,0,0,0,0,0,0,0,0,0,0,0
0,0,0,0,0,0,0,0,0,0,0,0,0,0,0,0,0,0,0,0
0,0,0,0,0,0,0,0,0,0,0,0,0,0,0,0,0,0,0,0
0,0,0,0,0,0,0,0,0,0,0,0,0,0,0,0,0,0,0,0
0,0,0,0,0,0,0,0,0,0,0,0,0,0,0,0,0,0,0,0
0,0,0,0,0,0,0,0,0,0,0,0,0,0,0,0,0,0,0,0
0,0,0,0,0,0,0,0,0,0,0,0,0,0,0,0,0,0,0,0
0,0,0,0,0,0,0,0,0,0,0,0,0,0,0,0,0,0,0,0
0,0,0,0,0,0,0,0,0,0,0,0,0,0,0,0,0,0,0,0
0,0,0,0,0,0,0,0,0,0,0,0,0,0,0,0,0,0,0,0
0,0,0,0,0,0,0,0,0,0,0,0,0,0,0,0,0,0,0,0
0,0,0,0,0,0,0,0,0,0,0,0,0,0,0,0,0,0,0,0
0,0,0,0,0,0,0,0,0,0,0,0,0,0,0,0,0,0,0,0
0,0,0,0,0,0,0,0,0,0,0,0,0,0,0,0,0,0,0,0
0,0,0,0,0,0,0,0,0,0,0,0,0,0,0,0,0,0,0,0
0,0,0,0,0,0,0,0,0,0,0,0,0,0,0,0,0,0,0,0
0,0,0,0,0,0,0,0,0,0,0,0,0,0,0,0,0,0,0,0
0,0,0,0,0,0,0,0,0,0,0,0,0,0,0,0,0,0,0,0
0,0,0,0,0,0,0,0,0,0,0,0,0,0,0,0,0,0,0,0
0,0,0,0,0,0,0,0,0,0,0,0,0,0,0,0,0,0,0,0
0,0,0,0,0,0,0,0,0,0,0,0,0,0,0,0,0,0,0,0
0,0,0,0,0,0,0,0,0,0,0,0,0,0,0,0,0,0,0,0
0,0,0,0,0,0,0,0,0,0,0,0,0,0,0,0,0,0,0,0
0,0,0,0,0,0,0,0,0,0,0,0,0,0,0,0,0,0,0,0
0,0,0,0,0,0,0,0,0,0,0,0,0,0,0,0,0,0,0,0
0,0,0,0,0,0,0,0,0,0,0,0,0,0,0,0,0,0,0,0
0,0,0,0,0,0,0,0,0,0,0,0,0,0,0,0,0,0,0,0
0,0,0,0,0,0,0,0,0,0,0,0,0,0,0,0,0,0,0,0
0,0,0,0,0,0,0,0,0,0,0,0,0,0,0,0,0,0,0,0
0,0,0,0,0,0,0,0,0,0,0,0,0,0,0,0,0,0,0,0
0,0,0,0,0,0,0,0,0,0,0,0,0,0,0,0,0,0,0,0
0,0,0,0,0,0,0,0,0,0,0,0,0,0,0,0,0,0,0,0
0,0,0,0,0,0,0,0,0,0,0,0,0,0,0,0,0,0,0,0
0,0,0,0,0,0,0,0,0,0,0,0,0,0,0,0,0,0,0,0
0,0,0,0,0,0,0,0,0,0,0,0,0,0,0,0,0,0,0,0
0,0,0,0,0,0,0,0,0,0,0,0,0,0,0,0,0,0,0,0
0,0,0,0,0,0,0,0,0,0,0,0,0,0,0,0,0,0,0,0
0,0,0,0,0,0,0,0,0,0,0,0,0,0,0,0,0,0,0,0
0,0,0,0,0,0,0,0,0,0,0,0,0,0,0,0,0,0,0,0
0,0,0,0,0,0,0,0,0,0,0,0,0,0,0,0,0,0,0,0
0,0,0,0,0,0,0,0,0,0,0,0,0,0,0,0,0,0,0,0
0,0,0,0,0,0,0,0,0,0,0,0,0,0,0,0,0,0,0,0
0,0,0,0,0,0,0,0,0,0,0,0,0,0,0,0,0,0,0,0
0,0,0,0,0,0,0,0,0,0,0,0,0,0,0,0,0,0,0,0
0,0,0,0,0,0,0,0,0,0,0,0,0,0,0,0,0,0,0,0
0,0,0,0,0,0,0,0,0,0,0,0,0,0,0,0,0,0,0,0
0,0,0,0,0,0,0,0,0,0,0,0,0,0,0,0,0,0,0,0
0,0,0,0,0,0,0,0,0,0,0,0,0,0,0,0,0,0,0,0
0,0,0,0,0,0,0,0,0,0,0,0,0,0,0,0,0,0,0,0
0,0,0,0,0,0,0,0,0,0,0,0,0,0,0,0,0,0,0,0
0,0,0,0,0,0,0,0,0,0,0,0,0,0,0,0,0,0,0,0
0,0,0,0,0,0,0,0,0,0,0,0,0,0,0,0,0,0,0,0
0,0,0,0,0,0,0,0,0,0,0,0,0,0,0,0,0,0,0,0
0,0,0,0,0,0,0,0,0,0,0,0,0,0,0,0,0,0,0,0
0,0,0,0,0,0,0,0,0,0,0,0,0,0,0,0,0,0,0,0
0,0,0,0,0,0,0,0,0,0,0,0,0,0,0,0,0,0,0,0
0,0,0,0,0,0,0,0,0,0,0,0,0,0,0,0,0,0,0,0
0,0,0,0,0,0,0,0,0,0,0,0,0,0,0,0,0,0,0,0
0,0,0,0,0,0,0,0,0,0,0,0,0,0,0,0,0,0,0,0
0,0,0,0,0,0,0,0,0,0,0,0,0,0,0,0,0,0,0,0
0,0,0,0,0,0,0,0,0,0,0,0,0,0,0,0,0,0,0,0
0,0,0,0,0,0,0,0,0,0,0,0,0,0,0,0,0,0,0,0
0,0,0,0,0,0,0,0,0,0,0,0,0,0,0,0,0,0,0,0
0,0,0,0,0,0,0,0,0,0,0,0,0,0,0,0,0,0,0,0
0,0,0,0,0,0,0,0,0,0,0,0,0,0,0,0,0,0,0,0
0,0,0,0,0,0,0,0,0,0,0,0,0,0,0,0,0,0,0,0
0,0,0,0,0,0,0,0,0,0,0,0,0,0,0,0,0,0,0,0
0,0,0,0,0,0,0,0,0,0,0,0,0,0,0,0,0,0,0,0
0,0,0,0,0,0,0,0,0,0,0,0,0,0,0,0,0,0,0,0
0,0,0,0,0,0,0,0,0,0,0,0,0,0,0,0,0,0,0,0
0,0,0,0,0,0,0,0,0,0,0,0,0,0,0,0,0,0,0,0
0,0,0,0,0,0,0,0,0,0,0,0,0,0,0,0,0,0,0,0
0,0,0,0,0,0,0,0,0,0,0,0,0,0,0,0,0,0,0,0
0,0,0,0,0,0,0,0,0,0,0,0,0,0,0,0,0,0,0,0
0,0,0,0,0,0,0,0,0,0,0,0,0,0,0,0,0,0,0,0
0,0,0,0,0,0,0,0,0,0,0,0,0,0,0,0,0,0,0,0
0,0,0,0,0,0,0,0,0,0,0,0,0,0,0,0,0,0,0,0
0,0,0,0,0,0,0,0,0,0,0,0,0,0,0,0,0,0,0,0
0,0,0,0,0,0,0,0,0,0,0,0,0,0,0,0,0,0,0,0
0,0,0,0,0,0,0,0,0,0,0,0,0,0,0,0,0,0,0,0
0,0,0,0,0,0,0,0,0,0,0,0,0,0,0,0,0,0,0,0
0,0,0,0,0,0,0,0,0,0,0,0,0,0,0,0,0,0,0,0
0,0,0,0,0,0,0,0,0,0,0,0,0,0,0,0,0,0,0,0
0,0,0,0,0,0,0,0,0,0,0,0,0,0,0,0,0,0,0,0
0,0,0,0,0,0,0,0,0,0,0,0,0,0,0,0,0,0,0,0
0,0,0,0,0,0,0,0,0,0,0,0,0,0,0,0,0,0,0,0
0,0,0,0,0,0,0,0,0,0,0,0,0,0,0,0,0,0,0,0
0,0,0,0,0,0,0,0,0,0,0,0,0,0,0,0,0,0,0,0
0,0,0,0,0,0,0,0,0,0,0,0,0,0,0,0,0,0,0,0
0,0,0,0,0,0,0,0,0,0,0,0,0,0,0,0,0,0,0,0
0,0,0,0,0,0,0,0,0,0,0,0,0,0,0,0,0,0,0,0
0,0,0,0,0,0,0,0,0,0,0,0,0,0,0,0,0,0,0,0
0,0,0,0,0,0,0,0,0,0,0,0,0,0,0,0,0,0,0,0
0,0,0,0,0,0,0,0,0,0,0,0,0,0,0,0,0,0,0,0
0,0,0,0,0,0,0,0,0,0,0,0,0,0,0,0,0,0,0,0
0,0,0,0,0,0,0,0,0,0,0,0,0,0,0,0,0,0,0,0
0,0,0,0,0,0,0,0,0,0,0,0,0,0,0,0,0,0,0,0
0,0,0,0,0,0,0,0,0,0,0,0,0,0,0,0,0,0,0,0
0,0,0,0,0,0,0,0,0,0,0,0,0,0,0,0,0,0,0,0
0,0,0,0,0,0,0,0,0,0,0,0,0,0,0,0,0,0,0,0
0,0,0,0,0,0,0,0,0,0,0,0,0,0,0,0,0,0,0,0
0,0,0,0,0,0,0,0,0,0,0,0,0,0,0,0,0,0,0,0
0,0,0,0,0,0,0,0,0,0,0,0,0,0,0,0,0,0,0,0
0,0,0,0,0,0,0,0,0,0,0,0,0,0,0,0,0,0,0,0
0,0,0,0,0,0,0,0,0,0,0,0,0,0,0,0,0,0,0,0
0,0,0,0,0,0,0,0,0,0,0,0,0,0,0,0,0,0,0,0
0,0,0,0,0,0,0,0,0,0,0,0,0,0,0,0,0,0,0,0
0,0,0,0,0,0,0,0,0,0,0,0,0,0,0,0,0,0,0,0
0,0,0,0,0,0,0,0,0,0,0,0,0,0,0,0,0,0,0,0
0,0,0,0,0,0,0,0,0,0,0,0,0,0,0,0,0,0,0,0
0,0,0,0,0,0,0,0,0,0,0,0,0,0,0,0,0,0,0,0
0,0,0,0,0,0,0,0,0,0,0,0,0,0,0,0,0,0,0,0
0,0,0,0,0,0,0,0,0,0,0,0,0,0,0,0,0,0,0,0
0,0,0,0,0,0,0,0,0,0,0,0,0,0,0,0,0,0,0,0
0,0,0,0,0,0,0,0,0,0,0,0,0,0,0,0,0,0,0,0
0,0,0,0,0,0,0,0,0,0,0,0,0,0,0,0,0,0,0,0
0,0,0,0,0,0,0,0,0,0,0,0,0,0,0,0,0,0,0,0
0,0,0,0,0,0,0,0,0,0,0,0,0,0,0,0,0,0,0,0
0,0,0,0,0,0,0,0,0,0,0,0,0,0,0,0,0,0,0,0
0,0,0,0,0,0,0,0,0,0,0,0,0,0,0,0,0,0,0,0
0,0,0,0,0,0,0,0,0,0,0,0,0,0,0,0,0,0,0,0
0,0,0,0,0,0,0,0,0,0,0,0,0,0,0,0,0,0,0,0
0,0,0,0,0,0,0,0,0,0,0,0,0,0,0,0,0,0,0,0
0,0,0,0,0,0,0,0,0,0,0,0,0,0,0,0,0,0,0,0
0,0,0,0,0,0,0,0,0,0,0,0,0,0,0,0,0,0,0,0
0,0,0,0,0,0,0,0,0,0,0,0,0,0,0,0,0,0,0,0
0,0,0,0,0,0,0,0,0,0,0,0,0,0,0,0,0,0,0,0
0,0,0,0,0,0,0,0,0,0,0,0,0,0,0,0,0,0,0,0
0,0,0,0,0,0,0,0,0,0,0,0,0,0,0,0,0,0,0,0
0,0,0,0,0,0,0,0,0,0,0,0,0,0,0,0,0,0,0,0
0,0,0,0,0,0,0,0,0,0,0,0,0,0,0,0,0,0,0,0
0,0,0,0,0,0,0,0,0,0,0,0,0,0,0,0,0,0,0,0
0,0,0,0,0,0,0,0,0,0,0,0,0,0,0,0,0,0,0,0
0,0,0,0,0,0,0,0,0,0,0,0,0,0,0,0,0,0,0,0
0,0,0,0,0,0,0,0,0,0,0,0,0,0,0,0,0,0,0,0
0,0,0,0,0,0,0,0,0,0,0,0,0,0,0,0,0,0,0,0
0,0,0,0,0,0,0,0,0,0,0,0,0,0,0,0,0,0,0,0
0,0,0,0,0,0,0,0,0,0,0,0,0,0,0,0,0,0,0,0
0,0,0,0,0,0,0,0,0,0,0,0,0,0,0,0,0,0,0,0
0,0,0,0,0,0,0,0,0,0,0,0,0,0,0,0,0,0,0,0
0,0,0,0,0,0,0,0,0,0,0,0,0,0,0,0,0,0,0,0
0,0,0,0,0,0,0,0,0,0,0,0,0,0,0,0,0,0,0,0
0,0,0,0,0,0,0,0,0,0,0,0,0,0,0,0,0,0,0,0
0,0,0,0,0,0,0,0,0,0,0,0,0,0,0,0,0,0,0,0
0,0,0,0,0,0,0,0,0,0,0,0,0,0,0,0,0,0,0,0
0,0,0,0,0,0,0,0,0,0,0,0,0,0,0,0,0,0,0,0
0,0,0,0,0,0,0,0,0,0,0,0,0,0,0,0,0,0,0,0
0,0,0,0,0,0,0,0,0,0,0,0,0,0,0,0,0,0,0,0
0,0,0,0,0,0,0,0,0,0,0,0,0,0,0,0,0,0,0,0
0,0,0,0,0,0,0,0,0,0,0,0,0,0,0,0,0,0,0,0
0,0,0,0,0,0,0,0,0,0,0,0,0,0,0,0,0,0,0,0
0,0,0,0,0,0,0,0,0,0,0,0,0,0,0,0,0,0,0,0
0,0,0,0,0,0,0,0,0,0,0,0,0,0,0,0,0,0,0,0
0,0,0,0,0,0,0,0,0,0,0,0,0,0,0,0,0,0,0,0
0,0,0,0,0,0,0,0,0,0,0,0,0,0,0,0,0,0,0,0
0,0,0,0,0,0,0,0,0,0,0,0,0,0,0,0,0,0,0,0
0,0,0,0,0,0,0,0,0,0,0,0,0,0,0,0,0,0,0,0
0,0,0,0,0,0,0,0,0,0,0,0,0,0,0,0,0,0,0,0
0,0,0,0,0,0,0,0,0,0,0,0,0,0,0,0,0,0,0,0
0,0,0,0,0,0,0,0,0,0,0,0,0,0,0,0,0,0,0,0
0,0,0,0,0,0,0,0,0,0,0,0,0,0,0,0,0,0,0,0
0,0,0,0,0,0,0,0,0,0,0,0,0,0,0,0,0,0,0,0
0,0,0,0,0,0,0,0,0,0,0,0,0,0,0,0,0,0,0,0
0,0,0,0,0,0,0,0,0,0,0,0,0,0,0,0,0,0,0,0
0,0,0,0,0,0,0,0,0,0,0,0,0,0,0,0,0,0,0,0
0,0,0,0,0,0,0,0,0,0,0,0,0,0,0,0,0,0,0,0
0,0,0,0,0,0,0,0,0,0,0,0,0,0,0,0,0,0,0,0
0,0,0,0,0,0,0,0,0,0,0,0,0,0,0,0,0,0,0,0
0,0,0,0,0,0,0,0,0,0,0,0,0,0,0,0,0,0,0,0
0,0,0,0,0,0,0,0,0,0,0,0,0,0,0,0,0,0,0,0
0,0,0,0,0,0,0,0,0,0,0,0,0,0,0,0,0,0,0,0
0,0,0,0,0,0,0,0,0,0,0,0,0,0,0,0,0,0,0,0
0,0,0,0,0,0,0,0,0,0,0,0,0,0,0,0,0,0,0,0
0,0,0,0,0,0,0,0,0,0,0,0,0,0,0,0,0,0,0,0
0,0,0,0,0,0,0,0,0,0,0,0,0,0,0,0,0,0,0,0
0,0,0,0,0,0,0,0,0,0,0,0,0,0,0,0,0,0,0,0
0,0,0,0,0,0,0,0,0,0,0,0,0,0,0,0,0,0,0,0
0,0,0,0,0,0,0,0,0,0,0,0,0,0,0,0,0,0,0,0
0,0,0,0,0,0,0,0,0,0,0,0,0,0,0,0,0,0,0,0
0,0,0,0,0,0,0,0,0,0,0,0,0,0,0,0,0,0,0,0
0,0,0,0,0,0,0,0,0,0,0,0,0,0,0,0,0,0,0,0
0,0,0,0,0,0,0,0,0,0,0,0,0,0,0,0,0,0,0,0
0,0,0,0,0,0,0,0,0,0,0,0,0,0,0,0,0,0,0,0
0,0,0,0,0,0,0,0,0,0,0,0,0,0,0,0,0,0,0,0
0,0,0,0,0,0,0,0,0,0,0,0,0,0,0,0,0,0,0,0
0,0,0,0,0,0,0,0,0,0,0,0,0,0,0,0,0,0,0,0
0,0,0,0,0,0,0,0,0,0,0,0,0,0,0,0,0,0,0,0
0,0,0,0,0,0,0,0,0,0,0,0,0,0,0,0,0,0,0,0
0,0,0,0,0,0,0,0,0,0,0,0,0,0,0,0,0,0,0,0
0,0,0,0,0,0,0,0,0,0,0,0,0,0,0,0,0,0,0,0
0,0,0,0,0,0,0,0,0,0,0,0,0,0,0,0,0,0,0,0
0,0,0,0,0,0,0,0,0,0,0,0,0,0,0,0,0,0,0,0
0,0,0,0,0,0,0,0,0,0,0,0,0,0,0,0,0,0,0,0
0,0,0,0,0,0,0,0,0,0,0,0,0,0,0,0,0,0,0,0
0,0,0,0,0,0,0,0,0,0,0,0,0,0,0,0,0,0,0,0
0,0,0,0,0,0,0,0,0,0,0,0,0,0,0,0,0,0,0,0
0,0,0,0,0,0,0,0,0,0,0,0,0,0,0,0,0,0,0,0
0,0,0,0,0,0,0,0,0,0,0,0,0,0,0,0,0,0,0,0
0,0,0,0,0,0,0,0,0,0,0,0,0,0,0,0,0,0,0,0
0,0,0,0,0,0,0,0,0,0,0,0,0,0,0,0,0,0,0,0
0,0,0,0,0,0,0,0,0,0,0,0,0,0,0,0,0,0,0,0
0,0,0,0,0,0,0,0,0,0,0,0,0,0,0,0,0,0,0,0
0,0,0,0,0,0,0,0,0,0,0,0,0,0,0,0,0,0,0,0
0,0,0,0,0,0,0,0,0,0,0,0,0,0,0,0,0,0,0,0
0,0,0,0,0,0,0,0,0,0,0,0,0,0,0,0,0,0,0,0
0,0,0,0,0,0,0,0,0,0,0,0,0,0,0,0,0,0,0,0
0,0,0,0,0,0,0,0,0,0,0,0,0,0,0,0,0,0,0,0
0,0,0,0,0,0,0,0,0,0,0,0,0,0,0,0,0,0,0,0
0,0,0,0,0,0,0,0,0,0,0,0,0,0,0,0,0,0,0,0
0,0,0,0,0,0,0,0,0,0,0,0,0,0,0,0,0,0,0,0
0,0,0,0,0,0,0,0,0,0,0,0,0,0,0,0,0,0,0,0
0,0,0,0,0,0,0,0,0,0,0,0,0,0,0,0,0,0,0,0
0,0,0,0,0,0,0,0,0,0,0,0,0,0,0,0,0,0,0,0
0,0,0,0,0,0,0,0,0,0,0,0,0,0,0,0,0,0,0,0
0,0,0,0,0,0,0,0,0,0,0,0,0,0,0,0,0,0,0,0
0,0,0,0,0,0,0,0,0,0,0,0,0,0,0,0,0,0,0,0
0,0,0,0,0,0,0,0,0,0,0,0,0,0,0,0,0,0,0,0
0,0,0,0,0,0,0,0,0,0,0,0,0,0,0,0,0,0,0,0
0,0,0,0,0,0,0,0,0,0,0,0,0,0,0,0,0,0,0,0
0,0,0,0,0,0,0,0,0,0,0,0,0,0,0,0,0,0,0,0
0,0,0,0,0,0,0,0,0,0,0,0,0,0,0,0,0,0,0,0
0,0,0,0,0,0,0,0,0,0,0,0,0,0,0,0,0,0,0,0
0,0,0,0,0,0,0,0,0,0,0,0,0,0,0,0,0,0,0,0
0,0,0,0,0,0,0,0,0,0,0,0,0,0,0,0,0,0,0,0
0,0,0,0,0,0,0,0,0,0,0,0,0,0,0,0,0,0,0,0
0,0,0,0,0,0,0,0,0,0,0,0,0,0,0,0,0,0,0,0
0,0,0,0,0,0,0,0,0,0,0,0,0,0,0,0,0,0,0,0
0,0,0,0,0,0,0,0,0,0,0,0,0,0,0,0,0,0,0,0
0,0,0,0,0,0,0,0,0,0,0,0,0,0,0,0,0,0,0,0
0,0,0,0,0,0,0,0,0,0,0,0,0,0,0,0,0,0,0,0
0,0,0,0,0,0,0,0,0,0,0,0,0,0,0,0,0,0,0,0
0,0,0,0,0,0,0,0,0,0,0,0,0,0,0,0,0,0,0,0
0,0,0,0,0,0,0,0,0,0,0,0,0,0,0,0,0,0,0,0
0,0,0,0,0,0,0,0,0,0,0,0,0,0,0,0,0,0,0,0
0,0,0,0,0,0,0,0,0,0,0,0,0,0,0,0,0,0,0,0
0,0,0,0,0,0,0,0,0,0,0,0,0,0,0,0,0,0,0,0
0,0,0,0,0,0,0,0,0,0,0,0,0,0,0,0,0,0,0,0
0,0,0,0,0,0,0,0,0,0,0,0,0,0,0,0,0,0,0,0
0,0,0,0,0,0,0,0,0,0,0,0,0,0,0,0,0,0,0,0
0,0,0,0,0,0,0,0,0,0,0,0,0,0,0,0,0,0,0,0
0,0,0,0,0,0,0,0,0,0,0,0,0,0,0,0,0,0,0,0
0,0,0,0,0,0,0,0,0,0,0,0,0,0,0,0,0,0,0,0
0,0,0,0,0,0,0,0,0,0,0,0,0,0,0,0,0,0,0,0
0,0,0,0,0,0,0,0,0,0,0,0,0,0,0,0,0,0,0,0
0,0,0,0,0,0,0,0,0,0,0,0,0,0,0,0,0,0,0,0
0,0,0,0,0,0,0,0,0,0,0,0,0,0,0,0,0,0,0,0
0,0,0,0,0,0,0,0,0,0,0,0,0,0,0,0,0,0,0,0
0,0,0,0,0,0,0,0,0,0,0,0,0,0,0,0,0,0,0,0
0,0,0,0,0,0,0,0,0,0,0,0,0,0,0,0,0,0,0,0
0,0,0,0,0,0,0,0,0,0,0,0,0,0,0,0,0,0,0,0
0,0,0,0,0,0,0,0,0,0,0,0,0,0,0,0,0,0,0,0
0,0,0,0,0,0,0,0,0,0,0,0,0,0,0,0,0,0,0,0
0,0,0,0,0,0,0,0,0,0,0,0,0,0,0,0,0,0,0,0
0,0,0,0,0,0,0,0,0,0,0,0,0,0,0,0,0,0,0,0
0,0,0,0,0,0,0,0,0,0,0,0,0,0,0,0,0,0,0,0
0,0,0,0,0,0,0,0,0,0,0,0,0,0,0,0,0,0,0,0
0,0,0,0,0,0,0,0,0,0,0,0,0,0,0,0,0,0,0,0
0,0,0,0,0,0,0,0,0,0,0,0,0,0,0,0,0,0,0,0
0,0,0,0,0,0,0,0,0,0,0,0,0,0,0,0,0,0,0,0
0,0,0,0,0,0,0,0,0,0,0,0,0,0,0,0,0,0,0,0
0,0,0,0,0,0,0,0,0,0,0,0,0,0,0,0,0,0,0,0
0,0,0,0,0,0,0,0,0,0,0,0,0,0,0,0,0,0,0,0
0,0,0,0,0,0,0,0,0,0,0,0,0,0,0,0,0,0,0,0
0,0,0,0,0,0,0,0,0,0,0,0,0,0,0,0,0,0,0,0
0,0,0,0,0,0,0,0,0,0,0,0,0,0,0,0,0,0,0,0
0,0,0,0,0,0,0,0,0,0,0,0,0,0,0,0,0,0,0,0
0,0,0,0,0,0,0,0,0,0,0,0,0,0,0,0,0,0,0,0
0,0,0,0,0,0,0,0,0,0,0,0,0,0,0,0,0,0,0,0
0,0,0,0,0,0,0,0,0,0,0,0,0,0,0,0,0,0,0,0
0,0,0,0,0,0,0,0,0,0,0,0,0,0,0,0,0,0,0,0
0,0,0,0,0,0,0,0,0,0,0,0,0,0,0,0,0,0,0,0
0,0,0,0,0,0,0,0,0,0,0,0,0,0,0,0,0,0,0,0
0,0,0,0,0,0,0,0,0,0,0,0,0,0,0,0,0,0,0,0
0,0,0,0,0,0,0,0,0,0,0,0,0,0,0,0,0,0,0,0
0,0,0,0,0,0,0,0,0,0,0,0,0,0,0,0,0,0,0,0
0,0,0,0,0,0,0,0,0,0,0,0,0,0,0,0,0,0,0,0
0,0,0,0,0,0,0,0,0,0,0,0,0,0,0,0,0,0,0,0
0,0,0,0,0,0,0,0,0,0,0,0,0,0,0,0,0,0,0,0
0,0,0,0,0,0,0,0,0,0,0,0,0,0,0,0,0,0,0,0
0,0,0,0,0,0,0,0,0,0,0,0,0,0,0,0,0,0,0,0
0,0,0,0,0,0,0,0,0,0,0,0,0,0,0,0,0,0,0,0
0,0,0,0,0,0,0,0,0,0,0,0,0,0,0,0,0,0,0,0
0,0,0,0,0,0,0,0,0,0,0,0,0,0,0,0,0,0,0,0
0,0,0,0,0,0,0,0,0,0,0,0,0,0,0,0,0,0,0,0
0,0,0,0,0,0,0,0,0,0,0,0,0,0,0,0,0,0,0,0
0,0,0,0,0,0,0,0,0,0,0,0,0,0,0,0,0,0,0,0
0,0,0,0,0,0,0,0,0,0,0,0,0,0,0,0,0,0,0,0
0,0,0,0,0,0,0,0,0,0,0,0,0,0,0,0,0,0,0,0
0,0,0,0,0,0,0,0,0,0,0,0,0,0,0,0,0,0,0,0
0,0,0,0,0,0,0,0,0,0,0,0,0,0,0,0,0,0,0,0
0,0,0,0,0,0,0,0,0,0,0,0,0,0,0,0,0,0,0,0
0,0,0,0,0,0,0,0,0,0,0,0,0,0,0,0,0,0,0,0
0,0,0,0,0,0,0,0,0,0,0,0,0,0,0,0,0,0,0,0
0,0,0,0,0,0,0,0,0,0,0,0,0,0,0,0,0,0,0,0
0,0,0,0,0,0,0,0,0,0,0,0,0,0,0,0,0,0,0,0
0,0,0,0,0,0,0,0,0,0,0,0,0,0,0,0,0,0,0,0
0,0,0,0,0,0,0,0,0,0,0,0,0,0,0,0,0,0,0,0
0,0,0,0,0,0,0,0,0,0,0,0,0,0,0,0,0,0,0,0
0,0,0,0,0,0,0,0,0,0,0,0,0,0,0,0,0,0,0,0
0,0,0,0,0,0,0,0,0,0,0,0,0,0,0,0,0,0,0,0
0,0,0,0,0,0,0,0,0,0,0,0,0,0,0,0,0,0,0,0
0,0,0,0,0,0,0,0,0,0,0,0,0,0,0,0,0,0,0,0
0,0,0,0,0,0,0,0,0,0,0,0,0,0,0,0,0,0,0,0
0,0,0,0,0,0,0,0,0,0,0,0,0,0,0,0,0,0,0,0
0,0,0,0,0,0,0,0,0,0,0,0,0,0,0,0,0,0,0,0
0,0,0,0,0,0,0,0,0,0,0,0,0,0,0,0,0,0,0,0
0,0,0,0,0,0,0,0,0,0,0,0,0,0,0,0,0,0,0,0
0,0,0,0,0,0,0,0,0,0,0,0,0,0,0,0,0,0,0,0
0,0,0,0,0,0,0,0,0,0,0,0,0,0,0,0,0,0,0,0
0,0,0,0,0,0,0,0,0,0,0,0,0,0,0,0,0,0,0,0
0,0,0,0,0,0,0,0,0,0,0,0,0,0,0,0,0,0,0,0
0,0,0,0,0,0,0,0,0,0,0,0,0,0,0,0,0,0,0,0
0,0,0,0,0,0,0,0,0,0,0,0,0,0,0,0,0,0,0,0
0,0,0,0,0,0,0,0,0,0,0,0,0,0,0,0,0,0,0,0
0,0,0,0,0,0,0,0,0,0,0,0,0,0,0,0,0,0,0,0
0,0,0,0,0,0,0,0,0,0,0,0,0,0,0,0,0,0,0,0
0,0,0,0,0,0,0,0,0,0,0,0,0,0,0,0,0,0,0,0
0,0,0,0,0,0,0,0,0,0,0,0,0,0,0,0,0,0,0,0
0,0,0,0,0,0,0,0,0,0,0,0,0,0,0,0,0,0,0,0
0,0,0,0,0,0,0,0,0,0,0,0,0,0,0,0,0,0,0,0
0,0,0,0,0,0,0,0,0,0,0,0,0,0,0,0,0,0,0,0
0,0,0,0,0,0,0,0,0,0,0,0,0,0,0,0,0,0,0,0
0,0,0,0,0,0,0,0,0,0,0,0,0,0,0,0,0,0,0,0
0,0,0,0,0,0,0,0,0,0,0,0,0,0,0,0,0,0,0,0
0,0,0,0,0,0,0,0,0,0,0,0,0,0,0,0,0,0,0,0
0,0,0,0,0,0,0,0,0,0,0,0,0,0,0,0,0,0,0,0
0,0,0,0,0,0,0,0,0,0,0,0,0,0,0,0,0,0,0,0
0,0,0,0,0,0,0,0,0,0,0,0,0,0,0,0,0,0,0,0
0,0,0,0,0,0,0,0,0,0,0,0,0,0,0,0,0,0,0,0
0,0,0,0,0,0,0,0,0,0,0,0,0,0,0,0,0,0,0,0
0,0,0,0,0,0,0,0,0,0,0,0,0,0,0,0,0,0,0,0
0,0,0,0,0,0,0,0,0,0,0,0,0,0,0,0,0,0,0,0
0,0,0,0,0,0,0,0,0,0,0,0,0,0,0,0,0,0,0,0
0,0,0,0,0,0,0,0,0,0,0,0,0,0,0,0,0,0,0,0
0,0,0,0,0,0,0,0,0,0,0,0,0,0,0,0,0,0,0,0
0,0,0,0,0,0,0,0,0,0,0,0,0,0,0,0,0,0,0,0
0,0,0,0,0,0,0,0,0,0,0,0,0,0,0,0,0,0,0,0
0,0,0,0,0,0,0,0,0,0,0,0,0,0,0,0,0,0,0,0
0,0,0,0,0,0,0,0,0,0,0,0,0,0,0,0,0,0,0,0
0,0,0,0,0,0,0,0,0,0,0,0,0,0,0,0,0,0,0,0
0,0,0,0,0,0,0,0,0,0,0,0,0,0,0,0,0,0,0,0
0,0,0,0,0,0,0,0,0,0,0,0,0,0,0,0,0,0,0,0
0,0,0,0,0,0,0,0,0,0,0,0,0,0,0,0,0,0,0,0
0,0,0,0,0,0,0,0,0,0,0,0,0,0,0,0,0,0,0,0
0,0,0,0,0,0,0,0,0,0,0,0,0,0,0,0,0,0,0,0
0,0,0,0,0,0,0,0,0,0,0,0,0,0,0,0,0,0,0,0
0,0,0,0,0,0,0,0,0,0,0,0,0,0,0,0,0,0,0,0
0,0,0,0,0,0,0,0,0,0,0,0,0,0,0,0,0,0,0,0
0,0,0,0,0,0,0,0,0,0,0,0,0,0,0,0,0,0,0,0
0,0,0,0,0,0,0,0,0,0,0,0,0,0,0,0,0,0,0,0
0,0,0,0,0,0,0,0,0,0,0,0,0,0,0,0,0,0,0,0
0,0,0,0,0,0,0,0,0,0,0,0,0,0,0,0,0,0,0,0
0,0,0,0,0,0,0,0,0,0,0,0,0,0,0,0,0,0,0,0
0,0,0,0,0,0,0,0,0,0,0,0,0,0,0,0,0,0,0,0
0,0,0,0,0,0,0,0,0,0,0,0,0,0,0,0,0,0,0,0
0,0,0,0,0,0,0,0,0,0,0,0,0,0,0,0,0,0,0,0
0,0,0,0,0,0,0,0,0,0,0,0,0,0,0,0,0,0,0,0
0,0,0,0,0,0,0,0,0,0,0,0,0,0,0,0,0,0,0,0
0,0,0,0,0,0,0,0,0,0,0,0,0,0,0,0,0,0,0,0
0,0,0,0,0,0,0,0,0,0,0,0,0,0,0,0,0,0,0,0
0,0,0,0,0,0,0,0,0,0,0,0,0,0,0,0,0,0,0,0
0,0,0,0,0,0,0,0,0,0,0,0,0,0,0,0,0,0,0,0
0,0,0,0,0,0,0,0,0,0,0,0,0,0,0,0,0,0,0,0
0,0,0,0,0,0,0,0,0,0,0,0,0,0,0,0,0,0,0,0
0,0,0,0,0,0,0,0,0,0,0,0,0,0,0,0,0,0,0,0
0,0,0,0,0,0,0,0,0,0,0,0,0,0,0,0,0,0,0,0
0,0,0,0,0,0,0,0,0,0,0,0,0,0,0,0,0,0,0,0
0,0,0,0,0,0,0,0,0,0,0,0,0,0,0,0,0,0,0,0
0,0,0,0,0,0,0,0,0,0,0,0,0,0,0,0,0,0,0,0
0,0,0,0,0,0,0,0,0,0,0,0,0,0,0,0,0,0,0,0
0,0,0,0,0,0,0,0,0,0,0,0,0,0,0,0,0,0,0,0
0,0,0,0,0,0,0,0,0,0,0,0,0,0,0,0,0,0,0,0
0,0,0,0,0,0,0,0,0,0,0,0,0,0,0,0,0,0,0,0
0,0,0,0,0,0,0,0,0,0,0,0,0,0,0,0,0,0,0,0
0,0,0,0,0,0,0,0,0,0,0,0,0,0,0,0,0,0,0,0
0,0,0,0,0,0,0,0,0,0,0,0,0,0,0,0,0,0,0,0
0,0,0,0,0,0,0,0,0,0,0,0,0,0,0,0,0,0,0,0
0,0,0,0,0,0,0,0,0,0,0,0,0,0,0,0,0,0,0,0
0,0,0,0,0,0,0,0,0,0,0,0,0,0,0,0,0,0,0,0
0,0,0,0,0,0,0,0,0,0,0,0,0,0,0,0,0,0,0,0
0,0,0,0,0,0,0,0,0,0,0,0,0,0,0,0,0,0,0,0
0,0,0,0,0,0,0,0,0,0,0,0,0,0,0,0,0,0,0,0
0,0,0,0,0,0,0,0,0,0,0,0,0,0,0,0,0,0,0,0
0,0,0,0,0,0,0,0,0,0,0,0,0,0,0,0,0,0,0,0
0,0,0,0,0,0,0,0,0,0,0,0,0,0,0,0,0,0,0,0
0,0,0,0,0,0,0,0,0,0,0,0,0,0,0,0,0,0,0,0
0,0,0,0,0,0,0,0,0,0,0,0,0,0,0,0,0,0,0,0
0,0,0,0,0,0,0,0,0,0,0,0,0,0,0,0,0,0,0,0
0,0,0,0,0,0,0,0,0,0,0,0,0,0,0,0,0,0,0,0
0,0,0,0,0,0,0,0,0,0,0,0,0,0,0,0,0,0,0,0
0,0,0,0,0,0,0,0,0,0,0,0,0,0,0,0,0,0,0,0
0,0,0,0,0,0,0,0,0,0,0,0,0,0,0,0,0,0,0,0
0,0,0,0,0,0,0,0,0,0,0,0,0,0,0,0,0,0,0,0
0,0,0,0,0,0,0,0,0,0,0,0,0,0,0,0,0,0,0,0
0,0,0,0,0,0,0,0,0,0,0,0,0,0,0,0,0,0,0,0
0,0,0,0,0,0,0,0,0,0,0,0,0,0,0,0,0,0,0,0
0,0,0,0,0,0,0,0,0,0,0,0,0,0,0,0,0,0,0,0
0,0,0,0,0,0,0,0,0,0,0,0,0,0,0,0,0,0,0,0
0,0,0,0,0,0,0,0,0,0,0,0,0,0,0,0,0,0,0,0
0,0,0,0,0,0,0,0,0,0,0,0,0,0,0,0,0,0,0,0
0,0,0,0,0,0,0,0,0,0,0,0,0,0,0,0,0,0,0,0
0,0,0,0,0,0,0,0,0,0,0,0,0,0,0,0,0,0,0,0
0,0,0,0,0,0,0,0,0,0,0,0,0,0,0,0,0,0,0,0
0,0,0,0,0,0,0,0,0,0,0,0,0,0,0,0,0,0,0,0
0,0,0,0,0,0,0,0,0,0,0,0,0,0,0,0,0,0,0,0
0,0,0,0,0,0,0,0,0,0,0,0,0,0,0,0,0,0,0,0
0,0,0,0,0,0,0,0,0,0,0,0,0,0,0,0,0,0,0,0
0,0,0,0,0,0,0,0,0,0,0,0,0,0,0,0,0,0,0,0
0,0,0,0,0,0,0,0,0,0,0,0,0,0,0,0,0,0,0,0
0,0,0,0,0,0,0,0,0,0,0,0,0,0,0,0,0,0,0,0
0,0,0,0,0,0,0,0,0,0,0,0,0,0,0,0,0,0,0,0
0,0,0,0,0,0,0,0,0,0,0,0,0,0,0,0,0,0,0,0
0,0,0,0,0,0,0,0,0,0,0,0,0,0,0,0,0,0,0,0
0,0,0,0,0,0,0,0,0,0,0,0,0,0,0,0,0,0,0,0
0,0,0,0,0,0,0,0,0,0,0,0,0,0,0,0,0,0,0,0
0,0,0,0,0,0,0,0,0,0,0,0,0,0,0,0,0,0,0,0
0,0,0,0,0,0,0,0,0,0,0,0,0,0,0,0,0,0,0,0
0,0,0,0,0,0,0,0,0,0,0,0,0,0,0,0,0,0,0,0
0,0,0,0,0,0,0,0,0,0,0,0,0,0,0,0,0,0,0,0
0,0,0,0,0,0,0,0,0,0,0,0,0,0,0,0,0,0,0,0
0,0,0,0,0,0,0,0,0,0,0,0,0,0,0,0,0,0,0,0
0,0,0,0,0,0,0,0,0,0,0,0,0,0,0,0,0,0,0,0
0,0,0,0,0,0,0,0,0,0,0,0,0,0,0,0,0,0,0,0
0,0,0,0,0,0,0,0,0,0,0,0,0,0,0,0,0,0,0,0
0,0,0,0,0,0,0,0,0,0,0,0,0,0,0,0,0,0,0,0
0,0,0,0,0,0,0,0,0,0,0,0,0,0,0,0,0,0,0,0
0,0,0,0,0,0,0,0,0,0,0,0,0,0,0,0,0,0,0,0
0,0,0,0,0,0,0,0,0,0,0,0,0,0,0,0,0,0,0,0
0,0,0,0,0,0,0,0,0,0,0,0,0,0,0,0,0,0,0,0
0,0,0,0,0,0,0,0,0,0,0,0,0,0,0,0,0,0,0,0
0,0,0,0,0,0,0,0,0,0,0,0,0,0,0,0,0,0,0,0
0,0,0,0,0,0,0,0,0,0,0,0,0,0,0,0,0,0,0,0
0,0,0,0,0,0,0,0,0,0,0,0,0,0,0,0,0,0,0,0
0,0,0,0,0,0,0,0,0,0,0,0,0,0,0,0,0,0,0,0
0,0,0,0,0,0,0,0,0,0,0,0,0,0,0,0,0,0,0,0
0,0,0,0,0,0,0,0,0,0,0,0,0,0,0,0,0,0,0,0
0,0,0,0,0,0,0,0,0,0,0,0,0,0,0,0,0,0,0,0
0,0,0,0,0,0,0,0,0,0,0,0,0,0,0,0,0,0,0,0
0,0,0,0,0,0,0,0,0,0,0,0,0,0,0,0,0,0,0,0
0,0,0,0,0,0,0,0,0,0,0,0,0,0,0,0,0,0,0,0
0,0,0,0,0,0,0,0,0,0,0,0,0,0,0,0,0,0,0,0
0,0,0,0,0,0,0,0,0,0,0,0,0,0,0,0,0,0,0,0
0,0,0,0,0,0,0,0,0,0,0,0,0,0,0,0,0,0,0,0
0,0,0,0,0,0,0,0,0,0,0,0,0,0,0,0,0,0,0,0
0,0,0,0,0,0,0,0,0,0,0,0,0,0,0,0,0,0,0,0
0,0,0,0,0,0,0,0,0,0,0,0,0,0,0,0,0,0,0,0
0,0,0,0,0,0,0,0,0,0,0,0,0,0,0,0,0,0,0,0
0,0,0,0,0,0,0,0,0,0,0,0,0,0,0,0,0,0,0,0
0,0,0,0,0,0,0,0,0,0,0,0,0,0,0,0,0,0,0,0
0,0,0,0,0,0,0,0,0,0,0,0,0,0,0,0,0,0,0,0
0,0,0,0,0,0,0,0,0,0,0,0,0,0,0,0,0,0,0,0
0,0,0,0,0,0,0,0,0,0,0,0,0,0,0,0,0,0,0,0
0,0,0,0,0,0,0,0,0,0,0,0,0,0,0,0,0,0,0,0
0,0,0,0,0,0,0,0,0,0,0,0,0,0,0,0,0,0,0,0
0,0,0,0,0,0,0,0,0,0,0,0,0,0,0,0,0,0,0,0
0,0,0,0,0,0,0,0,0,0,0,0,0,0,0,0,0,0,0,0
0,0,0,0,0,0,0,0,0,0,0,0,0,0,0,0,0,0,0,0
0,0,0,0,0,0,0,0,0,0,0,0,0,0,0,0,0,0,0,0
0,0,0,0,0,0,0,0,0,0,0,0,0,0,0,0,0,0,0,0
0,0,0,0,0,0,0,0,0,0,0,0,0,0,0,0,0,0,0,0
0,0,0,0,0,0,0,0,0,0,0,0,0,0,0,0,0,0,0,0
0,0,0,0,0,0,0,0,0,0,0,0,0,0,0,0,0,0,0,0
0,0,0,0,0,0,0,0,0,0,0,0,0,0,0,0,0,0,0,0
0,0,0,0,0,0,0,0,0,0,0,0,0,0,0,0,0,0,0,0
0,0,0,0,0,0,0,0,0,0,0,0,0,0,0,0,0,0,0,0
0,0,0,0,0,0,0,0,0,0,0,0,0,0,0,0,0,0,0,0
0,0,0,0,0,0,0,0,0,0,0,0,0,0,0,0,0,0,0,0
0,0,0,0,0,0,0,0,0,0,0,0,0,0,0,0,0,0,0,0
0,0,0,0,0,0,0,0,0,0,0,0,0,0,0,0,0,0,0,0
0,0,0,0,0,0,0,0,0,0,0,0,0,0,0,0,0,0,0,0
0,0,0,0,0,0,0,0,0,0,0,0,0,0,0,0,0,0,0,0
0,0,0,0,0,0,0,0,0,0,0,0,0,0,0,0,0,0,0,0
0,0,0,0,0,0,0,0,0,0,0,0,0,0,0,0,0,0,0,0
0,0,0,0,0,0,0,0,0,0,0,0,0,0,0,0,0,0,0,0
0,0,0,0,0,0,0,0,0,0,0,0,0,0,0,0,0,0,0,0
0,0,0,0,0,0,0,0,0,0,0,0,0,0,0,0,0,0,0,0
0,0,0,0,0,0,0,0,0,0,0,0,0,0,0,0,0,0,0,0
0,0,0,0,0,0,0,0,0,0,0,0,0,0,0,0,0,0,0,0
0,0,0,0,0,0,0,0,0,0,0,0,0,0,0,0,0,0,0,0
0,0,0,0,0,0,0,0,0,0,0,0,0,0,0,0,0,0,0,0
0,0,0,0,0,0,0,0,0,0,0,0,0,0,0,0,0,0,0,0
0,0,0,0,0,0,0,0,0,0,0,0,0,0,0,0,0,0,0,0
0,0,0,0,0,0,0,0,0,0,0,0,0,0,0,0,0,0,0,0
0,0,0,0,0,0,0,0,0,0,0,0,0,0,0,0,0,0,0,0
0,0,0,0,0,0,0,0,0,0,0,0,0,0,0,0,0,0,0,0
0,0,0,0,0,0,0,0,0,0,0,0,0,0,0,0,0,0,0,0
0,0,0,0,0,0,0,0,0,0,0,0,0,0,0,0,0,0,0,0
0,0,0,0,0,0,0,0,0,0,0,0,0,0,0,0,0,0,0,0
0,0,0,0,0,0,0,0,0,0,0,0,0,0,0,0,0,0,0,0
0,0,0,0,0,0,0,0,0,0,0,0,0,0,0,0,0,0,0,0
0,0,0,0,0,0,0,0,0,0,0,0,0,0,0,0,0,0,0,0
0,0,0,0,0,0,0,0,0,0,0,0,0,0,0,0,0,0,0,0
0,0,0,0,0,0,0,0,0,0,0,0,0,0,0,0,0,0,0,0
0,0,0,0,0,0,0,0,0,0,0,0,0,0,0,0,0,0,0,0
0,0,0,0,0,0,0,0,0,0,0,0,0,0,0,0,0,0,0,0
0,0,0,0,0,0,0,0,0,0,0,0,0,0,0,0,0,0,0,0
0,0,0,0,0,0,0,0,0,0,0,0,0,0,0,0,0,0,0,0
0,0,0,0,0,0,0,0,0,0,0,0,0,0,0,0,0,0,0,0
0,0,0,0,0,0,0,0,0,0,0,0,0,0,0,0,0,0,0,0
0,0,0,0,0,0,0,0,0,0,0,0,0,0,0,0,0,0,0,0
0,0,0,0,0,0,0,0,0,0,0,0,0,0,0,0,0,0,0,0
0,0,0,0,0,0,0,0,0,0,0,0,0,0,0,0,0,0,0,0
0,0,0,0,0,0,0,0,0,0,0,0,0,0,0,0,0,0,0,0
0,0,0,0,0,0,0,0,0,0,0,0,0,0,0,0,0,0,0,0
0,0,0,0,0,0,0,0,0,0,0,0,0,0,0,0,0,0,0,0
0,0,0,0,0,0,0,0,0,0,0,0,0,0,0,0,0,0,0,0
0,0,0,0,0,0,0,0,0,0,0,0,0,0,0,0,0,0,0,0
0,0,0,0,0,0,0,0,0,0,0,0,0,0,0,0,0,0,0,0
0,0,0,0,0,0,0,0,0,0,0,0,0,0,0,0,0,0,0,0
0,0,0,0,0,0,0,0,0,0,0,0,0,0,0,0,0,0,0,0
0,0,0,0,0,0,0,0,0,0,0,0,0,0,0,0,0,0,0,0
0,0,0,0,0,0,0,0,0,0,0,0,0,0,0,0,0,0,0,0
0,0,0,0,0,0,0,0,0,0,0,0,0,0,0,0,0,0,0,0
0,0,0,0,0,0,0,0,0,0,0,0,0,0,0,0,0,0,0,0
0,0,0,0,0,0,0,0,0,0,0,0,0,0,0,0,0,0,0,0
0,0,0,0,0,0,0,0,0,0,0,0,0,0,0,0,0,0,0,0
0,0,0,0,0,0,0,0,0,0,0,0,0,0,0,0,0,0,0,0
0,0,0,0,0,0,0,0,0,0,0,0,0,0,0,0,0,0,0,0
0,0,0,0,0,0,0,0,0,0,0,0,0,0,0,0,0,0,0,0
0,0,0,0,0,0,0,0,0,0,0,0,0,0,0,0,0,0,0,0
0,0,0,0,0,0,0,0,0,0,0,0,0,0,0,0,0,0,0,0
0,0,0,0,0,0,0,0,0,0,0,0,0,0,0,0,0,0,0,0
0,0,0,0,0,0,0,0,0,0,0,0,0,0,0,0,0,0,0,0
0,0,0,0,0,0,0,0,0,0,0,0,0,0,0,0,0,0,0,0
0,0,0,0,0,0,0,0,0,0,0,0,0,0,0,0,0,0,0,0
0,0,0,0,0,0,0,0,0,0,0,0,0,0,0,0,0,0,0,0
0,0,0,0,0,0,0,0,0,0,0,0,0,0,0,0,0,0,0,0
0,0,0,0,0,0,0,0,0,0,0,0,0,0,0,0,0,0,0,0
0,0,0,0,0,0,0,0,0,0,0,0,0,0,0,0,0,0,0,0
0,0,0,0,0,0,0,0,0,0,0,0,0,0,0,0,0,0,0,0
0,0,0,0,0,0,0,0,0,0,0,0,0,0,0,0,0,0,0,0
0,0,0,0,0,0,0,0,0,0,0,0,0,0,0,0,0,0,0,0
0,0,0,0,0,0,0,0,0,0,0,0,0,0,0,0,0,0,0,0
0,0,0,0,0,0,0,0,0,0,0,0,0,0,0,0,0,0,0,0
0,0,0,0,0,0,0,0,0,0,0,0,0,0,0,0,0,0,0,0
0,0,0,0,0,0,0,0,0,0,0,0,0,0,0,0,0,0,0,0
0,0,0,0,0,0,0,0,0,0,0,0,0,0,0,0,0,0,0,0
0,0,0,0,0,0,0,0,0,0,0,0,0,0,0,0,0,0,0,0
0,0,0,0,0,0,0,0,0,0,0,0,0,0,0,0,0,0,0,0
0,0,0,0,0,0,0,0,0,0,0,0,0,0,0,0,0,0,0,0
0,0,0,0,0,0,0,0,0,0,0,0,0,0,0,0,0,0,0,0
0,0,0,0,0,0,0,0,0,0,0,0,0,0,0,0,0,0,0,0
0,0,0,0,0,0,0,0,0,0,0,0,0,0,0,0,0,0,0,0
0,0,0,0,0,0,0,0,0,0,0,0,0,0,0,0,0,0,0,0
0,0,0,0,0,0,0,0,0,0,0,0,0,0,0,0,0,0,0,0
0,0,0,0,0,0,0,0,0,0,0,0,0,0,0,0,0,0,0,0
0,0,0,0,0,0,0,0,0,0,0,0,0,0,0,0,0,0,0,0
0,0,0,0,0,0,0,0,0,0,0,0,0,0,0,0,0,0,0,0
0,0,0,0,0,0,0,0,0,0,0,0,0,0,0,0,0,0,0,0
0,0,0,0,0,0,0,0,0,0,0,0,0,0,0,0,0,0,0,0
0,0,0,0,0,0,0,0,0,0,0,0,0,0,0,0,0,0,0,0
0,0,0,0,0,0,0,0,0,0,0,0,0,0,0,0,0,0,0,0
0,0,0,0,0,0,0,0,0,0,0,0,0,0,0,0,0,0,0,0
0,0,0,0,0,0,0,0,0,0,0,0,0,0,0,0,0,0,0,0
0,0,0,0,0,0,0,0,0,0,0,0,0,0,0,0,0,0,0,0
0,0,0,0,0,0,0,0,0,0,0,0,0,0,0,0,0,0,0,0
0,0,0,0,0,0,0,0,0,0,0,0,0,0,0,0,0,0,0,0
0,0,0,0,0,0,0,0,0,0,0,0,0,0,0,0,0,0,0,0
0,0,0,0,0,0,0,0,0,0,0,0,0,0,0,0,0,0,0,0
0,0,0,0,0,0,0,0,0,0,0,0,0,0,0,0,0,0,0,0
0,0,0,0,0,0,0,0,0,0,0,0,0,0,0,0,0,0,0,0
0,0,0,0,0,0,0,0,0,0,0,0,0,0,0,0,0,0,0,0
0,0,0,0,0,0,0,0,0,0,0,0,0,0,0,0,0,0,0,0
0,0,0,0,0,0,0,0,0,0,0,0,0,0,0,0,0,0,0,0
0,0,0,0,0,0,0,0,0,0,0,0,0,0,0,0,0,0,0,0
0,0,0,0,0,0,0,0,0,0,0,0,0,0,0,0,0,0,0,0
0,0,0,0,0,0,0,0,0,0,0,0,0,0,0,0,0,0,0,0
0,0,0,0,0,0,0,0,0,0,0,0,0,0,0,0,0,0,0,0
0,0,0,0,0,0,0,0,0,0,0,0,0,0,0,0,0,0,0,0
0,0,0,0,0,0,0,0,0,0,0,0,0,0,0,0,0,0,0,0
0,0,0,0,0,0,0,0,0,0,0,0,0,0,0,0,0,0,0,0
0,0,0,0,0,0,0,0,0,0,0,0,0,0,0,0,0,0,0,0
0,0,0,0,0,0,0,0,0,0,0,0,0,0,0,0,0,0,0,0
0,0,0,0,0,0,0,0,0,0,0,0,0,0,0,0,0,0,0,0
0,0,0,0,0,0,0,0,0,0,0,0,0,0,0,0,0,0,0,0
0,0,0,0,0,0,0,0,0,0,0,0,0,0,0,0,0,0,0,0
0,0,0,0,0,0,0,0,0,0,0,0,0,0,0,0,0,0,0,0
0,0,0,0,0,0,0,0,0,0,0,0,0,0,0,0,0,0,0,0
0,0,0,0,0,0,0,0,0,0,0,0,0,0,0,0,0,0,0,0
0,0,0,0,0,0,0,0,0,0,0,0,0,0,0,0,0,0,0,0
0,0,0,0,0,0,0,0,0,0,0,0,0,0,0,0,0,0,0,0
0,0,0,0,0,0,0,0,0,0,0,0,0,0,0,0,0,0,0,0
0,0,0,0,0,0,0,0,0,0,0,0,0,0,0,0,0,0,0,0
0,0,0,0,0,0,0,0,0,0,0,0,0,0,0,0,0,0,0,0
0,0,0,0,0,0,0,0,0,0,0,0,0,0,0,0,0,0,0,0
0,0,0,0,0,0,0,0,0,0,0,0,0,0,0,0,0,0,0,0
0,0,0,0,0,0,0,0,0,0,0,0,0,0,0,0,0,0,0,0
0,0,0,0,0,0,0,0,0,0,0,0,0,0,0,0,0,0,0,0
0,0,0,0,0,0,0,0,0,0,0,0,0,0,0,0,0,0,0,0
0,0,0,0,0,0,0,0,0,0,0,0,0,0,0,0,0,0,0,0
0,0,0,0,0,0,0,0,0,0,0,0,0,0,0,0,0,0,0,0
0,0,0,0,0,0,0,0,0,0,0,0,0,0,0,0,0,0,0,0
0,0,0,0,0,0,0,0,0,0,0,0,0,0,0,0,0,0,0,0
0,0,0,0,0,0,0,0,0,0,0,0,0,0,0,0,0,0,0,0
0,0,0,0,0,0,0,0,0,0,0,0,0,0,0,0,0,0,0,0
0,0,0,0,0,0,0,0,0,0,0,0,0,0,0,0,0,0,0,0
0,0,0,0,0,0,0,0,0,0,0,0,0,0,0,0,0,0,0,0
0,0,0,0,0,0,0,0,0,0,0,0,0,0,0,0,0,0,0,0
0,0,0,0,0,0,0,0,0,0,0,0,0,0,0,0,0,0,0,0
0,0,0,0,0,0,0,0,0,0,0,0,0,0,0,0,0,0,0,0
0,0,0,0,0,0,0,0,0,0,0,0,0,0,0,0,0,0,0,0
0,0,0,0,0,0,0,0,0,0,0,0,0,0,0,0,0,0,0,0
0,0,0,0,0,0,0,0,0,0,0,0,0,0,0,0,0,0,0,0
0,0,0,0,0,0,0,0,0,0,0,0,0,0,0,0,0,0,0,0
0,0,0,0,0,0,0,0,0,0,0,0,0,0,0,0,0,0,0,0
0,0,0,0,0,0,0,0,0,0,0,0,0,0,0,0,0,0,0,0
0,0,0,0,0,0,0,0,0,0,0,0,0,0,0,0,0,0,0,0
0,0,0,0,0,0,0,0,0,0,0,0,0,0,0,0,0,0,0,0
0,0,0,0,0,0,0,0,0,0,0,0,0,0,0,0,0,0,0,0
0,0,0,0,0,0,0,0,0,0,0,0,0,0,0,0,0,0,0,0
0,0,0,0,0,0,0,0,0,0,0,0,0,0,0,0,0,0,0,0
0,0,0,0,0,0,0,0,0,0,0,0,0,0,0,0,0,0,0,0
0,0,0,0,0,0,0,0,0,0,0,0,0,0,0,0,0,0,0,0
0,0,0,0,0,0,0,0,0,0,0,0,0,0,0,0,0,0,0,0
0,0,0,0,0,0,0,0,0,0,0,0,0,0,0,0,0,0,0,0
0,0,0,0,0,0,0,0,0,0,0,0,0,0,0,0,0,0,0,0
0,0,0,0,0,0,0,0,0,0,0,0,0,0,0,0,0,0,0,0
0,0,0,0,0,0,0,0,0,0,0,0,0,0,0,0,0,0,0,0
0,0,0,0,0,0,0,0,0,0,0,0,0,0,0,0,0,0,0,0
0,0,0,0,0,0,0,0,0,0,0,0,0,0,0,0,0,0,0,0
0,0,0,0,0,0,0,0,0,0,0,0,0,0,0,0,0,0,0,0
0,0,0,0,0,0,0,0,0,0,0,0,0,0,0,0,0,0,0,0
0,0,0,0,0,0,0,0,0,0,0,0,0,0,0,0,0,0,0,0
0,0,0,0,0,0,0,0,0,0,0,0,0,0,0,0,0,0,0,0
0,0,0,0,0,0,0,0,0,0,0,0,0,0,0,0,0,0,0,0
0,0,0,0,0,0,0,0,0,0,0,0,0,0,0,0,0,0,0,0
0,0,0,0,0,0,0,0,0,0,0,0,0,0,0,0,0,0,0,0
0,0,0,0,0,0,0,0,0,0,0,0,0,0,0,0,0,0,0,0
0,0,0,0,0,0,0,0,0,0,0,0,0,0,0,0,0,0,0,0
0,0,0,0,0,0,0,0,0,0,0,0,0,0,0,0,0,0,0,0
0,0,0,0,0,0,0,0,0,0,0,0,0,0,0,0,0,0,0,0
0,0,0,0,0,0,0,0,0,0,0,0,0,0,0,0,0,0,0,0
0,0,0,0,0,0,0,0,0,0,0,0,0,0,0,0,0,0,0,0
0,0,0,0,0,0,0,0,0,0,0,0,0,0,0,0,0,0,0,0
0,0,0,0,0,0,0,0,0,0,0,0,0,0,0,0,0,0,0,0
0,0,0,0,0,0,0,0,0,0,0,0,0,0,0,0,0,0,0,0
0,0,0,0,0,0,0,0,0,0,0,0,0,0,0,0,0,0,0,0
0,0,0,0,0,0,0,0,0,0,0,0,0,0,0,0,0,0,0,0
0,0,0,0,0,0,0,0,0,0,0,0,0,0,0,0,0,0,0,0
0,0,0,0,0,0,0,0,0,0,0,0,0,0,0,0,0,0,0,0
0,0,0,0,0,0,0,0,0,0,0,0,0,0,0,0,0,0,0,0
0,0,0,0,0,0,0,0,0,0,0,0,0,0,0,0,0,0,0,0
0,0,0,0,0,0,0,0,0,0,0,0,0,0,0,0,0,0,0,0
0,0,0,0,0,0,0,0,0,0,0,0,0,0,0,0,0,0,0,0
0,0,0,0,0,0,0,0,0,0,0,0,0,0,0,0,0,0,0,0
0,0,0,0,0,0,0,0,0,0,0,0,0,0,0,0,0,0,0,0
0,0,0,0,0,0,0,0,0,0,0,0,0,0,0,0,0,0,0,0
0,0,0,0,0,0,0,0,0,0,0,0,0,0,0,0,0,0,0,0
0,0,0,0,0,0,0,0,0,0,0,0,0,0,0,0,0,0,0,0
0,0,0,0,0,0,0,0,0,0,0,0,0,0,0,0,0,0,0,0
0,0,0,0,0,0,0,0,0,0,0,0,0,0,0,0,0,0,0,0
0,0,0,0,0,0,0,0,0,0,0,0,0,0,0,0,0,0,0,0
0,0,0,0,0,0,0,0,0,0,0,0,0,0,0,0,0,0,0,0
0,0,0,0,0,0,0,0,0,0,0,0,0,0,0,0,0,0,0,0
0,0,0,0,0,0,0,0,0,0,0,0,0,0,0,0,0,0,0,0
0,0,0,0,0,0,0,0,0,0,0,0,0,0,0,0,0,0,0,0
0,0,0,0,0,0,0,0,0,0,0,0,0,0,0,0,0,0,0,0
0,0,0,0,0,0,0,0,0,0,0,0,0,0,0,0,0,0,0,0
0,0,0,0,0,0,0,0,0,0,0,0,0,0,0,0,0,0,0,0
0,0,0,0,0,0,0,0,0,0,0,0,0,0,0,0,0,0,0,0
0,0,0,0,0,0,0,0,0,0,0,0,0,0,0,0,0,0,0,0
0,0,0,0,0,0,0,0,0,0,0,0,0,0,0,0,0,0,0,0
0,0,0,0,0,0,0,0,0,0,0,0,0,0,0,0,0,0,0,0
0,0,0,0,0,0,0,0,0,0,0,0,0,0,0,0,0,0,0,0
0,0,0,0,0,0,0,0,0,0,0,0,0,0,0,0,0,0,0,0
0,0,0,0,0,0,0,0,0,0,0,0,0,0,0,0,0,0,0,0
0,0,0,0,0,0,0,0,0,0,0,0,0,0,0,0,0,0,0,0
0,0,0,0,0,0,0,0,0,0,0,0,0,0,0,0,0,0,0,0
0,0,0,0,0,0,0,0,0,0,0,0,0,0,0,0,0,0,0,0
0,0,0,0,0,0,0,0,0,0,0,0,0,0,0,0,0,0,0,0
0,0,0,0,0,0,0,0,0,0,0,0,0,0,0,0,0,0,0,0
0,0,0,0,0,0,0,0,0,0,0,0,0,0,0,0,0,0,0,0
0,0,0,0,0,0,0,0,0,0,0,0,0,0,0,0,0,0,0,0
0,0,0,0,0,0,0,0,0,0,0,0,0,0,0,0,0,0,0,0
0,0,0,0,0,0,0,0,0,0,0,0,0,0,0,0,0,0,0,0
0,0,0,0,0,0,0,0,0,0,0,0,0,0,0,0,0,0,0,0
0,0,0,0,0,0,0,0,0,0,0,0,0,0,0,0,0,0,0,0
0,0,0,0,0,0,0,0,0,0,0,0,0,0,0,0,0,0,0,0
0,0,0,0,0,0,0,0,0,0,0,0,0,0,0,0,0,0,0,0
0,0,0,0,0,0,0,0,0,0,0,0,0,0,0,0,0,0,0,0
0,0,0,0,0,0,0,0,0,0,0,0,0,0,0,0,0,0,0,0
0,0,0,0,0,0,0,0,0,0,0,0,0,0,0,0,0,0,0,0
0,0,0,0,0,0,0,0,0,0,0,0,0,0,0,0,0,0,0,0
0,0,0,0,0,0,0,0,0,0,0,0,0,0,0,0,0,0,0,0
0,0,0,0,0,0,0,0,0,0,0,0,0,0,0,0,0,0,0,0
0,0,0,0,0,0,0,0,0,0,0,0,0,0,0,0,0,0,0,0
0,0,0,0,0,0,0,0,0,0,0,0,0,0,0,0,0,0,0,0
0,0,0,0,0,0,0,0,0,0,0,0,0,0,0,0,0,0,0,0
0,0,0,0,0,0,0,0,0,0,0,0,0,0,0,0,0,0,0,0
0,0,0,0,0,0,0,0,0,0,0,0,0,0,0,0,0,0,0,0
0,0,0,0,0,0,0,0,0,0,0,0,0,0,0,0,0,0,0,0
0,0,0,0,0,0,0,0,0,0,0,0,0,0,0,0,0,0,0,0
0,0,0,0,0,0,0,0,0,0,0,0,0,0,0,0,0,0,0,0
0,0,0,0,0,0,0,0,0,0,0,0,0,0,0,0,0,0,0,0
0,0,0,0,0,0,0,0,0,0,0,0,0,0,0,0,0,0,0,0
0,0,0,0,0,0,0,0,0,0,0,0,0,0,0,0,0,0,0,0
0,0,0,0,0,0,0,0,0,0,0,0,0,0,0,0,0,0,0,0
0,0,0,0,0,0,0,0,0,0,0,0,0,0,0,0,0,0,0,0
0,0,0,0,0,0,0,0,0,0,0,0,0,0,0,0,0,0,0,0
0,0,0,0,0,0,0,0,0,0,0,0,0,0,0,0,0,0,0,0
0,0,0,0,0,0,0,0,0,0,0,0,0,0,0,0,0,0,0,0
0,0,0,0,0,0,0,0,0,0,0,0,0,0,0,0,0,0,0,0
0,0,0,0,0,0,0,0,0,0,0,0,0,0,0,0,0,0,0,0
0,0,0,0,0,0,0,0,0,0,0,0,0,0,0,0,0,0,0,0
0,0,0,0,0,0,0,0,0,0,0,0,0,0,0,0,0,0,0,0
0,0,0,0,0,0,0,0,0,0,0,0,0,0,0,0,0,0,0,0
0,0,0,0,0,0,0,0,0,0,0,0,0,0,0,0,0,0,0,0
0,0,0,0,0,0,0,0,0,0,0,0,0,0,0,0,0,0,0,0
0,0,0,0,0,0,0,0,0,0,0,0,0,0,0,0,0,0,0,0
0,0,0,0,0,0,0,0,0,0,0,0,0,0,0,0,0,0,0,0
0,0,0,0,0,0,0,0,0,0,0,0,0,0,0,0,0,0,0,0
0,0,0,0,0,0,0,0,0,0,0,0

StopIdsByRoute: 44037
---------------------------------------------------------------
10130,10136,10135,10137,7779,10132,10138,7884,11932,10134,10133,10131,10127,10128,10118,10119,10125,10121,7611,7528
7526,7524,7523,7527,7529,7505,7502,7498,11877,11880,7945,12030,7942,11054,11056,11049,11045,7627,10353,11051
11052,11058,10001,10003,10005,10007,11101,11099,11726,11723,10427,10418,8126,8112,8121,8109,8117,8128,8123,8129
8116,8120,8863,8892,8864,8888,8873,8884,8875,8414,8418,8415,8416,11585,11571,8071,10131,10127,10128,10118
10119,10125,10121,7611,7528,7526,7524,7523,7527,7529,7505,7502,7498,11877,11880,7945,12030,7942,11054,11056
11049,11045,7627,10353,11051,11052,11058,10001,10003,10005,10007,11101,11099,11726,11723,10427,10418,8126,8112,8121
8109,8117,8128,8123,8129,8116,8120,8863,8892,8864,8888,8873,8884,8875,8414,8418,8415,8416,11585,11571
8071,10207,7795,7805,7792,7798,7783,7786,7788,7790,11608,11606,8810,10210,10209,10256,10233,10232,10230,10227
8019,8013,8009,8021,8011,8023,8018,10056,7977,7979,7982,7984,7985,11267,1675,10218,10283,10254,10263,10216
10279,10213,10272,10250,10258,10247,10287,10282,8792,8794,10238,10240,10116,10115,1680,1026,13437,12676,12794,12792
13003,13081,13102,13106,13099,13105,13101,13103,13114,13098,13116,13169,1027,15148,15150,14830,14826,14821,14829,14822
14824,12803,12807,14467,14470,14468,14464,14465,14462,14475,12685,12679,14832,14833,14527,14536,14535,14542,14517,14525
14528,14531,13114,13098,13116,13169,1029,15189,13985,12491,14045,13646,12617,12880,13154,15146,14447,14279,13255,13619
12798,12489,12485,12825,12322,13261,1690,12875,13445,12539,14343,13838,12387,1029,15189,13985,12491,14045,13646,12617
12880,13154,15146,14447,14279,13255,13619,12798,12489,12825,12322,13261,1690,12875,13445,12539,14343,13838,12387,1039
16840,16839,16751,16757,16755,16746,16762,16743,16758,16752,16754,16756,16750,16837,16789,16791,16734,16735,16739,16738
16828,16833,16831,16792,1040,16838,16771,16767,16768,16772,16720,16716,16721,16717,16763,16841,16843,16803,16711,16713
16712,16812,16819,16823,16824,16820,16857,16848,16852,16860,16854,16864,16798,16765,16797,16794,16781,16837,1041,16840
16839,16751,16757,16755,16746,16762,16743,16758,16752,16754,16804,16729,16727,16826,16726,16728,16732,16837,1042,16838
16771,16767,16724,16723,16796,16714,16846,16857,16848,16852,16860,16854,16864,16798,16765,16797,16851,16844,16859,16836
10426,10420,10424,10408,10428,7613,7916,7941,7933,7944,7911,7918,7935,7928,8493,8497,10426,10420,10424,10408
10428,7613,7916,7941,7933,7944,7911,7918,7935,7928,8493,8497,8499,11917,11773,11776,11778,11779,11781,11783
11785,11795,11788,11790,11792,11803,8319,8298,8321,8317,8290,8101,11578,11589,11583,11584,11581,11585,11601,11908
11902,11896,11895,11904,11889,11893,11905,11322,11311,11365,11333,11337,11361,11351,11304,11381,11370,11301,11308,11347
11328,11385,11359,11380,11350,11306,11372,1335,11394,11319,10325,10315,10312,10309,10308,10306,10320,10304,10301,10300
403,1043,16840,16839,16751,16757,16755,16746,16762,16743,16758,16752,16754,16756,16750,16837,16789,16791,16778,16782
16807,16806,16777,16776,16774,16775,16800,16799,16815,16818,16817,16816,16834,16830,16829,16835,16792,10432,10433,10290
10245,10210,10209,10256,10233,10232,10230,10227,10226,7989,10253,10222,10277,9202,9459,9476,8633,8630,8634,10218
10283,9951,1680,10434,7514,7512,8520,7920,12016,12013,12010,12012,12014,8776,8008,10896,10890,9682,7809,11614
11615,12080,12077,12044,8108,8105,10961,10963,10958,10965,10954,10957,10953,7701,7700,9117,320,9586,9576,9578
9583,9579,9587,9570,9590,9572,9596,9595,9592,1044,9010,8998,9016,9017,9013,9008,9012,9001,8205,10792
10796,10787,10794,10797,11836,11826,11769,8681,9390,9292,9290,12078,12074,8773,8781,8770,8765,8769,8734,8722
8705,10748,10802,10740,10752,10772,10763,10744,10754,10760,10771,10759,10767,8833,8831,9500,1045,9006,9004,9018
8997,10604,10577,10636,10621,10647,10815,10809,10806,10807,7772,10812,10819,10764,10749,10758,10747,10765,8833,8831
9495,8835,11744,11752,11750,11749,11746,7811,11739,11755,11740,11747,11743,8735,8718,8704,8733,8727,10748,10802
10741,10742,10770,1046,9010,8998,9016,9013,9008,9001,8208,12182,12184,12166,12174,12169,12167,12133,12172,12144
1046,9010,8998,9016,9013,9008,9001,8208,12182,12184,12166,12174,12169,12167,12150,12146,12149,12147,12155,12138
12163,12164,12153,12139,12152,12131,12143,12145,1047,9010,8998,9016,9013,9008,9001,8208,12182,12184,12180,12178
12161,12176,12158,475,12175,11728,1048,9010,8170,8167,8163,8174,8159,8162,8166,8168,8157,11874,9102,9103
8141,8144,8153,8147,8156,11866,11871,11865,11873,11869,9883,9891,9879,9897,9896,9877,9911,9901,8784,9916
9903,9919,9893,9907,9914,9917,9874,9876,9888,9899,9885,9908,9905,9881,9913,8442,10523,10530,10526,10525
10537,9780,10536,8344,8348,8342,8345,11171,11173,11177,11174,10060,10887,10891,10884,10961,10963,10958,10965,10954
10957,10953,7701,7700,9117,320,9586,9576,9578,9583,9579,9587,9570,9590,9572,9596,9595,9592,10523,10530
10526,10525,10537,9780,10536,8344,8348,8342,8345,11171,11173,11177,11174,10060,10887,10891,10884,10961,10963,10958
10965,10954,10957,10953,7701,7700,9117,320,9586,9576,9578,9583,9579,9587,9570,9590,9572,9596,9595,9593
9591,10523,10530,10526,10525,10537,9780,10536,8344,8348,8342,8345,11171,11173,11177,11174,10060,10887,10891,10884
10961,10963,10958,10965,10954,10957,10953,7701,7700,9117,320,9586,9576,9578,9583,9579,9587,9570,9590,9572
9596,9595,9593,9591,10192,10187,10191,7812,10188,10194,10075,10074,10069,10071,10076,10073,10080,11625,11629,11634
11633,11622,10523,10530,10526,10525,10537,9780,10536,8344,8348,8342,8345,11171,11173,11177,11174,10060,10887,10891
10884,10961,10963,10958,10965,10954,10957,10953,7701,7700,9117,320,9586,9576,9578,9583,9579,9587,9570,9590
9572,9596,9595,9593,9591,10192,10187,10191,7812,10188,10194,10075,10074,10069,10071,10076,10073,11628,11635,8786
10579,10602,10629,10656,10581,10675,10645,10631,10674,10651,10594,9040,10651,10594,9040,9041,10993,10983,10987,11011
11040,11019,11010,11018,11035,11028,11014,11001,11026,11013,11032,11005,1067,20080,20062,20098,20103,20369,20388,20082
20491,20505,20493,20104,20433,20436,20428,20431,20123,20122,20121,20278,1068,18134,18231,19029,18136,19113,1066,10687
11360,11338,11334,11366,8747,8743,8742,8740,11228,11246,11903,11894,11897,11901,11898,10898,9848,9849,9850,9619
11071,11061,8414,8419,10688,10066,8028,10065,11351,11304,11666,11661,11667,11672,11673,11662,11669,11678,11664,11659
11677,11761,11762,9871,11600,11594,11575,11595,11576,11592,11570,11586,11580,11582,11590,11579,11588,11573,11597,11568
11564,11562,11567,7845,7842,10459,10456,10454,10452,10451,10449,10504,10446,10444,10442,10441,10439,10437,10502,11818
11913,8500,8495,7516,7517,7518,7610,10122,9170,10922,10940,10935,10919,10923,10939,10936,10925,10932,10931,10930
10928,10921,10934,10937,10947,10733,10727,10689,10258,10247,10287,10293,10282,8454,8453,7557,7564,7556,7553,7552
7563,7992,9253,9262,10862,10864,10865,10861,7528,7526,8494,8520,7920,10384,10680,7861,12016,12013,12010,10197
10185,10184,10913,10914,8336,12005,12007,10918,10917,12092,12091,1069,18508,18500,18499,18503,18173,18156,18160,18184
18138,18147,18167,18148,18171,18159,18151,18149,18140,18231,19026,1069,18508,18500,18499,18503,18173,18520,18517,19240
19243,19237,19242,18184,18138,18147,18167,18148,18171,18159,18151,18149,18140,18231,19026,1070,19935,19932,19931,19869
19867,20358,20354,20356,20353,19856,20448,20449,20446,20445,20452,19868,19861,19866,20302,19970,20468,1070,19941,19909
19905,19907,19902,20417,20418,20416,20419,20032,20029,20025,20028,20290,20288,1070,19941,19909,19905,19907,19902,20417
20418,20416,20419,20032,20029,20025,20028,20290,20288,20289,19906,20072,20120,19903,19898,19904,19910,19967,1070,1070
19941,19969,20076,20083,19995,20159,20308,20063,20070,20075,1065,1070,19941,19969,20076,20083,20159,20308,20063,20070
20075,1065,1070,19943,1623,1671,19942,1070,20079,20389,20377,20394,20393,20395,20392,20391,1070,19943,1671,1623
1070,1070,20080,20079,20375,20389,20377,20371,20394,20393,20395,20392,20391,1070,20238,20240,20243,20498,20318,20315
20320,20312,20310,20160,20272,20209,20036,20362,20361,20360,20364,20017,20016,20019,20021,20295,20293,20294,19937,20156
1070,20242,20098,20103,20100,20106,20104,20433,20436,20428,20431,20439,20425,20396,20040,20036,20455,20454,19882,20126
20127,20129,20124,20125,20128,20041,20397,20426,20438,20430,20434,20432,20427,20437,20101,20105,20099,20102,20097,20237
1065,1070,20305,20307,19854,19976,19977,20191,20184,20189,20187,20019,20021,20295,20293,20294,19937,20156,1070,20406
20408,20402,20411,20403,20405,19994,19993,19981,19991,20221,20219,20224,20043,20038,20035,20156,1070,20474,20470,20476
20472,20477,20504,20499,20484,20368,20381,20378,20385,20370,20479,20482,20478,19998,19996,20002,20189,20233,20232,20230
20339,20053,20051,20050,20244,19930,19929,20163,20162,20156,10727,10698,10732,10946,10942,10926,10929,10945,7806,10933
10927,10920,10938,10924,10943,10944,10941,9176,9175,7611,7528,7526,7525,8498,8499,11915,11817,10435,10503,10436
10438,10440,10443,10445,10447,10505,10448,10450,10453,10455,10457,7844,7843,11561,11566,11563,11565,11569,11598,11572
11587,11578,11589,11583,11584,11581,11571,11591,11577,11596,11574,11593,11599,9870,11760,11676,11658,11663,11675,11670
11674,11671,11668,11660,11665,11305,11352,10688,10770,10751,10769,10748,10802,10741,8724,8728,8732,8702,8703,8717
8736,11742,11753,11741,11738,11745,11748,11754,11751,8834,8836,9501,8832,10766,10746,10757,10750,7724,10820,10813
10811,10808,10805,10810,10648,10620,10635,10582,9007,9019,9005,1045,10802,10741,8723,8706,8721,8730,8708,8715
8731,8738,8729,8713,8720,8710,10800,10793,8202,8203,8207,11034,10992,11031,10980,10996,10982,10984,10990,11039
9003,9015,8999,9020,11863,10803,10816,10815,10809,10806,10807,7772,10812,10819,10764,10749,10758,10747,10765,7688
10768,10761,7773,9522,9533,9563,9518,10824,10828,11948,11967,11959,11965,11950,11953,11957,11955,11952,11961,10646
11004,10999,11012,11027,10988,11015,11029,9079,8353,8351,8356,9701,9708,9714,9716,9703,8468,8790,10824,11948
11967,11959,11965,11950,11953,11957,11955,11952,11961,11962,11969,1363,11545,11541,11550,8489,8619,8813,9701,9708
9714,9716,9703,9705,9712,9706,9710,9713,11007,11023,11021,11033,11037,11944,9494,10860,9861,9857,9867,9866
9865,9863,9858,1677,7887,7885,7888,11691,7900,7902,7906,7901,7891,7892,7897,9200,9459,9476,8633,8630
8634,10218,10283,10254,10261,10263,10216,10279,10213,10268,10272,10250,10265,10242,10258,10247,10287,10293,10282,8793
8792,8794,10238,10240,10116,10115,9668,9662,9671,9670,9665,9675,8577,8502,8500,8496,10860,9861,9857,9867
9866,9865,9863,9858,1677,7887,7885,7888,11691,7900,7902,7906,7901,7891,7892,7897,9204,10868,10581,11980
11994,11986,11983,11992,11995,11989,11991,11979,11981,9521,9540,9544,9556,9511,9557,9509,9547,7773,9522,9533
9563,9518,9520,9554,9561,9507,9548,9559,9527,9536,9525,9534,8139,8150,8151,8149,9098,9104,9099,11875
10870,8796,8798,8802,8800,8770,10788,10790,11832,11840,11828,11824,11827,11830,11831,11835,11024,11016,10994,10986
11008,7775,11944,9496,10901,11570,11586,9077,9074,8985,11796,11798,11800,11802,11791,11789,11787,11786,11784,11782
11801,11780,11777,11775,11774,11913,8500,8492,7507,1097,15452,15408,15400,15430,15441,15420,1098,1187,15425,15448
1030,15433,15405,470,15427,15431,15423,15442,1673,15444,15393,327,1098,1187,15425,15448,1030,15433,15405,470
15427,15431,15437,15397,15423,15421,15442,15403,1673,15435,15444,15395,15393,327,1098,15409,1187,15425,15448,1030
15433,15405,470,15427,15431,15437,15397,15423,15421,15442,15403,1673,15435,15444,15395,15393,327,1098,15448,1030
470,15431,15423,15442,1673,15444,15393,327,1099,14622,14613,14616,15039,12520,1100,14624,14622,14620,12263,12259
12261,12262,12267,12253,12231,12221,14103,14104,14169,14192,14171,14132,14131,14166,14140,14163,14159,14189,14143,14173
14185,14188,14110,14137,14118,13117,12866,12861,12860,12864,14648,14654,14679,14669,14683,14662,14642,14644,14639,14646
14640,14656,14666,14670,14665,13278,13287,13285,13280,13283,13292,13290,13281,13289,13737,13746,14098,14134,14191,14123
14139,14199,14200,14155,14203,14136,14130,14115,14179,14184,14126,14128,14151,14117,14145,14182,14112,14121,14142,14157
14178,14170,14201,14154,14095,14096,14101,13214,1100,14624,14622,14620,12263,12259,12261,12262,12267,12253,12231,12221
14103,14104,14169,14192,14171,14132,14131,14166,14140,14163,14159,14189,14143,14173,14185,14188,14110,14137,14118,13117
12866,12861,12860,14648,14654,14679,14669,14683,14662,14642,14644,14639,14646,14640,14656,14666,14670,14665,13278,13287
13285,13280,13283,13292,13290,13281,13289,13737,13746,14098,14134,14191,14123,14139,14199,14200,14155,14203,14136,14130
14115,14179,14184,14126,14128,14151,14117,14145,14182,14112,14121,14142,14157,14178,14170,14201,14154,14095,14096,14101
13214,1103,14627,14624,14622,14620,14605,12277,13498,13486,13487,13489,13490,13493,13495,13496,13824,13835,13827,13830
13834,13833,13825,13183,15220,15213,13840,11081,1680,11162,7731,11160,8340,11086,12019,9700,11059,10082,10081,7727
8523,8524,8526,8527,10575,8922,8894,11188,11185,11198,11189,11193,11195,11191,11199,7541,7544,9798,9800,8427
8431,10380,406,10299,7634,8652,8663,8658,8666,11089,11090,11092,11213,11211,9825,7822,9824,8674,8649,8661
8671,8662,8675,8660,8655,8670,8778,9238,11163,10108,9999,11555,11553,9742,9744,10777,10773,10782,10775,10780
11556,8462,8463,8464,10141,8065,8063,10139,9024,9023,10575,8923,10576,11386,11166,11167,8815,8820,8823,8819
8814,10395,10394,10388,10386,10396,10392,10391,9493,9491,9486,9489,7925,7929,7931,7939,7934,7881,7883,10319
10296,10322,404,10323,9793,9791,9796,9803,8957,8961,8963,8965,8967,8969,8970,8971,8973,8975,8978,8979
1333,11164,8815,8823,12018,11390,11387,11331,11349,11321,11371,11300,11358,11367,11326,11312,8767,11073,11077,7836
11076,11079,1680,11164,9397,9392,9393,8189,8195,8190,8196,8194,7815,8193,8197,8191,11399,7774,11411,11407
11420,9341,11920,11919,7706,7703,11158,11157,11154,11152,11150,7541,7544,9798,9800,9795,404,10323,9793,9791
9796,9803,8957,8961,8963,8965,8967,8969,8970,8971,8973,8975,8978,8979,1333,11175,11176,11170,8346,8343
10524,10538,10527,10532,10529,10535,10340,10341,10060,10887,10891,10884,10893,7631,12079,12076,12081,7616,11616,9683
10886,10889,12027,8007,8775,12015,12011,12009,12008,12017,7913,1680,11175,11176,11172,11170,8346,8347,8343,10524
10533,10538,10527,10532,10529,10535,10340,10341,10061,10060,10887,9934,9961,9278,9282,9287,9274,9284,9272,11175
11176,11172,11170,8346,8347,8343,10524,10533,10538,10527,10532,10529,10535,10340,10341,10061,10060,10887,9934,9961
9278,9282,9287,9274,9284,9272,9276,9280,9273,8779,8764,8775,12015,10197,10185,10184,10913,10914,8774,8762
11175,11176,11172,11170,8346,8347,8343,10524,10533,10538,10527,10532,10529,10535,10340,10341,10061,10060,9387,11218
11216,12122,12126,12130,12127,12124,12123,9058,9845,11243,11222,11232,11226,11248,11238,11223,8287,8315,7870,7872
8806,8811,1680,11249,11258,11254,10370,10369,8178,8176,8179,10693,9409,9406,9759,9758,9889,8443,8860,9131
9139,9133,7597,7604,7602,7600,10573,10571,10574,11731,11733,11680,10111,8694,8692,8697,8700,8695,11120,8688
11119,11134,11133,11126,11531,11529,11534,11532,10333,10332,9922,8758,8752,8754,8757,7633,8756,8602,8599,8597
8593,8591,8590,8588,8585,8584,8596,8600,8601,9836,11250,9038,11259,9620,9076,7474,8042,8029,8015,7990
7961,7910,7895,7879,7867,11488,7838,7818,9959,7777,9567,7729,7698,7686,7625,7560,7496,7855,7707,10335
9807,8829,7588,8501,11251,9834,9832,9157,9158,9152,9144,9148,9145,9154,9155,9120,9123,9125,9127,9150
9142,7595,8861,8449,8860,9131,9139,9133,9134,9147,9138,10608,10644,10600,10589,10618,10663,10615,8601,9838
10603,10633,10654,10664,10650,10585,10670,10625,7693,10658,10634,10623,10668,11682,10671,10584,10610,10616,10587,10637
10666,10678,10612,9007,9019,9005,1684,9010,8998,9016,9017,9013,9526,9560,9549,9538,9506,9562,9515,9553
9519,9550,9532,9541,9546,9510,11934,11947,11944,9499,11253,9834,9832,9157,9158,9152,9144,9148,9145,9154
9155,9120,9123,9125,9127,9150,9142,7595,8861,8449,8860,9131,9139,9133,9134,9147,9138,10608,10644,10600
10589,10618,10663,10615,8601,9838,10603,10633,10654,10664,10650,10585,10670,10625,7693,10658,10634,10623,10668,11682
10671,10632,10584,10610,10616,10587,10637,10666,10678,10612,9007,9019,9005,11862,11494,317,7754,7744,7746,7749
7751,7741,7758,7743,7735,7763,7767,7764,7761,7739,7771,7757,7755,11135,11118,11116,11137,11142,11121,8645
8641,11570,11586,11580,11582,11590,11579,8100,8289,8318,8322,8297,11800,11802,11791,11789,11787,11786,11784,11782
11801,11780,11777,11775,11774,11913,8500,8496,7577,10426,11570,11586,9077,9074,9073,9078,9072,8874,8885,8872
8889,8865,8893,8862,8870,8869,8883,8881,8878,8879,8867,8516,8515,8513,8579,8540,8536,8510,8508,8504
8577,8502,8500,8496,8492,8520,7920,10955,12016,12013,12010,12012,11456,11426,11433,11430,11442,11451,11440,11434
11458,11454,11446,11449,11438,8543,8533,8470,9568,9581,315,11622,11632,11637,11626,10079,10072,10077,10070,10078
10195,10189,7813,10190,10196,10193,9592,9594,9574,9597,9573,9589,9571,9588,9580,9584,9577,9575,9585,316
9119,7702,7638,10956,10955,10964,10959,10962,10894,10885,10892,10888,10063,11175,11176,11172,11170,8346,8347,8343
10537,9780,10536,10524,10533,10538,10527,10062,10342,10339,10534,10528,10531,10523,11659,11677,11761,9871,11600,11594
11575,11576,11592,11902,11904,11893,11906,11884,1680,11683,11808,11804,12109,12101,12116,12105,11807,12111,12103,12107
11805,12098,12113,10045,10048,8200,8937,8939,7695,10059,7734,9211,9210,8854,7690,8858,8857,9025,9029,9026
9028,8621,8624,7630,8622,8626,12120,10330,10326,7620,10327,11218,11216,12122,12126,12130,12127,12124,12123,9058
9845,11685,11808,11804,12109,12101,12116,12105,11807,12111,12103,9911,9901,8784,9916,9903,11689,11690,12127,12124
12123,9058,9842,8952,8951,8950,7714,7710,7720,7681,7719,7713,8643,8640,12028,10871,9198,12029,11700,8455
11102,11103,10106,11851,11699,11717,7841,11702,11707,11715,11713,11706,11695,11697,11712,10904,10907,10899,10909,10902
10906,8138,11728,11184,11109,11108,9255,8208,9560,9515,9546,11947,9498,11728,11184,475,12159,12157,12160,12162
12177,12179,12183,12181,8208,9002,9009,9014,9015,8999,9020,1047,11809,11810,11537,11536,12090,12089,10297,10317
10319,10296,10322,403,10299,10302,10303,10305,10307,10321,10310,10311,10313,10314,10324,11342,11395,1337,11341,11371
11345,11300,11363,11358,11367,11318,11326,8778,9235,11329,11307,11302,11309,11382,11305,11352,11360,11338,11334,11366
11310,11323,11388,11293,11296,11313,11325,11369,11336,11340,11294,11290,11288,11287,11285,11384,11283,11281,11279,11278
11276,11273,11271,11354,11357,11396,11398,11818,11914,8500,8494,8520,8517,8512,7722,11830,9561,9507,9548,9559
9009,9000,11038,10989,11041,11002,11003,10997,10981,11030,10991,10998,8206,8204,11862,9006,9004,9018,8997,10677
10665,10638,10586,10601,10611,10583,10613,10578,10672,11684,10667,10622,10590,10657,10627,10624,10669,10598,10595,10626
9398,12004,12003,9844,8952,10338,10614,10662,10619,10588,10599,10643,10641,9137,9136,9135,9132,9140,7595,8861
8448,8860,9130,9141,9129,9128,9126,9124,9122,9121,9153,9143,9149,9146,9151,8988,11253,11863,9010,8998
9016,9017,11038,10989,11041,11002,11003,10997,10981,11030,10991,10998,8206,8204,8205,10792,10796,8726,8709,8719
8714,8712,8725,8737,8711,8716,8707,8734,8722,8705,10748,10802,11875,9102,9103,8142,8148,8145,8152,8140
9535,9552,9537,9526,9560,9549,9538,9506,9562,9515,9553,9519,9550,9532,9541,9546,9510,9558,9512,9555
9539,9551,11982,11976,11990,11988,11978,11987,11993,11984,11985,11977,8582,8583,10869,10868,11876,9101,9106,12042
12040,10040,10037,10043,10029,10038,10035,10030,10026,12110,12102,11686,11808,11804,9820,10354,10357,10355,11472,11470
9598,9600,9805,12051,12048,12047,12053,11763,11618,11617,9680,9843,11876,9101,9106,12042,12040,10040,10037,10043
10029,10049,10051,11757,11756,11202,7531,11205,9412,9410,9415,9413,11770,11807,12111,11044,11042,9654,9656,11861
11859,9345,9344,9347,11459,7684,7682,8181,8184,12119,12128,11461,11463,11464,8335,8328,8334,8327,8331,9835
11881,11883,11885,11886,11907,11892,11888,11903,11894,11897,11901,11909,11570,11586,9077,9074,9073,9078,9072,8874
8885,8872,8889,8865,8893,8862,8870,8869,8883,10565,8887,11881,11885,11886,11388,11293,11296,11313,11325,11369
11336,11340,11294,11290,11288,11287,11285,11384,11283,11281,11279,11278,11276,11273,11271,11354,11357,11396,11398,11818
11914,8500,8495,11890,11486,11891,11899,11910,11885,11886,11907,11892,11888,11903,11894,11897,11901,11909,11570,11586
9077,9074,9073,9078,9072,8874,8885,8872,8889,8865,8893,8862,8870,8869,8883,10565,8887,11907,11892,11888
11903,11897,11901,11909,11570,11586,11580,11582,11590,11579,8100,8289,8318,8322,8297,11800,11802,11791,11789,11787
11786,11784,11782,11801,11780,11777,11775,11774,11913,8500,8496,7577,10426,11912,7589,8830,9808,10336,7708,7856
7497,7561,7626,7687,7697,7728,9566,7776,9958,7819,7839,11487,7868,7878,7894,7909,7962,7991,8016,8030
8043,7475,9075,9621,11260,9039,11250,1192,12846,12848,14854,14855,14858,13953,1192,12846,12848,14854,14855,14858
13953,12646,12647,12654,12649,12653,12650,14229,13702,13704,13695,13697,13698,15093,15095,14087,1238,1193,12496,12499
12501,12498,12502,14749,13430,13419,13424,13414,13412,13426,13427,13403,13415,13408,13433,13435,13405,13432,13407,13410
13423,13766,13768,13762,13764,13771,14460,14458,12517,12516,12511,12507,12506,12509,12514,15162,15170,15172,15164,15177
15166,14995,12016,12013,12010,12012,11456,11426,11433,11430,11442,11451,11440,11434,11458,11454,11446,11449,11438,8543
8533,8470,9568,9581,315,12029,8638,8639,8642,7712,7718,7680,7679,7721,7709,7716,7715,8584,8596,8600
8601,9846,12029,8638,8639,8642,7712,7718,7680,7679,7721,7709,7716,7715,8584,8596,8600,8601,9846,9050
9053,9059,12125,12119,12128,11688,9894,9892,8785,9880,9902,12108,12104,12112,12106,12115,12100,12110,12102,11685
12031,7942,7946,12095,12093,7591,7574,7580,7587,7566,7576,7581,7572,7583,7570,7569,7584,7610,10122,9170
9171,9173,9164,9166,9169,7554,9177,9180,9181,7645,7647,7648,7649,9189,9191,9590,9572,9596,11475,11478
11480,7767,7764,10215,10273,9951,9956,9971,9943,9932,9964,9935,9944,9948,11262,322,12032,7944,8092,8073
8074,8077,8079,8104,8080,8083,8085,8086,8088,8091,7796,7783,7786,7788,7790,11608,11606,8804,8807,8809
7871,10013,10014,7914,7924,7921,7937,9080,9081,9095,9088,9097,9092,9089,9085,9087,9091,11584,9077,9074
9073,9078,9072,11064,11065,11975,11973,9031,8853,8838,8851,8852,8843,8849,8870,8869,8883,10565,8882,12033
7933,7944,7911,7918,7935,7928,7920,7923,7927,10865,7500,7503,9108,9110,7850,7852,7857,8001,7994,7996
7997,7999,9183,9185,7538,7539,7540,9194,9193,7559,10281,8209,7653,7652,7650,7637,7646,7644,7643,7641
7655,7656,9114,9115,9117,321,12091,12117,12118,12006,11113,10911,10912,10183,10186,12011,12009,12008,7862,10679
10373,8003,8002,8490,7516,7517,7518,10337,7859,10863,9263,9254,8581,9261,9258,7562,7551,7596,7554,7555
7565,7550,7558,7559,10281,10294,10286,10236,10259,10689,12144,12142,12141,12151,12140,12154,12163,12164,12156,12137
12148,12136,12135,12134,12168,12170,12173,12165,12183,12181,8208,9002,9009,9014,9015,8999,9020,1046,12145,12171
12132,12168,12170,12173,12165,12183,12181,8208,9002,9009,9014,9015,8999,9020,1046,12255,12256,12260,12265,14616
14588,12196,12197,12195,12193,13503,13506,14774,14798,14796,14781,14807,14777,14809,14776,14790,14804,14782,14803,14779
14786,14784,14800,14791,12255,12256,12260,12265,14616,14588,12196,12197,12195,12193,13503,13506,14774,14798,14796,14781
14807,14777,14809,14776,14790,14804,14782,14803,14779,14786,14784,14800,14791,14185,14188,14109,14197,14187,14792,12255
12256,12260,12265,14616,14588,12196,12197,12195,12193,13503,13506,14774,14798,14796,14781,14807,14777,14809,14776,14790
14804,14803,14779,14786,14784,14800,14791,14185,14188,14109,14197,14187,14792,12255,12256,12260,12265,14616,14588,14543
14544,14547,14511,14513,14516,13875,13842,13853,13863,13876,13848,13859,13851,13864,13869,13845,13856,13872,13867,13861
13847,13868,13857,13874,15385,15391,15390,15000,14779,14786,14784,14800,14791,12255,12256,12260,12265,14616,14588,14543
14544,14547,14511,14513,14516,13875,13842,13853,13863,13876,13848,13859,13851,13864,13869,13845,13856,13872,13867,13861
13847,13868,13857,13874,15385,15391,15390,15000,14779,14786,14784,14800,14791,14185,14188,14109,14197,14187,14794,12263
12259,12261,12262,12267,12253,12231,12221,14103,14104,14169,14192,14171,14132,14131,14166,14140,14163,14159,14189,14143
14173,14185,14188,14110,14137,14118,13117,12866,12861,12860,12864,14648,14654,14679,14669,14683,14662,14642,14644,14639
14646,14640,14656,14666,14670,14665,13278,13287,13285,13280,13283,13292,13290,13281,13289,13737,13746,14098,14134,14191
14123,14139,14199,14200,14155,14203,14136,14130,14115,14179,14184,14126,14128,14151,14117,14145,14182,14112,14121,14142
14157,14178,14170,14201,14154,14095,14096,14101,13214,12264,12258,14548,14566,14567,14573,14557,14561,14550,14571,14564
14568,14553,14569,14572,14552,14893,14936,14939,14906,14898,14927,14929,14910,14941,14897,14896,14908,14934,14902,14940
14922,14892,14937,14901,14925,14931,12931,12266,12257,14567,14573,15153,15003,12920,12777,12640,14273,12595,14877,12860
14676,12266,12257,14567,14590,1102,14306,13198,14946,12873,14294,15314,1228,14078,15094,13708,13699,13696,13694,13705
13701,13707,13706,13693,12522,13565,13562,13567,13547,13570,13560,13580,13551,13574,13552,13568,13559,13554,13583,13573
13576,13549,14476,14479,14403,12980,12281,14615,12266,12257,14567,14550,14568,14552,14936,14939,14898,14910,14896,14908
14940,14901,14886,12281,14615,12266,12257,14567,14550,14568,14552,14936,14939,14898,14910,14896,14908,14940,14901,14886
14882,13431,14988,14986,14983,14994,13774,13780,13784,13782,13781,13649,12282,14615,14614,14626,14619,14621,14625,1101
15066,15076,14443,14436,14437,14495,13935,13912,13901,13946,13924,13896,13916,13930,13908,13928,13903,13919,13922,13910
13921,13950,13925,13915,13900,13938,13906,13940,13898,13934,13944,13932,13942,13936,12699,12701,12694,12690,12711,12339
1230,14083,14317,14311,14322,14323,14314,12668,12665,12666,13742,13752,14815,13814,14444,14445,13815,12492,12430,12431
12323,12301,12294,12299,12297,12754,12763,12786,12976,1231,13718,14299,14304,13342,13338,13337,13340,13391,13392,14021
14305,13388,13393,13386,12403,12948,12949,12323,13809,13812,13814,14444,14445,13815,14814,13751,13743,12667,12664,12956
14313,14307,14321,14308,13605,14881,1232,12339,12881,12712,12691,12700,12702,12703,13937,13941,13931,13943,13933,13897
13926,13905,13939,13899,13914,13948,13949,13920,13909,13923,13895,13904,13927,13907,13913,13917,13947,13929,13945,13902
13911,13918,14434,14438,14435,14442,14441,15073,15067,1103,14627,14624,14622,14620,14605,12277,13498,13486,13487,13489
13490,13493,13495,13496,13824,13835,13827,13830,13834,13833,13825,13183,15220,15213,13840,12339,12881,12712,12691,12700
12702,12703,13937,13941,13931,13943,13933,13897,13926,13905,13939,13899,13914,13948,13949,13920,13909,13923,13895,13904
13927,13907,13913,13917,13947,13929,13945,13902,13911,13918,14434,14438,14435,14442,14441,15073,15067,1103,14627,14624
14622,14620,14605,12282,1234,13259,13735,13716,13723,14259,14251,14262,14254,14248,14249,14260,14264,14256,14252,14257
13352,12191,12199,12188,12192,12198,14618,14615,12263,12259,12261,12262,12267,12253,12231,12221,14103,14104,14169,14192
14171,14132,14131,14166,14140,14163,14159,14189,14143,14173,14185,14860,14862,14865,14868,14870,14875,14866,14872,14672
14652,14658,14660,14648,14654,14681,1235,11639,11649,11647,11643,10822,10836,10826,10830,10833,10838,10835,10824,10828
11948,11967,11959,11965,11950,11953,11957,11955,11952,11961,11962,11969,1363,10880,10883,10878,9545,9531,9523,9529
9543,9513,9516,9505,9564,9521,9540,9544,9556,9511,9557,11934,11947,11944,9503,12357,12352,12354,12350,12689
12712,12691,12700,12702,13803,13806,13808,13800,12332,12343,12356,12334,12544,12587,15332,12823,14273,1237,14083,13604
13598,13600,13602,14354,14361,14346,14349,14352,14351,14355,14360,14363,14345,14357,15199,15206,15217,15220,15213,15227
15202,15190,15223,15197,15229,15226,15224,15214,15222,15219,15196,15207,15203,15204,14420,14418,14415,12975,1238,14078
15094,13708,13699,13696,13694,13705,14221,14228,12651,12652,12648,12212,13954,14857,14854,14856,12853,12849,12847,13033
1191,1238,14078,15094,13708,13699,13696,13694,13705,14221,14228,12651,12652,12648,12212,13954,14857,14854,14856,12853
12849,12847,13033,1191,12496,12499,12501,14058,13760,13759,15270,15304,15319,15281,15310,15329,15316,15307,15301,15296
15327,15286,15309,15272,15288,15295,15276,15299,15277,15314,12388,13839,14342,12538,13446,12874,1689,13260,12324,12824
12488,12388,13839,14342,12538,13446,12874,1689,13260,12324,12824,12488,12797,13620,13254,14281,14446,15145,13155,12879
12618,13647,14044,12490,13988,15188,1028,12389,12370,12371,15223,15197,15229,14968,14960,14948,14957,14951,14949,14955
14965,14959,14966,13505,13504,13510,13508,13225,15250,15265,15002,15264,15267,15252,15257,15260,15255,15254,13945,13902
13198,13192,13194,13196,12448,15140,12832,12389,12370,12371,15223,15197,15229,14968,14960,14948,14957,14951,14949,14955
14965,14959,14966,13505,13504,13510,13508,13225,15250,15265,15002,15264,15267,15252,15257,15260,15255,15254,13945,13902
13198,13192,13194,13196,12448,15140,14209,14208,15301,15296,15248,15234,15232,15230,15241,15242,15247,15237,15245,15236
14205,12613,12607,12611,12610,12602,12605,12928,12940,12943,14901,14925,14887,12389,12370,12371,15223,15197,15229,14968
14960,14963,14948,14957,14951,14949,14955,14965,14959,14966,13505,13504,13510,13508,13225,15250,15265,15002,15264,15267
15252,15257,15260,15255,15254,13945,13902,13198,13192,13194,13196,12448,15140,12389,12370,12371,15223,15197,15229,14968
14960,14963,14948,14957,14951,14949,14955,14965,14959,14966,13505,13504,13510,13508,13225,15250,15265,15002,15264,15267
15252,15257,15260,15255,15254,13945,13902,13198,13192,13194,13196,12448,15140,12832,12389,12370,12371,15223,15197,15229
14968,14960,14963,14948,14957,14951,14949,14955,14965,14959,14966,13505,13504,13510,13508,13225,15250,15265,15002,15264
15267,15252,15257,15260,15255,15254,13945,13902,13198,13192,13194,13196,12448,15140,14209,14208,15301,15296,15248,15234
15232,15230,15241,15242,15247,12389,12370,12371,15223,15197,15229,14968,14960,14963,14948,14957,14951,14949,14955,14965
14959,14966,13505,13504,13510,13508,13225,15250,15265,15002,15264,15267,15252,15257,15260,15255,15254,13945,13902,13198
13192,13194,13196,12448,15140,14209,14208,15301,15296,15248,15234,15232,15230,15241,15242,15247,15237,15245,15236,14205
12613,12607,12611,12610,12602,12605,12928,12940,12943,14901,14925,14887,12390,12369,12368,12375,12379,12393,12385,12382
12366,14611,14610,14607,14603,14602,14600,14618,14615,12264,12390,12369,12368,12375,12379,12393,12385,12382,12366,14611
14610,14607,14603,14602,14600,14618,14615,12264,12258,14548,14566,14567,14573,14557,14561,14550,14571,14564,14568,14553
14569,14572,14552,14893,14936,14939,14906,14898,14927,14929,14910,14941,14897,14896,14908,14934,14902,14940,14922,14892
14937,14901,14925,14931,12931,12396,13244,14288,14286,14337,14336,14325,14327,14330,14333,14329,14276,14275,14283,937
12407,14574,12986,471,13325,15180,15181,12799,13956,13978,13967,13983,13959,13989,13963,13972,13970,13958,13976,13974
13961,13981,14532,14524,14837,14832,14836,14526,14533,12681,12688,12680,12684,12673,12678,12682,12686,12671,12675,13438
1388,14036,14038,13979,13966,13991,13987,13652,13785,13789,13792,13796,13779,13775,13773,13126,13121,13124,13127,13131
14455,14452,14449,14450,14067,14065,14064,14049,14048,14069,14053,14071,14072,14055,14074,14052,14061,14058,13420,13588
12504,1409,12407,14574,12986,471,13325,15180,15181,12799,13956,13978,13967,13983,13959,13989,13963,13972,13970,13976
13974,13961,13981,14532,14524,14837,14832,14836,14526,14533,12681,12688,12680,12684,12673,12678,12682,12686,12671,12675
13438,1388,12484,15031,14484,14295,12616,12857,13501,13951,13215,12828,13478,14497,14629,12484,15031,14484,14295,12616
12857,13501,13951,13215,12828,13478,14497,14629,14539,12859,12818,15151,15005,12917,12774,12643,14269,12594,14873,12869
14674,12487,12248,12228,12241,12217,12218,12230,12250,12209,12216,12223,13220,13218,13257,13244,13250,13243,14284,14277
13256,13247,13252,14023,14030,14028,14029,14031,14025,14766,14759,14769,14752,14771,14762,14071,14072,14055,14074,13054
13033,1195,12487,12248,12228,12241,12217,12218,12230,12250,12209,12216,12223,13220,13218,13257,13244,13250,13243,14284
14277,13256,13247,13252,14023,14030,14028,14029,14031,14025,14766,14759,14769,14752,14771,14762,14071,14072,14055,14074
13054,13033,1195,12496,13589,13591,15178,15174,12452,14230,13180,13178,15329,15316,15307,14210,14207,12832,12487,15007
15014,15013,15018,14280,15027,15033,13157,1026,12489,12825,12322,13261,1690,12875,13445,12539,14343,13838,12387,12520
12519,12199,14615,14606,12520,12519,12199,14615,14606,14621,1099,12521,13712,13714,13467,13459,13466,13470,13472,13456
13457,13476,13465,13462,13474,12303,12305,12307,14266,12765,12973,14402,14478,14477,13556,13545,13579,14846,12760,14782
14803,14779,14786,14784,14800,14791,14186,12772,12784,12757,12775,12521,13712,13714,13467,13459,13466,13470,13472,13456
13457,13476,13465,13462,13474,12303,12305,12307,14266,12765,12973,14402,14478,14477,13556,13545,13579,14846,12760,14803
14779,14786,14784,14800,14791,14186,12772,12784,12757,12775,12523,15045,15043,15041,15038,15050,15047,12249,12829,13357
13356,12852,12851,12855,15053,15052,14237,14235,14232,12456,12458,12466,12468,12463,12449,12455,12445,12476,12461,12472
12438,12447,12436,12433,12443,12478,12479,12441,12469,12435,12471,12483,12480,14506,13223,12629,12621,12626,12624,12627
12620,12632,13514,13515,13513,13522,13519,13527,13517,13525,13523,13529,14707,14715,14713,14747,14743,14716,14710,14691
14699,14718,14431,14428,14429,14423,14432,14421,14426,12326,12328,15187,12664,12956,14313,14307,14321,14308,13605,14881
1232,12670,14299,14304,13342,13338,13337,13340,13391,13392,14021,14305,12697,12714,12706,15314,13333,13318,13328,14397
13607,14908,15136,12950,12947,12406,13387,13394,13389,13390,13395,13339,13341,13335,13336,14301,14302,14303,13059,13346
13343,13348,12746,12743,12753,12734,12739,12738,12730,12728,12731,12741,12752,14294,12736,12750,12436,12433,12443,12478
15120,12925,12910,12902,12912,12901,12908,12890,12889,12913,12916,12899,12914,12904,12894,12886,12892,12921,12906,12924
15112,15101,15099,15117,15105,15118,15110,15102,15108,15103,15115,15104,12782,12977,12775,12756,12785,12771,14793,14801
14785,14787,14805,14802,12768,12761,14843,13578,13544,13555,14476,14479,14403,12981,14268,14267,12306,12308,12304,12302
13475,13461,13464,13473,13458,13468,13469,13471,13463,13460,13711,13710,13713,12525,12775,12756,12785,12771,14793,14801
14785,14787,14805,14802,12768,12761,14843,13578,13544,13555,14476,14479,14403,12981,14268,14267,12306,12308,12304,12302
13475,13461,13464,13473,13458,13468,13469,13471,13463,13460,13711,13710,13713,12525,12531,13160,13161,13167,13166,13444
13442,13440,14215,14219,14214,14217,13605,14881,1232,1392,12776,14239,13383,13367,13182,12347,13368,13384,13364,13370
13380,13375,13372,13374,13379,13363,12698,12704,12710,12714,12707,12706,15274,15315,12776,14239,13383,13367,13182,12347
13368,13384,13364,13370,13380,13375,13372,13374,13379,13363,12698,12704,12710,12714,12707,12706,15274,15315,15273,15285
15318,13275,13274,13269,13272,12658,14373,14382,14378,12326,12328,15186,12828,13478,14497,14629,14539,12859,12818,15151
15005,12917,12774,12643,14269,12594,14873,12869,14674,12828,13478,14497,14629,14539,12859,14591,1095,14440,13200,12473
13329,12748,15312,12829,12215,13953,12219,12214,12211,14296,12239,15006,12486,15016,15010,13258,1688,12781,12758,12766
14344,12759,12391,12832,14209,14208,15306,15305,15317,15284,13179,13177,12457,12451,15175,15179,13590,13588,12494,12504
1196,13092,14057,14073,14056,14051,14070,14761,14770,14753,14768,14758,14767,14032,14026,14024,14027,14023,13246,13251
13248,14278,12832,14209,14208,15306,15305,15317,15284,13179,13177,12457,12451,15175,15179,13590,13588,12494,12504,1196
13092,14057,14073,14056,14051,14070,14761,14770,14753,14768,14758,14767,14032,14026,14024,14027,14023,13246,13251,13248
14278,13242,13249,13253,13217,13219,13221,13618,12251,12229,12222,12254,12240,12227,15006,12487,12832,15139,12463,13190
13195,13193,13191,13197,13912,13901,15262,15253,15256,15261,15259,15251,15258,15263,15002,15266,15249,13226,13507,13509
13511,13503,13506,14967,14958,14964,14954,14950,14953,14952,14956,14947,14962,14961,15225,15193,15198,15201,12394,12372
12755,12389,12931,14930,14890,14900,14935,14891,14923,14916,14903,14933,14932,14909,14912,14889,14924,14917,14911,14928
14905,14899,14907,14938,14926,14894,14551,14563,14562,14554,14558,14565,14570,14549,14560,14556,14559,14555,12232,14605
14616,14617,14599,14601,14604,14608,14609,14612,12367,12383,12384,12373,12378,12374,12386,12755,12390,12950,12947,12406
13387,13394,13389,14305,13390,13395,13339,13341,13335,13336,14301,14302,14303,14300,13718,1231,12957,14006,15173,15161
15168,13120,13448,13454,12286,12283,13742,13752,13726,13753,13728,13734,13258,1232,1234,13259,13735,13716,13723,14259
14251,14262,14254,14248,14249,14260,14264,14256,14252,14257,13352,12191,12199,12188,12192,12198,14618,14615,12263,12259
12261,12262,12267,12253,12231,12221,14103,14104,14169,14192,14171,14132,14131,14166,14140,14163,14159,14189,14143,14173
14185,14860,14862,14865,14868,14870,14875,14866,14872,14672,14652,14658,14660,14648,14654,14681,12973,12779,13197,12950
12947,12406,13387,13394,13389,13390,13395,13339,13341,13335,13336,14301,14302,14303,13059,13346,13343,13348,12974,14416
14417,14419,14409,14411,14413,14399,14404,14407,13266,13265,13268,12292,12296,12288,14494,14492,14489,12955,14575,14586
14582,14584,15087,15085,12975,14416,14417,15221,15218,15192,15195,15211,15215,15194,15208,15225,15193,15198,15201,15191
15210,15228,15212,15216,15209,15205,15200,14356,14365,14364,14359,14358,14350,14366,14348,14347,14362,14353,13601,13603
13599,13605,14881,1232,1237,12976,12762,12290,12289,12291,12293,12300,14581,14577,14575,14586,15387,15382,15381,13132
12977,15114,15106,15107,15111,15109,15116,15098,15100,15113,12923,12907,12919,12893,12887,12895,12905,12911,12898,12896
12897,12888,12891,12909,12915,12900,12903,12922,15125,12446,12477,12444,12432,12726,12749,12735,12827,12826,12751,12742
12740,12737,12729,12725,12744,12732,12727,12733,12745,14397,12977,15114,15106,15107,15111,15109,15116,15098,15100,15113
12923,12907,12919,12893,12887,12895,12905,12911,12898,12896,12897,12888,12891,12909,12915,12900,12903,12922,15125,12446
12477,12444,12432,12726,12749,12735,12827,12826,12751,12742,12740,12737,12729,12725,12744,12732,12727,12733,12745,14397
14711,14748,14696,14745,14703,14744,13203,13201,15184,12978,12979,12764,12779,12392,12376,12380,14610,14603,14615,14606
14621,14623,15072,15082,1194,13079,12995,13034,13094,13018,13085,12991,13003,13083,13008,13058,13000,13016,478,12978
12979,15114,15106,13577,13572,13582,13553,13569,13548,13557,13575,13564,13581,13561,13571,12382,12366,14611,14610,14607
14603,14602,14600,14618,14615,14614,14626,14619,14621,14625,14623,15066,15076,15072,15071,15081,15082,15084,15074,15078
15080,13090,13002,1194,13092,13053,13035,13079,13037,13077,12993,12995,12984,12997,13065,13019,13034,13087,13067,13094
13043,13018,13007,13085,13049,13062,13046,13022,12991,13088,13055,12999,12996,13003,13081,13044,13017,13071,13056,13083
13074,13005,13014,13008,13051,13040,13012,13041,13058,13000,13084,13061,13010,13073,13016,13093,478,12980,14402,14478
14477,13558,13550,13577,13572,13582,13553,13569,13548,13557,13575,13564,13581,13561,13571,13546,13566,13563,13713,12526
13692,13709,13700,13703,13702,13704,13695,13697,13698,15093,15095,14087,1228,13082,13004,13032,13086,13069,13095,13024
13031,13078,1190,15077,15069,14627,14622,14613,14616,14604,14609,12381,12377,12391,12780,12765,12978,13082,13030,13070
13011,13015,13063,13052,13004,12992,13064,12989,13096,12985,13032,13023,13045,13027,13048,13086,13006,13069,13042,13095
13068,13026,13024,13020,13066,12998,12983,13031,12994,13076,13038,13078,13029,13054,13033,1189,12982,12990,13089,15079
15075,15083,15077,15068,15070,15069,15073,15067,14627,14624,14622,14620,14605,14616,14617,14599,14601,14604,14608,14609
14612,12367,13547,13570,13560,13580,13551,13574,13552,13568,13559,13554,13583,13573,15108,15103,15115,15104,12782,12978
1309,941,313,879,5002,2734,2716,2718,4464,4470,4465,2719,2721,2723,2725,2729,2123,4565,4558,4568
4569,4564,2372,1309,941,313,879,5002,3865,3863,3166,5040,4915,1895,4775,4777,4779,4780,4782,4792
4785,4787,4788,4790,2230,2232,2234,1309,941,313,879,5002,3865,3863,3166,5040,5030,5038,3571,4118
4091,4119,4104,4110,4108,4096,2372,1309,941,313,879,5002,3865,3863,3166,5040,5030,5038,4472,4467
2009,1977,1995,1996,4424,4426,4130,2481,2483,4551,4561,4562,13120,13448,13454,12286,12283,13742,13752,13726
13753,13728,13734,13258,1232,1234,13259,13735,13716,13723,13120,13449,13450,13453,14312,14315,14319,14309,12660,12662
15059,15061,15062,15065,14810,14812,15376,15377,15375,13120,13449,13450,13453,14312,14315,14319,14309,14313,14307,14321
14308,13605,13128,13123,13537,15353,15339,12952,14943,14944,14685,12414,12418,14756,14760,937,13132,15380,15383,15388
14587,14576,14578,14580,12301,12294,12299,12297,12754,12763,12786,12976,13132,15380,15383,15388,15386,14853,14845,12760
12767,14816,14818,14791,14185,14188,12639,12637,12634,12638,12641,14486,14488,14118,14106,14852,14849,13361,13359,14841
14593,14595,14596,15141,14678,13157,13158,13153,13143,13147,13138,13142,13139,13152,14291,14292,15357,15352,15346,15354
15342,15345,15344,15355,15349,15347,15360,13999,14001,13997,13994,13992,14002,14005,14392,14395,14388,14390,14389,14694
14700,12425,13313,13317,13323,13301,13316,13303,13334,13310,13331,13297,13296,13315,13306,13320,13305,14368,14241,14015
14013,14010,14008,12361,15003,12360,12365,12363,14103,14104,14169,14192,14171,15112,14167,13169,13170,13171,13111,13115
13112,13113,13100,13110,13104,13108,13107,13109,13015,13063,13052,12796,12793,12675,13438,1026,13169,13170,13171,13111
13115,13112,13113,14530,14529,14519,14518,14541,14520,14537,13075,14834,14835,12688,12680,14461,14474,14463,14469,14472
14473,14471,14466,12800,12806,12805,14819,14825,14823,14828,14820,14827,14831,15149,15147,1027,13188,13185,13400,13401
13145,13150,13151,13146,13141,13137,13148,12960,12962,12965,12969,12966,12967,13608,13594,13593,13880,13596,13597,13595
13609,15020,13188,13185,13400,13401,14991,14983,14977,14975,14994,14971,14969,14972,13799,13795,13788,12960,12962,12965
12969,12966,12967,13608,13594,13593,13880,13596,13597,13595,13609,15020,13209,15091,15090,14387,14385,12189,12187,14093
13210,13210,14102,12194,12190,14384,14386,15089,15092,15088,14682,13209,13211,12270,12269,12272,12268,12273,12278,15370
15366,14092,14091,15366,15363,15373,15369,13756,12819,15183,13211,12270,12269,12272,12268,12273,12278,15370,15366,14092
14091,15366,15363,15373,15369,13756,12819,15183,13611,14690,14688,14499,13212,14102,12186,12718,12719,12717,12723,12721
12716,15138,13500,12424,14690,14688,14499,13213,14153,14141,14183,14194,14133,14099,14120,14147,14149,14175,14186,14144
14195,14125,12220,12233,12246,14621,1426,13214,14100,14097,14094,14153,14158,14177,14156,14141,14122,14111,14181,14162
14116,14150,14152,14127,14183,14180,14114,14129,14135,14202,14161,14113,14198,14194,14124,14105,14133,14099,13745,13738
13294,13276,13282,13291,13293,13284,13279,13286,13288,13277,14664,14671,14667,14657,14641,14647,14638,14645,14643,14661
14655,14668,14673,14663,14650,12865,12867,12862,14107,14176,14175,14138,14108,14109,14197,14187,14186,14174,14144,14190
14160,14164,14196,14165,14195,14172,14193,14168,14125,12208,12220,12224,12252,12236,12243,12233,12247,14626,14619,14621
14625,1100,13222,14505,12464,12481,12482,12470,12434,12453,12440,12446,12477,12444,12432,12437,12439,12450,12460,12475
12442,12454,12448,12462,12467,12465,12459,14231,14233,14234,14236,15051,15054,12854,12850,13354,13355,13358,12830,15044
15048,15049,15037,15040,15042,15046,12524,12531,12530,12527,12537,14218,14838,14840,14839,13223,14508,14510,14501,14504
15132,15123,15122,15128,15130,15125,12446,12477,12444,12432,12437,12439,12450,12460,12475,12442,12454,12448,12462,12467
12465,12459,14231,14233,14234,14236,15051,15054,12854,12850,13354,13355,13358,12830,15044,15048,15049,15037,15040,15042
15046,12524,12531,12530,12527,12537,14218,14838,14840,14839,13224,14508,14510,14501,14504,15131,15124,13658,13655,13617
13615,13616,12561,12549,12568,12563,12557,12582,12558,12598,12578,12590,12547,12585,12544,12587,12601,12570,12588,12584
12553,12595,12566,12591,12572,12565,12575,12555,12551,12866,12861,12860,12864,14648,14654,14675,1333,8980,8977,8976
8974,8972,8954,8981,8968,8966,8964,8962,8960,8956,9804,9797,9792,10296,10322,407,10323,10295,10318,7882
7880,7943,7940,7932,7930,7926,9488,9487,9490,9492,10390,10393,10397,10385,10387,10389,8822,8817,8818,8824
8821,8816,11169,11168,11373,11327,10575,8921,8894,11375,10140,8064,8066,10142,8465,7699,8466,11557,10779,10776
10781,10774,10778,9745,9743,11554,10000,10107,8471,11163,1333,8980,8977,8976,8974,8972,8954,8981,8968,8966
8964,8962,8960,8956,9804,9797,9792,10296,10322,408,10323,10295,9794,9801,9799,7543,7542,11151,11153,11155
11156,11159,7704,7705,11918,11390,11405,11421,11408,11412,11419,7807,8198,8192,7814,8188,7820,8199,8187,8186
9395,9394,9396,11164,13333,13304,13321,13302,13324,13318,13312,13322,13328,12745,14397,14391,14394,14393,13995,14003
14004,13993,13996,14000,13998,15361,15359,15348,15350,15356,15343,15341,15362,15358,15351,14293,14290,13150,13151,13146
13141,13137,13148,13144,13140,13159,13156,13483,13481,13479,13649,13347,13344,13345,14299,14304,13342,13338,13337,13340
13391,13392,13388,13393,13386,12403,12948,12949,13198,12780,12973,13347,13344,13345,14299,14304,13342,13338,13337,13340
13391,13392,13388,13393,13386,12403,12948,12949,14271,14877,14872,14658,14648,14677,13347,13344,13345,14299,14304,13342
13338,13337,13340,13391,13392,13388,13393,13386,12403,12948,12949,15137,14932,13606,14396,13327,13317,15288,15314,12692
12713,12697,1335,11394,11319,10325,10315,10312,10309,10308,10306,10320,10304,10301,10300,405,10323,10295,10318,10316
10298,12088,9602,11538,11811,11809,1336,11394,11319,11348,8435,8429,8433,8428,8440,8426,8436,8423,8430,8422
8250,7605,8266,7593,8259,8246,8248,8245,8256,8253,8260,8257,8224,8223,8235,8231,8222,8214,8212,8227
8225,8232,8237,8220,8217,10371,10377,11677,11761,11762,9871,11600,11594,11575,11595,11576,11592,11570,11586,11580
11582,11590,11579,8100,8102,8096,8099,8093,11721,11724,11722,11727,11098,11100,8805,13406,13404,13436,13434,13409
13429,13428,13425,13413,13416,13417,13418,14757,12503,12495,12497,12500,12494,12504,1193,13423,13766,13768,13762,13764
13771,14460,14458,12517,12516,12511,12507,12506,12509,12514,15162,15170,15172,15164,15177,15166,14995,13447,12821,12820
15371,15368,15372,15364,14092,14091,15365,15367,12279,12274,12275,12271,12276,13211,1348,7209,7244,7247,7246,7250
7251,7254,360,1348,7209,7309,7352,7300,7451,7244,7247,7246,7250,7251,7254,360,1351,21073,20992,21072
21145,1351,21118,21117,1351,21118,21117,21132,1674,1351,21123,21122,1351,1352,2330,2334,2500,2715,3155,3153
3156,3159,3527,3163,3165,3152,3161,3613,5055,2534,2108,1971,2299,2013,2014,3018,3020,3570,5035,5034
5033,4922,1352,3298,2922,3898,3890,3916,3910,1469,1353,6210,6206,6215,6207,6220,6223,5723,5722,6225
6596,6599,6026,6025,6845,5764,5941,5815,6316,6322,6890,5350,6179,5360,6184,5946,7018,6503,6144,6132
6133,6141,6136,6143,6138,6130,6085,6088,6604,6601,6605,1353,6210,6206,6215,6207,6220,6223,5723,5722
6225,6596,6599,6026,6025,6845,5764,5941,5815,6316,6322,6890,5350,6179,5360,6184,5946,7018,6503,6144
6132,6133,6141,6136,6143,6138,6384,6381,6379,6378,5399,1353,6261,6249,6251,5780,6377,1353,6312,6303
6307,6305,6957,6951,6953,6955,6946,6947,6949,6942,6944,6941,5776,6626,6611,6617,6613,6579,5388,6583
6577,6575,6073,6261,6249,6251,5778,5784,5789,5785,5790,5783,5782,5779,7051,7049,5312,7048,7045,7052
6585,6374,6372,6371,6376,6375,6377,1353,6312,6303,6307,6305,6957,6951,6953,6955,6946,6947,6949,6942
6944,6941,5776,6626,6611,6617,6613,6579,5388,6583,6577,6575,6073,6261,6249,6251,6373,5778,5784,5789
5785,5790,5783,5782,5779,7051,7049,5312,7048,7045,7052,6585,6374,6372,6371,6376,6375,6377,1353,6528
6522,6839,6210,6206,6215,6207,6220,6223,5723,5722,6225,6596,6599,6696,13539,13123,13537,13536,13542,13543
13533,15353,15339,12952,14943,14944,14685,12414,12418,14756,14760,937,1354,1352,1990,2007,2003,1994,1989,1980
2885,4195,4196,2553,2572,1354,1352,3572,3566,1983,1990,1354,1352,3572,3566,1983,1990,2007,1973,2001
2004,2003,1998,1994,1991,1989,1985,1980,1978,2885,4195,4192,4196,4193,3330,3331,4460,3696,3710,3699
3707,3701,4981,4979,4074,4065,4068,4073,4337,1355,3930,3928,3920,3944,3936,3951,3960,3954,3904,3898
3895,3890,3884,3916,3910,3908,3907,3902,3934,3721,3794,4689,3946,1356,2330,2327,2331,4526,4524,4265
4249,4257,4260,4268,4255,4251,3340,4007,4008,3714,3713,3298,3304,3311,3308,3315,4002,4003,4000,4006
4370,4369,4233,3997,3998,3995,2357,2358,3059,3057,3055,3053,3061,4964,4967,5068,5069,3412,2368,2364
2362,2367,4244,4243,4246,4874,2479,4879,4878,4433,5049,4977,4976,3481,3479,3478,4440,4441,4437,2180
2177,2174,3427,3424,3420,3419,3430,3423,4081,4080,4079,2991,3595,3597,3596,3469,3630,3632,3631,2640
2641,2639,3425,3426,4033,13610,13592,13593,13880,13596,13597,13595,12961,12968,12959,12970,12964,12963,13143,13147
13138,13142,13139,13152,13149,14457,14992,14985,13644,13740,13722,13732,13720,13717,14098,14134,14191,14123,14139,14199
14200,14155,14203,14136,14130,14115,14179,14184,13650,13485,13480,13482,13484,13157,13158,13153,13143,13147,13138,13142
13139,13152,14291,14292,15357,15352,15346,15354,15342,15345,15344,15355,15349,15347,15360,13999,14001,13997,13994,13992
14002,14005,14392,14395,14388,14390,14389,14694,14700,12425,13313,13317,13323,13301,13316,13303,13334,13310,13331,13297
13296,13315,13306,13320,13305,14368,14241,14015,14013,14010,14008,12361,15003,12360,12365,12363,14103,14104,14169,14192
14171,15112,14167,13650,13777,13783,13772,13779,13773,14993,14984,14985,13432,14884,14883,14930,14900,14916,14932,14912
14911,14899,14938,14926,14551,14558,14549,14555,12234,14613,14616,12281,13695,13697,13698,15093,15095,14080,13810,12872
12656,14996,14997,13816,14222,14225,14227,15055,13399,13396,13351,15154,937,13730,13727,13737,13747,13719,13733,13721
13750,13645,13097,14034,12837,12839,12835,14341,14340,13184,14879,13784,13648,12213,13485,13480,13482,12878,12876,12788
937,13840,13831,13826,13832,13837,13829,13828,13836,13823,13497,13494,13492,13491,13488,13499,12280,14615,14614,14626
14619,14621,14625,1101,13840,13831,13826,13832,13837,13829,13828,13836,13823,13497,13494,13492,13491,13488,13499,12280
14615,14614,14626,14619,14621,14625,1101,12427,12429,12543,12541,12842,12843,13626,13628,13640,13621,13635,13643,13639
13625,13632,13630,13637,13633,12347,12351,12338,12337,12341,12333,12335,12355,15334,15337,15330,15332,12823,14272,13840
13831,13826,13832,13837,13829,13828,13836,13823,13497,13494,13492,13491,13488,13499,12280,14615,14614,14626,14619,14621
14625,1101,15066,15076,14443,14436,14437,14495,13935,13912,13901,13946,13924,13896,13916,13930,13908,13928,13903,13919
13922,13910,13921,13950,13925,13915,13900,13938,13906,13940,13898,13934,13944,13932,13942,13936,12699,12701,12694,12690
12711,12339,13884,13136,13134,12802,14523,13758,13206,13207,12800,12806,12805,14819,14825,14823,937,1392,14083,14216
14211,14213,14220,14212,13439,13441,13443,13165,13163,13164,13162,12529,12532,12521,13712,13714,13467,13459,13466,13470
13472,13456,13457,13476,13465,13462,13474,12303,12305,12307,14266,12765,12973,14402,14478,14477,13556,13545,13579,14846
12760,14782,14803,14779,14786,14784,14800,14791,14186,12772,12784,12757,12775,1392,14083,14216,14211,14213,14220,14212
13439,13441,13443,13165,13163,13164,13162,12529,12532,12521,13712,13714,13467,13459,13466,13470,13472,13456,13457,13476
13465,13462,13474,12303,12305,12307,14266,12765,12973,14402,14478,14477,13556,13545,13579,14846,12760,14803,14779,14786
14784,14800,14791,14186,12772,12784,12757,12775,13954,14857,14854,14856,12853,12849,12847,13033,1191,12496,12499,12501
14058,13760,13759,15270,15304,15319,15281,15310,15329,15316,15307,15301,15296,15327,15286,15309,15272,15288,15295,15276
15299,15277,15314,13986,13990,13965,14042,14037,14039,15149,15147,1388,13437,12676,12674,12687,12683,12677,12672,12685
12679,14832,14836,14526,14533,14522,14534,14538,13980,13962,13973,13975,13957,13969,13971,13964,13982,13960,13984,13968
13977,13955,13402,15182,13332,13326,13311,473,13987,21546,21547,21545,21558,21552,1679,1409,12496,13589,13421,14059
14060,14057,14073,14056,14051,14070,14054,14068,14047,14050,14063,14066,14062,14453,14448,14451,14454,13130,13128,13123
13122,13129,13125,13774,13776,13793,13797,13791,13790,13786,13651,13986,13990,13965,14042,14037,14039,15149,15147,1388
13437,12676,12674,12687,12683,12677,12672,12685,12679,14832,14836,14526,14533,14522,14534,14538,13980,13962,13973,13975
13957,13969,13971,13964,13982,13960,13984,13968,13977,13955,13402,15182,13332,13326,13311,473,1409,12496,13589,13421
14059,14060,14057,14073,14056,14051,14070,14054,14068,14047,14050,14063,14066,14062,14453,14448,14451,14454,13130,13128
13123,13122,13129,13125,13774,13776,13793,13797,13791,13790,13786,13651,13986,13990,13965,14042,14037,14039,15149,15147
1388,13437,12676,12674,12687,12683,12677,12672,12685,12679,14832,14836,14526,14533,14522,14534,14538,13980,13962,13973
13975,13957,13969,13971,13964,13982,13960,13984,13968,13977,13955,13402,15182,13332,13326,13311,473,14398,12407,14167
14195,14172,14193,14168,12330,12362,12364,12359,15003,12331,14012,14007,14009,14014,14011,14240,14242,14367,13309,13319
13307,13314,13308,13298,13300,13299,13333,13304,13321,13302,13324,13318,13312,13322,13328,12745,14397,14391,14394,14393
13995,14003,14004,13993,13996,14000,13998,15361,15359,15348,15350,15356,15343,15341,15362,15358,15351,14293,14290,13150
13151,13146,13141,13137,13148,13144,13140,13159,13156,14167,14195,14172,14193,14168,12330,12362,12364,12359,15003,12331
14012,14007,14009,14014,14011,14240,14242,14367,13309,13319,13307,13314,13308,13298,13300,13299,13333,13304,13321,13302
13324,13318,13312,13322,13328,12745,14397,14391,14394,14393,13995,14003,14004,13993,13996,14000,13998,15361,15359,15348
15350,15356,15343,15341,15362,15358,15351,14293,14290,13150,13151,13146,13141,13137,13148,13144,13140,13159,13156,13483
13481,13479,13649,14186,14174,14144,14190,14160,14164,14196,14165,14195,14172,14193,14168,14125,12208,12220,12224,12252
12236,12243,12233,12244,14616,14617,12205,12201,12200,12206,13353,14246,14253,14255,14245,14261,14247,14258,14265,14263
14250,14244,13744,13724,13715,13258,1232,1233,13259,13262,13736,13729,13754,13725,13751,13743,12284,12285,13455,13118
13119,15167,12409,12408,12957,14243,14041,14042,14037,14039,15149,15147,1387,13437,12676,12794,12792,12790,14243,14041
14042,14037,14039,15149,15147,1387,13437,12676,12794,12792,12790,12791,14019,14017,12883,12885,13230,13238,13028,13229
15096,13189,13187,13239,13234,13241,13227,13235,13172,13168,14904,14921,14918,14895,14915,14930,14243,14041,14042,14037
14039,15149,15147,1387,13437,12676,12794,12792,12790,12791,14019,14017,12883,12885,13230,13238,13028,13229,15096,13189
13187,13239,13234,13241,13227,13235,13172,13168,14904,14921,14918,14895,14915,14930,14496,14243,14041,14042,14037,14039
15149,15147,1387,13437,12676,12794,12792,12790,12791,14019,14017,12883,12885,13230,13238,13028,13229,15096,13189,13187
13239,13234,13241,13227,13235,13172,13168,14904,14921,14918,14895,14915,14930,14890,12942,12939,12927,12932,12934,12944
14736,14733,14742,14726,14732,14740,14730,14737,14734,14723,14705,14702,14720,14698,13203,13201,15185,14249,14260,14264
14256,14252,14257,13352,12191,12199,12188,12192,12198,14618,14615,12263,12259,12261,12262,12267,12253,12231,12221,14103
14104,14169,14192,14171,14132,14131,14166,14140,14163,14159,14189,14143,14173,14185,14860,14862,14865,14868,14870,14875
14866,14872,14672,14652,14658,14660,14648,14654,14681,1426,14622,12263,12259,12221,14104,14132,14143,14185,14118,14148
14146,14119,14098,14134,14139,14184,14142,14154,13213,14272,12822,15333,15331,15336,15335,12343,12356,12334,12346,14272
12822,15333,15331,15336,15335,12343,12356,12334,12346,12342,12336,12340,12348,13634,13627,13629,13631,13624,13638,13642
13636,13622,13641,13623,12845,12844,12841,12540,12542,12428,12426,1103,14627,14624,14622,14620,14605,12277,13498,13486
13487,13489,13490,13493,13495,13496,13824,13835,13827,13830,13834,13833,13825,13183,15220,15213,13840,14273,12822,15333
12600,12586,12335,12355,12344,13801,13807,13805,13804,13802,12694,12690,12711,12339,12345,12353,15142,15143,15144,12709
12708,12693,12696,13349,13822,13821,12349,12358,12357,14278,14327,15024,15027,15012,13610,13592,13593,13880,13596,13597
13595,12961,12968,12959,12970,12964,12963,13143,13787,13794,13798,14973,14970,14974,14993,14976,14978,14984,14992,14985
14278,14327,15024,15027,15012,13610,13592,13593,13880,13596,13597,13595,12961,12968,12959,12970,12964,12963,13143,13787
13794,13798,14973,14970,14974,14993,14976,14978,14984,14992,14985,14980,14979,14989,12933,12938,12936,14901,14925,14888
14279,13255,13619,12798,15031,14484,14295,12616,12857,13501,13951,13215,12828,13478,14497,14629,14279,13255,13619,12798
15031,14484,14295,12616,12857,13501,13951,13215,12828,13478,14497,14629,14539,12859,14591,1095,14440,13200,12473,13329
12748,15312,14284,14277,13256,13247,13252,14023,13245,12629,12621,12626,12624,12627,12620,12632,13514,13515,13513,13522
13519,13527,13517,13525,13523,13529,14707,14715,14713,14747,14743,14716,14710,14691,14699,14718,14284,14277,13256,13247
13252,14023,13245,12629,12621,12626,12624,12627,12620,12632,13514,13515,13513,13522,13519,13527,13517,13525,13523,13529
14707,14715,14713,14747,14743,14716,14710,14691,14699,14718,14431,14428,14429,14423,14432,14421,14426,12326,12328,15187
14305,13390,13395,13339,13341,13335,13336,14301,14302,14303,14300,12670,14317,14311,14322,14323,14314,14310,14318,14316
14320,13452,13451,13118,13119,14444,13815,13818,12321,15009,15017,15022,15036,12487,15007,15029,15014,15028,937,14480
14485,14482,14773,14772,14089,14086,14090,12226,12239,12238,15007,937,14496,12395,14925,14931,14914,14919,14913,14920
13173,13176,13175,13174,13228,13240,13233,13236,13186,15097,13237,13231,13232,12882,12884,14018,14016,12795,12789,12796
12793,12675,13438,1387,14036,14038,14043,14040,14880,14499,14687,14689,12423,12724,12715,12720,12722,12718,12719,12717
12185,14093,13212,14499,14687,14689,13612,14201,13447,12821,12820,15371,15368,15372,15364,14092,14091,15365,15367,12279
12274,12275,12271,12276,13211,1452,11885,11886,11322,11311,11333,11361,11351,11304,11666,11661,11667,11672,11673,11662
11669,11664,8909,8914,8911,8908,8902,9364,9361,9237,1453,11885,11907,11892,11903,11901,11591,11577,11574,11593
11599,9870,11760,11676,11658,1454,11080,11075,8452,11078,11074,8783,11347,11385,11359,11350,11372,11320,11348,11332
11346,11391,7535,8818,8816,11164,1455,5151,1455,5151,5115,1455,5288,1456,10851,10854,10841,10853,10856,10845
10844,10849,10847,9930,9931,1457,9952,10280,10217,10274,8631,8632,9475,9464,9470,10278,10221,10223,10224,10225
10228,10229,10231,10234,10246,10208,10244,10275,10257,10432,1458,10260,10292,10239,10237,10276,10212,7559,10281,10286
10259,10251,10271,10214,10215,10273,10262,10280,10217,10274,1459,10044,7860,12016,12013,12010,12012,12014,8776,8008
10896,10890,9682,11614,11615,12080,12077,10897,10895,10894,10885,10892,10888,10063,11175,11176,11170,8346,8347,8343
10524,10538,10527,10532,10529,10535,10340,10341,10060,1460,10936,10925,10932,10931,10930,10928,10921,10934,10937,10947
10733,10699,10700,10702,10703,9641,8570,8564,8556,7865,8559,8551,8549,8532,1461,10044,12036,12034,12039,12026
11818,11916,9664,9672,10266,10239,10276,10281,10259,10251,10214,10262,10280,10274,9475,9470,9200,14613,14616,15039
12520,1462,10044,7860,7863,12016,12013,12010,11456,11429,11430,11451,11440,11434,11458,11446,11449,9285,9275,9288
9283,9937,9963,9940,9385,9384,9389,9568,9581,318,1463,8812,11605,7789,7787,7785,7784,7797,10409,10412
10414,10415,10421,11725,11720,8094,8098,8097,8095,8101,11589,11583,11581,11585,11571,11591,9851,1463,8812,11605
7789,7787,7785,7784,7797,10409,10412,10414,10415,10421,11725,11720,8094,8098,8097,8095,8101,11589,11583,11581
11585,11571,11591,9851,9848,9849,9850,9619,11071,11061,8414,8418,8415,1464,8847,8839,8841,8844,8850,8845
11853,11856,11854,8629,1465,10003,7790,11606,8804,8807,7871,10013,10014,8286,8316,8288,11237,11247,11225,11233
11221,11889,1466,2773,1467,7340,7341,7343,7346,7348,7314,7328,7461,7462,7456,7459,7465,7470,7468,7317
7395,7295,514,1467,7340,7341,7343,7346,7348,7314,7328,7461,7462,7456,7459,7465,7470,7468,7317,7395
7295,514,7256,7258,7387,7390,7296,1467,7340,7341,7343,7346,7348,7314,7328,7461,7462,7456,7459,7465
7470,7468,7317,7395,7295,514,7256,7258,7387,7390,7391,7375,7372,7378,7374,933,7281,7283,7279,7473
7241,7363,7365,7234,7237,7238,7398,655,7381,7379,1467,7340,7341,7343,7346,7348,7314,7328,7461,7462
7456,7459,7465,7470,7468,7317,7395,7295,7298,7194,7175,7213,7218,7226,7221,7220,7224,7214,7219,7325
7415,7454,7368,7320,513,7173,7329,7228,7230,7231,7304,7306,7308,7211,7210,1467,7340,7341,7343,7346
7348,7314,7328,7461,7462,7456,7459,7465,7470,7468,7317,7395,7295,7298,7194,7175,7213,7218,7226,7221
7220,7224,7214,7219,7325,7415,7454,7368,7320,515,1467,7340,7341,7343,7346,7348,7314,7328,7461,7462
7456,7459,7465,7470,7468,7317,7395,7295,7446,7325,7419,7322,7415,7454,7368,7320,515,14675,14663,14650
12865,12867,14383,12550,12554,12576,12574,12571,12592,12567,12596,12559,12552,12583,12589,12580,12600,12586,12546,12545
12548,12573,12579,12599,12560,12581,12556,12564,12569,12577,12562,13614,13613,13656,13657,15129,14509,14503,14502,14500
14507,13222,14505,13661,13659,13665,13666,13669,13660,13674,13673,13662,13677,13748,13755,14633,15134,15135,13675,14631
14637,14630,15279,15322,15298,15325,15291,15293,15268,13584,13586,14376,14375,12659,13271,13270,13273,15287,15274,15315
14675,14663,14650,12865,12867,14383,12550,12554,12576,12574,12571,12592,12596,12559,12552,12583,12589,12580,12600,12586
12546,12545,12548,12573,12579,12599,12560,12581,12556,12564,12569,12577,12562,13614,13613,13656,13657,15129,14509,14503
14502,14500,14507,13222,14505,13661,13659,13665,13666,13669,13660,13674,13673,13662,13677,13748,13755,14633,15134,15135
13675,14631,14637,14630,15279,15322,15298,15325,15291,15293,15268,13584,13586,14376,14375,12659,13271,13270,13273,15287
15274,15315,14677,14650,14659,14871,14877,14271,12950,12947,12406,13387,13394,13389,13390,13395,13339,13341,13335,13336
14301,14302,14303,13059,13346,13343,13348,14678,14598,14597,14594,12505,14842,13360,14850,14851,14107,14176,14487,12642
12635,12636,14109,14197,14187,14793,14678,14598,14597,14594,12505,14842,13360,14850,14851,14107,14176,14487,12642,12635
12636,14109,14197,14187,14793,14817,12770,12769,12761,12783,14844,14847,14848,15389,15387,15382,15381,13132,1468,3178
3792,3784,3775,3788,3783,3847,3845,3850,3854,3844,3849,3841,3852,3840,3837,3216,3212,3218,3223,3211
3205,2268,1468,3178,3792,3784,3775,3788,3783,3847,3845,3850,3854,3844,3849,3841,3852,3840,3837,3216
3212,3218,3223,3211,3205,3207,3208,3182,3219,3185,3187,3189,3191,3193,3194,3196,3199,3200,3203,3623
3622,2550,1468,3178,3792,3784,3775,3788,3783,3847,3854,3849,3841,3840,3216,3218,3211,3207,1468,3178
3792,3784,3775,3788,3783,3847,3854,3849,3841,3840,3216,3218,3211,3207,3208,3182,3219,3185,3187,3189
3191,3193,3194,3196,3199,3200,3203,3623,3622,2550,14680,12868,14874,12593,14270,12644,12773,12918,15004,15152
12817,12858,14540,14628,14498,13477,12831,14680,12868,14874,12593,14270,12644,12773,12918,15004,15152,12817,12858,14540
14628,14498,13477,12831,13216,13952,13502,12856,12615,14298,14483,15032,12485,14681,14663,14650,14649,14653,14659,14651
14871,14867,14876,14863,14869,14864,14859,14861,14187,14186,14174,14144,14190,14160,14164,14196,14165,14195,14172,14193
14168,14125,12208,12220,12224,12252,12236,12243,12233,12244,14616,14617,12205,12201,12200,12206,13353,14246,14253,14255
14245,14261,14247,14258,14265,14263,14250,14244,13744,13724,13715,13258,1232,1233,13259,13262,13736,13729,13754,13725
13751,13743,12284,12285,13455,13118,13119,15167,12409,12408,12957,1469,3178,3792,3784,3291,3295,3294,3293,3288
3277,3274,3272,3281,3266,3262,3280,3239,3244,3251,3254,3256,4270,4271,4272,2236,1469,3911,3917,3889
3899,2923,4554,1352,14694,14700,14709,14717,14714,14746,14712,14692,13528,13530,13524,13526,13518,13531,13520,13521
13512,13516,12625,12633,12619,12628,12623,12631,12622,12630,14023,13246,13251,13248,14280,14339,14284,1470,3178,3792
3784,3291,3295,3294,3296,3290,3293,3292,3288,3275,3277,3289,3274,3282,3272,3267,3281,3269,3285,3270
3266,3257,3262,3263,3280,3237,3239,3241,3244,3246,3248,2146,2138,2141,3249,1470,3178,3792,3784,3291
3295,3294,3296,3290,3293,3292,3288,3275,3277,3289,3274,3282,3272,3267,3281,3269,3285,3270,3266,3257
3262,3263,3280,3237,3239,3241,3244,3246,3248,3251,3254,3256,4270,2193,4970,1470,3178,3792,3784,3291
3295,3294,3296,3290,3293,3292,3288,3275,3277,3289,3274,3282,3272,3267,3281,3269,3285,3270,3266,3257
3262,3263,3280,3237,3239,3241,3244,3246,3248,3251,3254,3256,4270,2193,4970,2194,2195,4271,4272,2236
1470,3178,3792,3784,3291,3295,3294,3296,3290,3293,3292,3288,3275,3277,3289,3274,3282,3272,3267,3281
3269,3285,3270,3266,3257,3262,3263,3280,3237,3239,3241,3244,3246,3248,3251,3254,3256,4270,4271,4272
2236,1471,2773,1471,3178,3759,3745,3779,3796,3751,3797,3754,3777,3781,3798,3363,3365,3354,3362,3369
3358,3352,3366,3356,3370,4676,3175,3176,3170,3686,3689,3692,3666,3669,3670,3673,2042,2038,2039,2040
2041,2043,2044,4044,4047,4049,4051,4064,4053,4055,4057,4059,4061,4062,4132,14724,14741,14729,14731,14739
14735,14727,14728,14738,12941,12929,12926,12930,12928,12940,12943,14901,14925,14931,14914,14919,14913,14920,13173,13176
13175,13174,13228,13240,13233,13236,13186,15097,13237,13231,13232,12882,12884,14018,14016,12795,12789,12796,12793,12675
13438,1387,14036,14038,14043,14040,14880,14766,14759,14769,14752,15160,15157,15159,15158,15156,12622,14750,14754,14765
14032,14026,14024,14027,13246,13251,937,14792,14801,14785,14787,14805,14802,14783,14789,14797,14808,14778,14806,14780
14795,14799,14775,14788,13505,12203,12202,12207,12204,14589,14615,12245,12242,12210,14793,14801,14785,14787,14805,14802
12768,12761,14843,13578,13544,13555,14476,14479,14403,12981,14268,14267,12306,12308,12304,12302,13475,13461,13464,13473
13458,13468,13469,13471,13463,13460,13711,13710,13713,12525,14793,14801,14785,14787,14805,14802,12768,12761,14843,13578
13544,13555,14476,14479,14403,12981,14268,14267,12306,12308,12304,12302,13475,13461,13464,13473,13458,13468,13469,13471
13463,13460,13711,13710,13713,12525,12531,13160,13161,13167,13166,13444,13442,13440,14215,14219,14214,14217,13605,14881
1232,1392,14794,14801,14785,14787,15001,14999,15384,15379,13877,13855,13841,13854,13846,13866,13873,13860,13844,13870
13843,13871,13850,13849,13858,13862,13852,13865,14515,14514,14512,14546,14545,12204,14589,14615,12245,12242,12210,14822
14824,12803,12807,14467,14470,14468,14464,14465,14462,14475,12685,12679,14832,14833,14527,14536,14535,14542,14517,14525
14528,14531,13114,13098,13116,13169,14834,14835,12688,12680,14461,14474,14463,14469,14472,14473,14471,14466,12800,12806
12805,14819,14825,14823,14828,14820,14827,14831,15149,15147,1027,14836,14526,14533,12681,12688,12680,12684,12673,12678
12682,12686,12671,12675,13438,1388,14036,14038,13979,13966,13991,13987,13652,13785,13789,13792,13796,13779,13775,13773
13126,13121,13124,13127,13131,14455,14452,14449,14450,14067,14065,14064,14049,14048,14069,14053,14071,14072,14055,14074
14052,14061,14058,13420,13588,12504,1409,14839,12535,12536,12533,12534,12528,12529,12532,12523,15045,15043,15041,15038
15050,15047,12249,12829,13357,13356,12852,12851,12855,15053,15052,14237,14235,14232,12456,12458,12466,12468,12463,12449
12455,12445,12476,12461,12472,12438,12447,12436,12433,12443,12478,12479,12441,12469,12435,12471,12483,12480,14506,13223
14839,12535,12536,12533,12534,12528,12529,12532,12523,15045,15043,15041,15038,15050,15047,12249,12829,13357,13356,12852
12851,12855,15053,15052,14237,14235,14232,12456,12458,12466,12468,12463,12449,12455,12445,12476,12461,12472,12438,12447
12436,12433,12443,12478,15120,15126,15127,15121,15133,15119,14509,14503,14502,14500,14507,13222,1484,6898,6896,6897
6899,6901,14845,12760,12767,14816,14818,14791,14185,14188,12639,12637,12634,12638,12641,14486,14488,14118,14106,14852
14849,13361,13359,14841,14593,14595,14596,15141,14678,1485,21013,1485,1485,21016,1485,1485,21016,20979,20982,21121
20981,20980,21071,1485,1485,21071,20979,20982,21121,20981,20980,21013,1485,1486,20908,20917,20925,20919,21030,20918
21102,1486,1486,20919,21030,20918,21102,20923,21002,20907,1486,20919,21030,20918,21102,20923,21002,20907,1486,1486
20941,20983,20969,20970,20974,1486,20941,20983,20969,20970,20974,1486,1486,21012,20903,20927,21031,21029,20939,21032
1486,1486,5823,20939,20903,20927,21031,21029,21011,1486,5823,20939,20903,20927,21031,21029,21011,1486,14879,14035
12834,12833,12838,12840,12836,14033,13295,13731,13644,13740,13722,13732,13720,13717,13745,13738,12325,13730,14887,14885
13820,13819,12606,12604,12603,12609,12612,12608,12614,14206,15239,15235,15238,15246,15244,15240,15231,15243,15233,15326
15297,14210,14207,14204,15139,12463,13190,13195,13193,13191,13197,13912,13901,15262,15253,15256,15261,15259,15251,15258
15263,15002,15266,15249,13226,13507,13509,13511,13503,13506,14967,14958,14964,14954,14950,14953,14952,14956,14947,14962
14961,15225,15193,15198,15201,12394,12372,12755,12389,14888,14885,13820,13819,12940,12946,12945,12935,12937,14988,14990
14987,14981,13188,13185,13400,13401,14991,14983,14977,14975,14994,14971,14969,14972,13799,13795,13788,12960,12962,12965
12969,12966,12967,13608,13594,13593,13880,13596,13597,13595,13609,15020,15011,15026,15025,14278,14888,14885,13820,13819
12940,12946,12945,12935,12937,14988,14990,14987,14981,14986,14982,14991,14983,14977,14975,14994,14971,14969,14972,13799
13795,13788,12960,12962,12965,12969,12966,12967,13608,13594,13593,13880,13596,13597,13595,13609,15020,15011,15026,15025
14278,14903,14933,14932,14909,14912,14889,14924,14917,14911,14911,14928,14905,14899,14907,14938,14926,14894,14551,14563
14562,14554,14558,14565,14570,14549,14560,14556,14559,14555,12232,14605,14616,14617,14599,14601,14604,14608,14609,14612
12367,12383,12384,12373,12378,12374,12386,12755,12390,14931,14914,14919,14913,14920,13173,13176,13175,13174,13228,13240
13233,13236,13186,15097,13237,13231,13232,12882,12884,14018,14016,12795,12789,12796,12793,12675,13438,1387,14036,14038
14043,14040,14880,14983,14977,14975,14994,14971,14969,14972,13799,13795,13788,12960,12962,12965,12969,12966,12967,13608
13594,13593,13880,13596,13597,13595,13609,15020,15011,15026,15025,14278,14993,14984,14985,13432,14884,14883,14930,14900
14916,14932,14912,14911,14899,14938,14926,14551,14558,14549,14555,12234,14613,14616,12281,14995,13121,13141,12412,12422
12410,12420,12416,12414,12418,14756,14763,14760,12630,14023,14030,14028,12317,12315,12312,12309,12313,12320,14077,14076
14297,14369,14372,14085,14088,14084,14079,14087,1688,14995,15165,15176,15163,15171,15169,12518,12513,12510,12508,12512
12515,14456,14459,13767,13770,13763,13761,13769,13765,13422,14995,15165,15176,15163,15171,15169,12518,12513,12510,12508
12512,12515,14456,14459,13767,13770,13763,13761,13769,13765,13422,13411,13431,13406,14995,15165,15176,15163,15171,15169
12518,12513,12510,12508,12512,12515,14456,14459,13767,13770,13763,13761,13769,13765,13422,13411,13431,13406,13404,13436
13434,13409,13429,13428,13425,13413,13416,13417,13418,14757,12503,12495,12497,12500,12494,12504,1193,15085,15086,14583
14585,14579,14587,14576,12954,12953,14490,14491,14493,12298,12287,12295,13263,13267,13264,14408,14406,14405,14400,14414
14412,14401,14410,14420,14418,14415,12974,15139,12463,13190,13195,13193,13191,13197,13912,13901,15262,15253,15256,15261
15259,15251,15258,15263,15002,15266,15249,13226,13507,13509,13511,13503,13506,14967,14958,14964,14954,14950,14953,14952
14956,14947,14962,14961,15225,15193,15198,15201,12394,12372,12755,12389,15142,15143,15144,12709,12708,12693,12696,13349
13822,13821,12349,12358,12357,15168,13120,13449,13450,13453,14312,14315,14319,14309,12660,12662,15059,15061,15062,15065
14810,14812,15376,15377,15375,15184,13202,14706,14697,14704,14695,14693,14708,14719,12746,12743,12753,12734,12739,12738
12730,12728,12731,12741,12752,14294,12736,12750,12436,12433,12443,12478,15120,12925,12910,12902,12912,12901,12908,12890
12889,12913,12916,12899,12914,12904,12894,12886,12892,12921,12906,12924,15112,15101,15099,15117,15105,15118,15110,15102
15108,15103,15115,15104,12782,12977,15185,13202,14722,14721,14701,14725,14724,14741,14729,14731,14739,14735,14727,14728
14738,12941,12929,12926,12930,12928,12940,12943,14901,14925,14931,14914,14919,14913,14920,13173,13176,13175,13174,13228
13240,13233,13236,13186,15097,13237,13231,13232,12882,12884,14018,14016,12795,12789,12796,12793,12675,13438,1387,14036
14038,14043,14040,14880,15186,12329,12327,14430,14377,14379,14380,12659,13271,13270,13273,15287,15274,15315,15273,15285
12692,12695,12713,12705,13362,13378,13371,13373,13376,13381,13369,13365,13385,13366,12348,13181,13377,13382,14238,12776
15187,12329,12327,14425,14433,14424,14422,14427,14719,14694,14700,14709,14717,14714,14746,14712,14692,13528,13530,13524
13526,13518,13531,13520,13521,13512,13516,12625,12633,12619,12628,12623,12631,12622,12630,14023,13246,13251,13248,14280
14339,14284,15246,15244,15240,15231,15243,15233,15326,15297,14210,14207,14204,15139,12463,13190,13195,13193,13191,13197
13912,13901,15262,15253,15256,15261,15259,15251,15258,15263,15002,15266,15249,13226,13507,13509,13511,13503,13506,14967
14958,14964,14954,14950,14953,14952,14956,14947,14962,14961,15225,15193,15198,15201,12394,12372,12755,12389,15313,12747
13330,12474,13199,14439,1096,14592,12858,14540,14628,14498,13477,12831,15313,12747,13330,12474,13199,14439,1096,14592
12858,14540,14628,14498,13477,12831,13216,13952,13502,12856,12615,14298,14483,15032,12797,13620,13254,14281,14338,15314
15271,15311,15275,15294,15289,15278,15282,15308,15324,15326,15297,15300,15306,15305,15317,15284,15328,15290,15320,15303
12493,14046,14059,12500,12494,12504,1192,12846,12848,14854,14855,14858,13953,15314,15271,15311,15275,15294,15289,15278
15282,15308,15324,15326,15297,15300,15306,15305,15317,15284,15328,15290,15320,15303,12493,14046,14059,12500,12494,12504
1192,12846,12848,14854,14855,14858,13953,12646,12647,12654,12649,12653,12650,14229,13702,13704,13695,13697,13698,15093
15095,14087,1238,15315,15273,15285,12692,12695,12713,12705,13362,13378,13371,13373,13376,13381,13369,13365,13385,13366
12348,13181,13377,13382,14238,12776,15315,15273,15285,15318,13275,13274,13269,13272,12658,14374,14381,13587,13585,15269
15302,15292,15283,15321,15323,15280,14634,14636,14632,14635,13749,13741,13739,13678,13664,13672,13671,13668,13670,13679
13667,13663,14506,13224,14508,14510,14501,14504,15131,15124,13658,13655,13617,13615,13616,12561,12549,12568,12563,12557
12582,12558,12598,12578,12590,12547,12585,12544,12587,12601,12570,12588,12584,12553,12595,12566,12591,12572,12565,12575
12555,12551,12866,12861,12860,12864,14648,14654,14675,15315,15273,15285,15318,13275,13274,13269,13272,12658,14374,14381
13587,13585,15269,15302,15292,15283,15321,15323,15280,14634,14636,14632,14635,13749,13741,13739,13678,13664,13672,13671
13668,13670,13679,13667,13663,14506,13224,14508,14510,14501,14504,15131,15124,13658,13655,13617,13615,13616,12561,12549
12568,12563,12557,12582,12558,12598,12578,12590,12547,12585,12544,12587,12601,12570,12588,12584,12553,12595,12566,12591
12572,12565,12575,12555,12551,12866,12861,12860,14648,14654,14675,15374,15378,14813,14811,15064,15063,15060,15058,12669
12663,12661,14310,14318,14316,14320,13452,13451,13118,13119,15419,15440,15429,15399,15407,15450,1098,15450,1098,1187
15425,15448,1030,15433,15405,470,15427,15431,15437,15397,15423,15421,15442,15403,1673,15435,15444,15395,15393,327
15450,1098,15409,1187,15425,15448,1030,15433,15405,470,15427,15431,15437,15397,15423,15421,15442,15403,1673,15435
15444,15395,15393,327,15455,1612,15457,15462,15460,15463,15466,15468,15454,15469,15472,15474,15478,15476,15475,15477
15473,15471,15470,15453,15467,15465,15464,15459,15461,15458,1611,15456,15480,15504,15479,15540,15591,15529,669,15480
15519,15562,669,15508,15529,15519,15516,15572,15561,15533,15525,15557,15516,15575,15495,15576,669,15519,15530,15508
15557,15573,15572,15516,15557,15573,15572,15516,15575,669,15519,15726,15725,15813,15825,15820,15816,15811,15818,16305
16292,16340,15999,15960,16007,16012,15973,15986,15991,16009,15996,15958,15966,15988,15837,15976,15987,16004,16614,16354
16214,16097,16100,15926,15925,15893,15896,15898,15889,15890,15886,16491,15899,15982,15962,16008,15852,16180,16177,16183
16178,15753,15848,15704,15739,15750,15677,15676,16616,15745,16545,15755,15741,16241,16091,16092,15827,15742,15748,15734
16078,16079,16685,16677,15744,15743,15737,15738,15847,15849,16659,15752,15753,15753,15848,15704,15739,15750,15677,15676
16616,15745,16545,15755,16091,16092,15827,15741,15748,15734,16078,16079,16685,16677,15744,15743,15737,15738,15847,15849
16659,15752,15753,15753,15848,15704,15739,15750,15677,15676,16616,15745,16545,15755,16241,16091,16092,15755,15744,15743
16544,15740,15751,15746,15810,16653,15669,15665,15670,15878,15865,15868,15867,15870,15874,15863,15877,15862,15873,15920
15913,15931,15929,15918,15935,15915,15934,15921,15923,16307,16270,16284,16283,16344,16337,16630,16631,16628,16626,16700
16702,16698,16303,16265,16298,16324,16336,16335,16269,16277,16266,16301,16567,16563,16565,16564,16331,16332,16327,16280
16263,16262,16287,16278,16267,16118,16306,16312,16274,16273,16300,16168,16159,16161,16162,16171,16173,16540,16170,16158
15936,15709,656,15755,15744,15743,16544,15740,15751,15867,15870,15874,15863,15877,15862,15873,15920,15913,15931,15929
15918,15935,15915,15934,15921,15923,16307,16270,16284,16283,16344,16337,16630,16631,16628,16626,16700,16702,16698,16168
16159,16161,16162,16171,16173,16540,16170,16158,15936,15709,656,15755,15744,15743,16544,15740,15751,15867,15870,15874
15863,15877,15862,15873,15920,15913,15931,15929,15918,15935,15915,15934,15921,15923,16307,16270,16284,16283,16344,16337
16630,16631,16628,16626,16700,16702,16698,16303,16265,16298,16324,16336,16335,16269,16277,16266,16301,16567,16563,16565
16564,16331,16332,16327,16280,16263,16262,16287,16278,16267,16118,16306,16312,16274,16273,16300,16168,16159,16161,16162
16171,16173,16540,16170,16158,15936,15709,656,15756,16430,16424,16427,16426,16083,15796,15623,15620,16162,16171,16173
16540,16170,16158,15936,15709,656,15767,15760,15758,15757,15773,16276,16339,16346,15786,16319,16343,16345,16290,16316
16320,16321,16322,16295,16294,16314,16365,16357,16369,16358,16368,16362,16370,16361,16673,932,15756,16430,16424,16427
16426,16083,15796,15623,15620,16162,16171,16173,16540,16170,16158,15936,15709,656,16534,16528,16509,16524,16518,16525
16513,16520,16512,16532,16522,16523,16536,16538,16531,16533,16482,16435,15892,16439,16434,15720,16095,16138,16445,16493
15767,15760,15758,15652,15628,15626,15632,15631,15829,15821,15826,15814,15823,15812,16611,16380,16389,16392,16381,16382
16379,16373,16388,16322,16295,16294,16314,16149,16151,16143,16144,16608,16603,16600,16607,16599,16415,16417,16150,16148
16233,16147,15832,15835,932,15756,16430,16424,16427,16426,16083,15796,15623,15620,16162,16171,16173,16540,16170,16158
15936,15709,656,16534,16528,16509,16524,16518,16525,16513,16520,16512,16532,16522,16523,16536,16538,16531,16533,16482
16435,15892,16439,16434,16433,16441,16445,16493,15767,15760,15758,15652,15628,15626,15632,15631,15811,15818,15786,16319
16343,16345,16290,16316,16320,16321,16322,16295,16294,16314,16365,16357,16369,16358,16368,16362,16370,16361,16673,932
15756,16430,16424,16427,16426,16083,15796,15623,15620,16162,16171,16173,16540,16170,16158,15936,15709,656,16656,16195
16157,16197,16203,16201,16193,16198,16185,16018,16055,16045,16023,16642,16048,16061,16029,16042,16052,16049,16064,16067
16035,16020,16087,16034,16032,16062,16073,16043,16046,16059,16038,15695,16030,16070,16026,16074,16665,16666,16668,15830
15901,16479,16477,16069,16017,15616,15843,16399,16705,15828,15701,16609,15756,16638,16641,16173,16540,16170,16158,15936
15709,656,16656,16195,16157,16197,16203,16201,16193,16198,16185,16018,16055,16045,16023,16642,16048,16061,16029,16042
16052,16049,16251,16249,16247,16250,15617,16663,16406,16404,16403,16035,16020,16087,16034,16032,16062,16073,15664,15881
15656,16593,15663,15660,15658,15910,15635,15634,16046,16059,16038,15695,16030,16070,16026,16074,16665,16666,16668,15830
15901,16479,16477,16069,16017,15616,15843,16399,16705,15828,15701,16609,15756,16638,16641,16173,16540,16170,16158,15936
15709,656,16656,16195,16157,16197,16203,16201,16193,16198,16185,16018,16055,16045,16023,16642,16048,16061,16029,16042
16052,16049,16251,16249,16247,16250,15617,16663,16406,16404,16403,16129,16035,16020,16087,16034,16032,16062,16073,15664
15881,15656,16593,15663,15660,15658,15910,15635,15634,16046,16059,16038,15695,16030,16070,16026,16074,16665,16666,16668
15830,15901,16479,16477,16069,16017,15616,15843,16399,16705,15828,15701,16609,15756,16638,16641,16173,16540,16170,16158
15936,15709,656,16682,16054,16039,16214,16097,16100,15756,16638,16641,16173,16540,16170,16158,15936,15709,656,16682
16054,16039,16214,16097,16100,15926,15925,15893,15896,15898,15889,15890,15886,16491,15899,15982,15962,16008,15852,16180
16177,16183,16460,16467,16458,16472,16449,16461,16447,16455,16454,15997,16452,15907,15980,15993,16003,16000,16191,16132
16189,15906,15905,16505,15654,16451,15908,15673,16350,16351,16224,16452,15907,15980,15993,16003,16000,15970,15964,15974
15989,15969,15808,16216,16671,16680,16132,16190,15731,16256,16255,15907,15980,15993,16003,16000,16191,16132,15731,16255
15910,15635,15634,16046,16059,16038,15695,16030,16070,16026,16074,16665,16666,16668,15830,15901,16479,16477,16069,16017
15616,15843,16399,16705,15828,15701,16609,15700,15702,15699,16122,16676,15624,16605,16604,16606,16601,16602,16236,16227
16237,16232,16313,16286,16296,16323,16393,16374,16378,16383,16394,16662,15688,15726,15725,15814,15823,15812,16610,15957
15760,15758,15652,15628,15626,15632,15631,15811,15818,15786,16319,16222,16223,16221,16117,16116,16114,16115,15829,15821
15826,15723,15724,15727,15729,15730,15689,15687,15824,16420,16619,16620,16621,16618,16617,15627,15629,15653,15759,15761
15766,15735,16419,16637,15831,15957,15957,15760,15758,15757,15773,16276,16339,16346,15786,16319,16222,16223,16221,16117
16116,16114,16115,15829,15821,15826,15723,15724,15727,15729,15730,15689,15687,15812,16610,16432,16485,16090,16088,16089
16120,16589,16588,16420,15957,15760,15758,15757,15773,16276,16339,16346,15786,16319,16222,16223,16221,16117,16116,16114
16115,15829,15821,15826,15723,15724,15727,15729,15730,15689,15687,15812,16610,16432,16485,16484,16487,16588,16420,16619
16620,16621,16618,16617,15627,15629,15653,15759,15761,15766,15735,16419,16637,15831,15957,15957,15760,15758,15757,15773
16276,16339,16346,15786,16319,16222,16223,16221,16117,16116,16114,16115,15829,15821,15826,15723,15724,15727,15729,15730
15689,15687,15824,16420,16619,16620,16621,16618,16617,15627,15629,15653,15759,15761,15766,15735,16419,16637,15831,15957
15957,15766,15735,16490,15794,15791,15790,15795,15793,15839,15840,15954,15955,16583,16580,16577,16578,16584,16120,16589
16588,16420,16619,16620,15789,15788,16489,16488,16635,16082,16636,15770,16672,16435,15892,16095,16093,16500,16493,15736
16419,16637,15831,15957,15957,15766,16494,16499,16497,16498,16422,16496,16431,16096,16421,16440,15956,16443,16442,16493
15735,16490,15794,15791,15790,15795,15841,15839,15840,15954,15955,16583,16580,16577,16578,16584,16120,16589,16588,16420
16619,16620,15789,15788,16489,16488,16635,16082,16636,15770,16672,16435,15892,16095,16093,16500,16495,15736,16419,16637
15831,15957,15957,15766,16494,16499,16497,16498,16422,16496,16431,16096,16421,16440,15956,16443,16442,16493,15735,16490
15794,15791,15790,15795,15883,15884,15885,16580,16577,16578,16584,16120,16589,16588,16420,16619,16620,15789,15788,16489
16488,16419,16637,15831,15957,16046,16059,16038,15695,15694,15693,16409,16413,16411,15830,15901,16667,16664,16139,16077
16069,16017,16707,16015,16597,15609,15605,15608,15828,15701,16609,16099,16098,16057,16040,16053,16681,656,15708,16164
16165,16169,15619,16166,16172,16640,16639,15756,16099,16098,16155,16154,15678,15712,15713,15711,15710,15680,15679,16395
16408,16176,16130,15894,15924,15927,16242,16546,16615,15961,15977,15838,15976,15987,16004,16614,16354,16099,16099,16098
16155,16154,15678,16561,16686,15712,15713,15711,15710,15680,15679,16395,16408,16176,16130,15894,15924,15927,16242,16099
16099,16098,16155,16154,15678,16561,16686,15712,15713,15711,15710,15680,15679,16395,16408,16176,16130,15894,15924,15927
16242,16546,16615,15961,15977,15838,15976,15987,16004,16614,16354,16099,16099,16098,16155,16154,16085,15927,16242,15678
16561,16686,15712,15713,15711,15710,15680,15679,16395,16408,16176,16130,15894,15924,15928,16243,16546,16615,15961,15977
15838,15976,15987,16004,16614,16354,16099,16100,16546,16615,15977,15994,16005,15965,15971,15978,16010,15992,15985,15972
16013,15984,16006,15959,15998,16339,16346,15786,15787,15817,15829,15821,15826,15723,15724,15727,15729,15730,15689,15687
15812,16610,16120,16589,16489,16488,16419,16637,15831,15957,16120,16589,16489,16488,16494,16499,16497,16498,16422,16120
16589,16501,16090,16088,16089,1617,1765,1794,1735,1733,1652,1647,1645,1641,1852,1694,1696,1657,1828,1820
1798,1615,1620,1777,1815,1822,1617,1765,1794,1735,1733,1652,1647,1645,1641,1852,1694,1696,1657,1828
1820,1798,1615,1620,1777,1815,1822,1824,1751,1617,1765,1794,1735,1733,1652,1647,1645,1641,1852,1801
1614,1639,1832,1768,1795,1836,1625,1792,1626,1686,1770,1618,1765,1794,1735,1733,1652,1647,1645,1641
1852,1801,1614,1639,1832,1768,1773,1848,1646,1618,1765,1794,1735,1733,1652,1647,1645,1641,1852,1801
1614,1639,1832,1768,1773,1848,1654,1618,1765,1794,1735,1733,1652,1647,1645,1641,1852,1801,1614,1639
1832,1768,1795,1836,1625,1792,1626,1686,1770,16189,16131,15804,16001,16002,15995,15981,15906,16451,16463,16453
16450,16446,16462,16448,16471,16465,16466,16464,16178,16182,16179,16181,15851,15975,15963,15983,15900,16492,15887,15891
15888,15897,15895,15894,15924,15927,16242,16546,16614,16354,16099,16098,16057,16040,16053,16681,656,15708,16164,16165
16169,15619,16166,16172,16640,16639,15756,16189,16131,15804,16001,16002,15995,15981,15906,16451,16463,16453,16450,16446
16462,16448,16471,16465,16466,16464,16178,16468,16474,16456,16473,16135,16312,16274,16273,16300,16168,16159,16161,16162
16171,16173,16540,16170,16158,15936,15709,656,1622,19154,19146,19149,19141,19168,19161,18862,18869,18850,19064,19062
18608,18852,18658,18865,19159,19163,19169,19140,19148,19147,19150,1622,1623,1671,19942,1070,1625,1792,1626,1686
1770,16255,15732,16189,16131,16218,16670,16679,16215,15807,15968,15990,16011,15979,15967,16001,16002,15995,15981,15906
16255,15732,16189,16131,16218,16670,16679,16215,15807,15968,15990,16011,15979,15967,16001,16002,15995,15981,15906,15905
16505,15654,16451,15908,15673,16350,16351,16224,16452,15907,16255,15732,16189,16131,16218,16670,16679,16215,15807,15968
15990,16011,15979,15967,16001,16002,15995,15981,15906,15905,16505,15654,16451,15908,15673,16350,16351,16224,16452,15907
15980,15993,16003,16000,15970,15964,15974,15989,15969,15808,16216,16671,16680,16132,16190,15731,16256,16255,1633,21241
1633,21241,21243,1633,21243,1633,21246,1634,1637,1634,1637,21242,1634,21243,1634,21246,1635,21239,1635,21240
1635,21241,21243,1635,21243,1635,21246,1636,1720,1637,1633,1637,1634,1637,21242,1638,1661,1638,1661,1661
1830,1838,1775,1617,1765,1794,1735,1733,1652,1647,1645,1641,1852,1695,1698,1656,1753,1779,1814,1787
1627,1629,1638,1662,1662,1830,1838,1775,1617,1765,1794,1735,1733,1652,1647,1645,1641,1852,1694,1696
1657,1828,1820,1798,1615,1620,1777,1815,1822,1638,1662,1662,1830,1838,1775,1617,1765,1794,1735,1733
1652,1647,1645,1641,1852,1694,1696,1657,1828,1820,1798,1615,1620,1777,1815,1822,1824,1751,16422,16496
16431,16096,16421,16440,15956,16443,16442,16493,15735,16490,15794,15791,15790,15795,15841,15839,15840,15954,15955,16583
16580,16577,16578,16584,16120,16589,16588,16420,16422,16496,16431,16096,16421,16440,15956,16443,16442,16493,15735,16490
15794,15791,15790,15795,15841,15839,15840,15954,15955,16583,16580,16577,16578,16584,16120,16589,16588,16420,16619,16620
15789,15788,16489,16488,16422,16496,16431,16096,16421,16440,15956,16443,16442,16493,15735,16490,15794,15791,15790,15795
15841,15839,15840,15954,15955,16583,16580,16577,16578,16584,16120,16589,16588,16420,16619,16620,15789,15788,16489,16488
16419,16637,15831,15957,1649,1628,1788,1813,1778,1752,1659,1697,1693,1801,1614,1639,1832,1768,1795,1836
1625,1792,1626,1686,1771,1649,1628,1788,1813,1778,1752,1659,1697,1693,1853,1651,1653,1655,1642,1734
1736,1793,1766,1619,1774,1839,1829,1661,1661,1638,16504,16506,15916,15922,16507,16507,15733,15845,15953,16481
16476,16475,15844,16504,16506,15916,15922,16507,16507,15733,15845,15953,16481,16476,16475,15844,16504,16506,15916,15922
16562,16507,16507,15938,15798,15618,15904,15903,15902,16352,16507,15938,15798,15618,15904,15903,15902,16352,16353,15697
15918,15935,16134,16398,15646,16245,16397,15846,15799,16562,16507,1654,1847,1772,1767,1654,1847,1772,1767,1831
1650,1613,1800,1853,1651,1653,1655,1642,1734,1736,1793,1766,1618,1654,1847,1772,1767,1831,1650,1613
1800,1853,1651,1653,1655,1642,1734,1736,1793,1766,1619,16563,15949,15951,15942,15941,15947,15944,15946,15939
15948,15950,15945,15850,15650,15648,15707,15705,15706,16418,16125,15853,16128,16127,16124,16126,15649,16315,16328,16293
16347,16310,16349,16081,16142,16141,16687,16590,16501,16090,16088,16089,16609,15700,15702,15699,16122,15801,16400,15614
15615,16016,16076,16068,16140,16665,16666,16668,15672,16410,16412,15691,15692,15690,15696,16021,16058,16660,15635,16044
16071,16063,16037,16033,16086,16019,16036,16066,16065,16050,16051,16041,16028,16060,16024,16022,16031,16056,16025,16184
16199,16192,16200,16202,16196,16156,16194,16655,15611,656,16609,15700,15702,15699,16122,16649,16651,16676,15624,15855
16105,16108,16104,16107,16102,16113,16111,16112,932,16609,15700,16704,15607,15606,15610,15613,16613,16399,15800,16650
16648,16669,15952,15801,16400,16612,15612,15609,15605,15608,15828,15701,16609,16609,15700,16704,15607,15606,15610,15613
16613,16399,16612,15612,15609,15605,15608,15828,15701,16609,16609,15700,16704,16678,16400,15614,15615,16016,16076,16068
16075,16027,15842,16072,15696,16021,16058,16047,16044,16071,16063,16037,16033,16086,16019,16036,16066,16065,16050,16051
16041,16028,16060,16024,16022,16031,16056,16025,16184,16199,16192,16200,16202,16196,16156,16194,16655,15611,656,16609
15700,16704,16678,16400,15614,15615,16016,16478,16480,15672,16667,16664,16075,16027,15842,16072,15696,16021,16058,16047
15637,15636,15909,15659,15661,15662,16594,15655,15882,15657,16071,16063,16037,16033,16086,16019,16036,16129,16402,16405
16401,16407,16253,16246,16248,16252,16065,16050,16051,16041,16028,16060,16024,16022,16031,16056,16025,16184,16199,16192
16200,16202,16196,16156,16194,16655,15611,656,15708,16164,16165,16169,15619,16166,16172,16640,16639,15756,16609,16014
16706,16016,16076,16068,16140,16075,16027,15842,16072,15696,16021,16058,16047,15637,15636,16661,16059,16038,15695,15694
15693,16409,16413,16411,15830,15901,16667,16664,16139,16077,16069,16017,16707,16015,16597,16609,1661,1638,16610,15822
15728,15726,15725,15813,15825,15820,15816,15811,15818,16305,16292,16340,15999,15960,16007,16012,15973,15986,15991,16009
15996,15958,15966,15988,15837,15976,15987,16004,16614,16354,16214,16097,16100,15926,15925,15893,15896,15898,15889,15890
15886,16491,15899,15982,15962,16008,15852,16180,16177,16183,16178,16610,15822,15824,15815,15723,15724,15727,15729,15730
16381,16382,16379,16373,16388,16322,16295,16294,16314,16149,16151,16143,16144,16608,16603,16600,16599,15625,16675,16123
15698,15828,15701,16609,15700,16704,16678,16400,15614,15615,16016,16478,16480,15672,16667,16664,16075,16027,15842,16072
15696,16021,16058,16047,15637,15636,15909,15659,15661,15662,16594,15655,15882,15657,16071,16063,16037,16033,16086,16019
16036,16129,16402,16405,16401,16407,16253,16246,16248,16252,16065,16050,16051,16041,16028,16060,16024,16022,16031,16056
16025,16184,16199,16192,16200,16202,16196,16156,16194,16655,15611,656,15708,16164,16165,16169,15619,16166,16172,16640
16639,15756,1662,1830,1838,1775,1617,1765,1794,1735,1733,1652,1647,1645,1641,1852,1694,1696,1657,1828
1820,1798,1615,1620,1777,1815,1822,1662,1830,1838,1775,1617,1765,1794,1735,1733,1652,1647,1645,1641
1852,1694,1696,1657,1828,1820,1798,1615,1620,1777,1815,1822,1824,1751,1665,11546,11549,11544,10579,10602
10629,10656,10869,10867,10581,10675,10645,10631,10674,10651,10594,10596,10609,10642,10640,10661,10591,11943,11937,11946
11936,11939,9502,11945,11941,11933,9509,9547,7773,9522,9533,9563,9518,9520,9554,9561,9507,9548,9559,9009
9014,9003,9015,8999,9020,1684,1668,5151,5287,16687,16696,16254,16700,16689,16692,16693,16694,16188,16187,16186
15722,15675,15777,15774,15776,15775,16566,16334,16175,16301,16567,16563,15949,15951,15942,15941,15947,15944,15946,15939
15948,15950,15945,15850,15650,15648,15707,15705,15706,16418,16125,15853,16128,16127,16124,16126,15649,16315,16328,16293
16347,16310,16349,16081,16142,16141,16687,16687,16696,16689,16692,16693,16694,16188,16187,16186,15722,15675,15777,15774
15776,15775,16566,16334,16175,16301,16567,16563,15949,15951,15942,15941,15947,15944,15946,15939,15948,15950,15945,15850
15650,15648,15707,15705,15706,16418,16125,15853,16128,16127,16124,16126,15649,16315,16328,16293,16347,16310,16349,16081
16142,16141,16687,1669,5185,5151,1669,5206,5146,5185,5151,16696,16689,16692,16693,16694,16568,16574,16572,16570
15643,16591,15642,16225,15779,16683,15641,15645,15638,15859,15860,16456,16473,16135,16312,16274,16273,16300,16168,16159
16161,16162,16171,16173,16540,16170,16158,15936,15709,656,1670,17994,671,1670,671,16709,16624,16658,16211,16206
16212,16208,16205,15780,15782,15785,16517,16516,16510,16527,16529,656,1675,7876,7874,9828,7889,9228,9230,7948
9229,9856,8628,9269,9271,9267,8039,8053,8040,8059,8056,8045,8034,8047,8061,8037,8054,8032,10230,10227
10226,7989,10248,10253,10222,10284,10277,10219,9199,1678,16877,17095,17077,16893,16931,16920,16922,16919,16921,16979
16981,16980,16982,16978,17211,17207,17208,17209,17210,17148,17136,17129,17076,17242,1678,1678,16877,17095,17077,16893
16931,16920,16922,16919,16921,16979,16981,16980,16982,16978,17211,17207,17208,17209,17210,17148,17136,17129,17076,17242
657,1678,16877,17095,17077,17131,17135,17149,17145,17137,17146,17140,17141,17132,16955,16954,16940,16882,17134,17143
17133,17142,17139,17147,17138,17130,17144,17148,17136,17129,17076,17242,1678,1678,16877,17095,17077,17131,17135,17149
17145,17137,17187,17183,17180,17072,17070,17071,16925,16924,16923,17133,17142,17139,17147,17138,17130,17144,17148,17136
17129,17076,17242,1678,1678,16877,17095,17077,17131,17135,17149,17145,17137,17187,17183,17180,17072,17070,17071,16925
16924,16923,17133,17142,17139,17147,17138,17130,17144,17148,17136,17129,17076,17242,657,1678,16877,17252,17206,17069
17065,17063,17218,17219,17220,17217,17194,16941,17193,17216,17215,17212,17213,17214,17066,17068,17067,17064,17237,16876
17242,1678,1678,16877,17252,17206,17069,17065,17063,17218,17219,17220,17217,17194,16941,17193,17216,17215,17212,17213
17214,17066,17068,17067,17064,17237,16876,17242,657,1678,16894,17017,17019,17025,17127,17024,17020,17030,17023,17014
17028,17000,17101,17103,17099,17106,16909,16908,1679,13991,13987,21546,21547,21545,21558,21552,1679,1679,14826,14829
14822,21548,12807,13208,13205,13757,1679,14826,14829,14822,21548,12807,13208,13205,13757,21556,21550,1679,1679,14826
14829,14822,21557,21549,14819,21554,21543,14823,14828,14827,1679,1679,14826,14829,21554,21543,14822,21557,21549,1679
14826,14829,21554,21543,14822,21557,21549,14819,14823,14828,14827,1679,1679,21544,13991,13987,21546,21547,21545,21558
21552,1679,1679,21551,21555,14522,13757,21553,13207,12806,12805,14819,14823,14828,14827,1679,16792,16784,16783,16788
16785,16786,16779,16790,16780,16837,16761,16741,16748,16747,16744,16742,16759,16745,16760,16749,16769,16771,1043,16792
16784,16783,16788,16813,16814,16832,16827,16737,16740,16736,16779,16790,16780,16837,16761,16741,16748,16747,16744,16742
16759,16745,16760,16749,16769,16771,1039,1681,5823,5819,6434,6432,5843,5846,5596,5599,5604,5595,6067,6069
5860,1682,6900,7084,7140,5645,5562,5533,6060,5726,6553,5561,5749,5835,16836,16801,16802,16858,16862,16850
16798,16765,16797,16856,16845,16855,16861,16853,16849,16863,16847,16715,16795,16722,16725,16770,16766,1042,16837,16753
16787,16793,16798,16765,16797,16856,16845,16855,16861,16853,16849,16863,16821,16825,16822,16811,16810,16809,16808,16842
16764,16718,16719,16773,16770,16766,1040,16837,16761,16733,16730,16731,16729,16727,16826,16726,16805,16748,16747,16744
16742,16759,16745,16760,16749,16769,16771,1041,1684,9006,9004,9018,8997,10677,10665,10638,10586,10601,10611,10583
10613,10578,10672,11684,10667,10622,10590,10657,10627,10624,10669,10598,10595,10626,9398,12004,12003,9844,10338,10614
10662,10619,10588,10599,10643,10641,9137,9136,9135,9132,9140,7595,8861,8448,8860,9130,9141,9129,9128,9126
9124,9122,9121,9153,9143,9149,9156,9146,9151,8988,11251,1684,9010,8998,9016,9017,9013,9526,9560,9549
9538,9506,9562,9515,9553,9519,9550,9532,9541,9546,9510,11934,11947,11944,9497,1684,9010,8998,9016,9017
9013,9526,9560,9549,9538,9506,9562,9515,9553,9519,9550,9532,9541,9546,9510,11934,11947,11944,9497,11940
11935,11946,11938,11942,10592,10660,10639,10605,10649,10606,10593,10652,10673,10630,10659,10676,10580,10597,10869,10867
10655,10628,10607,11543,11548,11547,1665,1685,8441,321,1680,1688,14078,14081,14080,14082,14089,14370,14371,12235
14296,14075,12318,12319,12314,12310,12311,12316,14024,14027,14023,13245,14751,14764,14755,12417,12413,12415,12419,12411
12421,13138,13142,13122,13129,14995,16908,16865,16970,16972,16973,17012,17192,16879,17190,17181,17195,17189,17187,17183
17180,17186,16977,16978,16928,16930,16927,16929,16883,16884,17178,17177,17185,17179,17191,17184,17188,17196,17182,17194
16941,17193,17010,17006,16975,16974,16971,16909,16908,16908,17105,17100,17104,17102,16999,17027,17015,17029,17018,17021
17128,17026,17016,16976,16895,1678,16908,17105,17100,17104,17102,16999,17027,17015,17029,17018,17021,17128,17026,17016
16976,16895,657,16908,17231,17226,17225,17222,17229,17011,17009,17087,17090,16963,16966,16871,16962,16957,16960,16969
17240,17245,17250,17233,17241,17234,17246,17243,17237,16876,17242,1678,16908,17231,17226,17225,17222,17229,17011,17009
17087,17090,16963,16966,16871,16962,16957,16960,16969,17240,17245,17250,17233,17241,17234,17246,17243,17237,16876,17242
657,1691,1632,1643,20875,20876,1640,20878,20873,20870,1630,20877,20886,20874,20872,20881,1691,1632,1643,20875
20876,1640,20878,20873,20870,1630,20877,20886,20874,20872,20881,20880,20879,20869,17073,16932,17075,17074,17221,17013
17073,1709,17775,17777,18046,1709,17775,17777,18046,17957,1709,17775,17777,18046,17974,17995,671,17994,1711,5155
5244,5215,5151,1711,5155,5244,5215,5290,5151,1711,5206,5244,5215,5151,1719,11265,11266,7986,7983,7981
7980,7978,10055,8017,8024,8012,8022,8010,8014,8020,10228,10229,10231,10291,10234,10246,7493,10210,1719,7955
7953,7959,7958,7969,9648,9417,9420,10728,10719,9643,9646,9652,9650,1720,1636,17270,17571,17570,17499,17568
17559,17631,17630,17547,17553,17439,17438,17652,17651,17569,17452,17270,17275,17302,17311,17305,17309,17303,17306,17633
17325,17269,17323,17321,17315,17322,17318,17550,17548,17554,17568,17559,17560,17549,17546,17551,17410,17420,17417,17414
17411,17486,17480,17279,17277,17312,17274,17272,17567,17565,17281,17672,17653,17579,17279,17468,17487,17413,17416,17418
17419,17406,17556,17547,17553,17552,17561,17558,17568,17555,17562,17557,17319,17317,17316,17320,17324,17267,17268,17325
17279,17468,17487,17413,17416,17418,17419,17406,17556,17547,17553,17552,17561,17558,17568,17555,17562,17557,17319,17317
17316,17320,17324,17267,17268,17325,17632,17307,17310,17304,17308,17276,17275,17279,17468,17487,17415,17342,17344,17345
17681,17680,17637,17453,17455,17645,17648,17649,17290,17289,17349,17352,17428,17424,17431,17432,17423,17464,17465,17287
17600,17603,17601,17606,17356,17355,17265,17588,17590,17582,17584,17585,17299,17300,17702,17690,17697,17700,17295,17294
17296,17670,17579,17279,17468,17487,17415,17408,17412,17285,17283,17533,17525,17529,17505,17509,17504,17518,17508,17500
17512,17513,17511,17526,17522,17520,17531,17503,17621,17279,17468,17487,17415,17408,17412,17642,17644,17544,17627,17622
17629,17624,17289,17391,17392,17394,17388,17428,17424,17431,17432,17423,17426,17434,17660,17656,17664,17671,17668,17676
17666,17675,17659,17673,17670,17579,17279,17474,17379,17378,17373,17375,17381,17509,17504,17518,17368,17369,17372,17598
17597,17595,17593,17615,17279,17474,17483,17481,17469,17484,17475,17472,17496,17493,17498,17332,17338,17341,17337,17334
17502,17530,17479,17279,17474,17483,17481,17469,17484,17475,17472,17496,17493,17498,17332,17338,17341,17337,17334,17502
17530,17519,17524,17385,17386,17615,17325,17269,17323,17321,17315,17322,17318,17550,17548,17554,17568,17559,17560,17549
17546,17551,17410,17420,17417,17414,17411,17486,17480,17279,17357,17436,17692,17398,17401,17400,17577,17574,17572,17587
17694,17684,17688,17295,17294,17296,17670,17579,17428,17424,17537,17535,17539,17541,17331,17330,17327,17609,17604,17605
17286,17288,17461,17457,17467,17617,17353,17618,17459,17460,17403,17366,17607,17564,17313,17640,17635,17638,17698,17685
17702,17690,17697,17700,17295,17294,17296,17670,17579,17429,17387,17395,17393,17396,17390,17446,17450,17444,17449,17443
17491,17492,17360,17359,17362,17364,17542,17545,17643,17641,17479,17471,17478,17473,17476,17485,17470,17482,17477,17279
1751,1825,1823,1816,1776,1621,1616,1799,1821,1827,1658,1697,1693,1853,1651,1653,1655,1642,1734,1736
1793,1766,1619,1774,1839,1829,1638,1751,1825,1823,1816,1776,1621,1616,1799,1821,1827,1658,1697,1693
1853,1651,1653,1655,1642,1734,1736,1793,1766,1619,1774,1839,1829,1662,1751,1825,1823,1816,1776,1621
1616,1799,1821,1827,1658,1697,1693,1853,1651,1653,1655,1642,1734,1736,1793,1766,1619,1774,1839,1829
1662,1662,1638,17579,17297,17293,17298,17689,17683,17695,17703,17576,17573,17575,17578,17399,17402,17397,17693,17437
17357,17579,17297,17293,17298,17689,17683,17695,17703,17576,17573,17575,17578,17677,17678,17620,17619,17488,17574,17572
17587,17694,17684,17688,17295,17294,17296,17670,17579,17579,17297,17293,17298,17701,17687,17704,17696,17301,17580,17586
17583,17581,17589,17591,17278,17266,17354,17347,17602,17613,17286,17288,17425,17427,17435,17422,17430,17421,17429,17350
17351,17348,17291,17292,17650,17647,17646,17454,17639,17636,17679,17682,17346,17343,17409,17407,17486,17480,17279,17579
17297,17293,17298,17701,17687,17704,17696,17686,17699,17691,17634,17314,17563,17610,17611,17404,17456,17462,17458,17617
17353,17618,17466,17463,17464,17465,17287,17614,17612,17608,17326,17328,17329,17540,17538,17536,17430,17421,17429,17579
17654,17616,17280,17566,17567,17273,17271,17441,17277,17579,17662,17658,17674,17667,17661,17669,17665,17663,17657,17655
17433,17425,17427,17435,17422,17430,17421,17429,17387,17395,17393,17396,17291,17625,17628,17623,17626,17545,17643,17641
17405,17409,17407,17486,17480,17279,17615,17383,17384,17513,17511,17526,17522,17520,17531,17335,17336,17340,17339,17333
17497,17494,17495,17473,17476,17485,17470,17482,17477,17279,17615,17383,17592,17594,17596,17599,17371,17370,17367,17501
17528,17382,17376,17374,17377,17380,17477,17279,17621,17440,17517,17527,17521,17502,17530,17519,17524,17514,17507,17523
17515,17501,17528,17510,17506,17532,17534,17516,17282,17284,17405,17409,17407,17486,17480,17279,17642,17644,17544,17543
17365,17363,17358,17361,17489,17490,17448,17442,17445,17451,17447,17389,17391,17392,17394,17388,17428,1767,1773,1848
1646,1770,1687,1648,1791,1624,1837,1796,1767,1831,1650,1613,1800,1853,1651,1653,1655,1642,1734,1736
1793,1766,1618,1770,1687,1648,1791,1624,1837,1796,1767,1831,1650,1613,1800,1853,1651,1653,1655,1642
1734,1736,1793,1766,1619,1771,1687,1648,1791,1624,1837,1796,1767,1831,1650,1613,1800,1695,1698,1656
1753,1779,1814,1787,1627,1629,1776,1621,1616,1799,1821,1827,1658,1697,1693,1853,1651,1653,1655,1642
1734,1736,1793,1766,1619,1774,1839,1829,1662,17782,18045,671,17996,17727,385,17814,17812,17813,17786,17787
17788,17949,17902,17903,17977,17969,17976,18046,17815,17960,17795,17916,18034,18020,18035,17955,17952,17957,17815,17960
17795,17916,18034,18020,18035,17955,17952,17958,17971,17914,17943,17780,17778,18058,18060,17873,17871,17868,17870,18046
17815,18056,18057,17894,17887,17885,17967,17978,17957,17815,18056,18057,17894,17887,17885,17967,17978,17957,17971,17972
18049,17944,17939,17940,17934,17938,17947,18046,17831,17896,17989,17983,17924,17921,17918,17922,17926,17846,17851,17847
17835,17836,17841,17844,17843,17848,17837,17849,17842,17840,17839,17850,17834,17838,17852,17845,17728,17735,17737,17733
17731,17730,17741,17861,17865,18046,17831,17896,18007,18002,18053,17799,17798,17708,18005,18010,18013,17998,17999,18011
17934,17938,17947,18046,17837,17849,17842,17840,17839,17850,17834,17838,17852,17814,17812,17813,17786,17787,17788,17977
17734,17738,17736,17743,17739,17919,17923,17927,17920,17925,17990,17725,17766,17760,17721,17723,17910,17854,17855,17856
17930,17931,17785,17789,17791,17876,17790,17705,17877,17880,17881,17879,17980,17877,17880,17881,17879,17854,17855,17856
17930,17931,17785,17789,17791,17876,17790,17705,17877,17883,17880,17881,17879,17980,17877,17880,17881,17879,17882,17762
17928,17929,17932,17962,17963,17897,17757,18054,18055,18061,17784,17790,17705,17877,17883,17880,17881,17879,17980,17981
17783,17879,17854,17855,17856,17930,17931,17785,17789,17791,17790,17705,17879,17882,17762,17928,17929,17932,17962,17963
17897,17757,18054,18055,18061,17784,17790,17705,17879,17980,17981,17783,17881,17879,17882,17762,17928,17929,17932,17962
17963,17897,17757,18054,18055,18061,17784,17790,17705,17893,17889,17890,17886,17891,17959,17875,17874,17858,17857,18015
17794,17793,17888,17967,17978,17957,17893,17889,17890,17886,17891,17959,17875,17874,17858,17857,18015,17794,17793,17888
17967,17978,17957,17971,17972,18051,18048,17750,17749,17753,17711,17713,17824,18046,17895,17782,17895,17782,18045,671
17996,17727,385,17901,17761,17763,17905,17909,17912,17717,17722,17720,17718,17759,17767,17764,17823,17822,17826,17827
17831,17896,17989,17983,17924,17921,17918,17922,17926,17846,17851,17847,17835,17836,17841,17844,17843,17848,17837,17901
18044,18042,17933,17904,18034,18020,18035,17955,17952,17958,17971,17972,18051,18048,17750,17749,17753,17711,17802,17806
17769,17965,18046,1791,1624,1837,1796,1767,1831,1650,1613,1800,1695,1698,1656,1753,1779,1814,1787,1627
1629,17950,17775,17777,18046,17950,17775,17777,18046,671,17956,17974,17979,17968,17970,17893,17957,17752,17747,17744
18016,18032,18026,18031,18022,18036,18019,18025,18040,18028,18038,18037,18017,17820,17818,17828,17817,17824,17966,17768
17756,17951,18046,17957,17953,17954,18036,18019,17917,17796,17961,17948,17816,17815,17958,18046,17776,17775,1709,17980
17981,17884,17878,17705,17790,17705,17877,17880,17881,17879,17854,17855,17856,17930,17931,17785,17789,17791,17876,17790
17705,17877,17994,671,1670,17994,671,17996,17975,18046,17776,17775,1709,18045,671,18045,671,17727,385,18045
671,17996,17727,385,18046,17776,17775,1709,18046,17776,17775,17846,17814,18046,17776,17775,17878,17770,385,18046
17776,17775,17878,385,18046,17776,17775,17950,18046,17832,17825,17817,17712,17710,17748,17754,17755,17751,18047,17964
17973,17956,17974,17979,17968,17970,17893,18046,17832,17825,17829,17819,17821,18018,18029,18039,18027,18021,18041,18034
18020,18035,18023,18030,18033,18024,17745,17746,17957,18046,17866,17863,17862,17860,17864,17740,17729,17742,17732,17734
17738,17736,17743,17739,17919,17923,17927,17826,17827,17831,18046,17869,17867,17872,18059,17779,17781,17936,17913,17915
17973,17957,17953,17954,18036,18019,17917,17796,17961,17948,17816,17815,18046,17870,17776,17775,17878,17770,385,18046
17946,17937,17935,17941,17942,17945,18050,17964,17973,17956,17974,17979,17968,17970,17892,17773,17774,17772,17758,17859
17853,17815,18046,17946,17937,17935,18003,18012,18000,18006,17997,18014,18009,18004,17707,17797,17800,18052,18001,18008
17989,17983,17990,17725,17766,17760,17716,17719,17715,17714,17833,17830,17823,17822,17826,17827,17831,18046,17966,17807
17710,17748,17754,17755,17751,18047,17964,17973,17956,18046,17966,17807,17710,17748,17754,17755,17751,18047,17964,17973
17956,17953,17954,18036,18019,17917,17908,17709,18043,17900,17899,17706,17761,17763,17905,17909,17912,17717,17722,17720
17718,17759,17724,17982,17984,17987,17988,17993,17986,17808,17810,17804,17802,17806,17769,17965,18046,18046,17966,17807
17801,17803,17811,17805,17809,17985,17992,17991,17989,17983,17990,17725,17766,17760,17721,17723,17910,17907,17911,17906
17765,17898,17901,18044,18042,17933,17904,18034,18020,18035,17955,17952,17957,18046,17966,17807,17801,17803,17811,17805
17809,17985,17992,17991,17989,17983,17990,17725,17766,17760,17721,17723,17910,17907,17911,17906,17765,17898,17901,18044
18042,17933,17904,18034,18020,18035,17955,17952,17958,17971,17972,18051,18048,17750,17749,17753,17711,17802,17806,17769
17965,18046,18046,17974,17995,671,17994,18106,18472,18531,19084,18215,18218,18213,18217,18210,18590,18592,18591,19255
19252,18870,18656,18657,18654,18853,18855,18857,19249,19244,19248,19250,19247,19256,19254,381,18156,18160,18184,18138
18147,18167,18148,18171,18502,18507,18427,19121,19125,19126,18263,1823,1816,1776,1621,1616,1799,1821,1827,1658
1697,1693,1853,1651,1653,1655,1642,1734,1736,1793,1766,1619,1774,1839,1829,1662,18307,18333,18315,18348
18328,18340,18344,18298,18341,18306,18326,18301,18346,18323,18311,18332,18349,18318,18331,18302,18309,18342,18320,18345
18369,18365,18691,18696,18682,18686,18695,18685,18694,18687,18413,18411,18558,18566,18564,18562,18556,18981,18976,18975
18979,18972,18977,18097,18098,18087,18080,18103,18093,18088,18095,18073,18100,18091,18086,18078,18076,18074,18089,18094
18526,18402,18622,18365,18891,18596,18595,18477,18478,18682,18686,18695,18685,18694,18667,18661,18663,18664,18670,18659
18471,18470,18125,18121,19147,19150,583,18887,18819,18814,18815,18817,18811,18822,376,18366,18376,18378,18343,18321
18542,19236,19114,18396,18398,18544,18488,18367,18546,18553,18545,18513,18550,18516,18515,18369,18367,18986,18953,19227
19235,19229,19231,19233,19223,18607,18606,18603,18604,18599,19217,19218,19214,19213,19220,18329,18304,18312,19143,19156
19153,19167,19157,19164,19166,19145,19160,19159,19163,19169,19140,19148,19147,19150,575,18368,18339,18319,18308,18310
18324,18299,18317,18329,18304,18312,18303,18350,18300,18327,18305,18335,18297,18295,18325,18351,18347,18314,18330,18296
18334,18291,18620,18619,18618,18617,18336,18307,18368,18339,18319,18308,18310,18324,18299,18317,18329,18304,18312,18303
18350,18300,18327,18305,18335,18297,18295,18325,18351,19209,18368,18339,18319,18308,18310,18324,18299,18317,18329,18304
18312,18303,18350,18300,18327,18305,18335,18297,18295,18325,18351,19209,19210,18963,18961,18965,1837,1796,1767,1831
1650,1613,1800,1695,1698,1656,1753,1779,1814,1787,1627,1629,1837,1796,1767,1831,1650,1613,1800,1853
1651,1653,1655,1642,1734,1736,1793,1766,1618,18370,18363,18584,18583,18539,18493,18395,18931,18944,18939,18924
18932,18923,18927,18937,18942,18933,18945,18925,18920,18970,18401,18402,18622,18371,18691,19119,19020,19022,19018,19019
19023,19021,19118,18696,18682,18864,18860,18861,18859,18871,18874,19159,19163,19169,19140,19148,18123,18122,18124,18647
18649,18650,18371,18986,19006,19009,18653,18537,18337,18616,18631,18626,18624,18629,18627,18864,18860,18861,18859,18871
18874,19159,19163,19169,19140,19148,18123,18122,18124,18647,18649,18650,18371,18986,19006,19009,18653,18537,18337,18616
18631,18626,18624,18629,18627,18864,18860,18861,18859,18871,18874,19159,19163,19169,19140,19148,19147,19150,580,18372
18363,18364,18292,18894,18487,18893,18395,18280,18269,18282,18277,18271,18283,18278,18285,18274,18289,18287,18281,18790
19181,18789,18892,18581,18580,18579,18969,19197,18527,18078,18076,18074,18089,18094,18526,18402,18622,18373,18546,18553
18545,18513,18550,18551,18547,19074,19076,19073,19077,19081,18905,18899,18901,18895,18896,18904,18907,18987,18847,18374
18363,18584,18583,18539,19176,18494,18497,18498,19225,19230,18541,18294,18316,18322,18890,18374,18375,18377,18379,18602
18600,18598,18605,18601,19224,19234,19226,19232,19228,18950,19007,18516,18515,18369,18405,18407,18404,18408,19066,19069
19060,19058,19061,18808,18802,18806,377,18436,19109,19110,19112,19111,18554,18555,18483,18481,18480,18484,18482,19050
19037,19042,19116,19117,18262,18256,18260,18261,18251,18265,18264,18253,18255,18257,18252,18250,18614,18249,18254,18259
18258,19124,19122,19123,18428,18433,18420,18421,18417,18419,18425,19036,19046,18105,18466,18424,18234,18241,19026,18136
18134,18982,18485,18391,18397,18392,18522,18523,18388,18385,18386,18399,18400,18561,18355,18412,18414,18681,18224,18225
18222,18358,579,18834,18836,18842,18844,18845,18839,18804,384,18488,18490,18391,18397,19115,19225,19230,18541,18294
18316,18322,18890,18369,18582,18729,18728,18752,18747,18738,18734,18724,18745,18736,18733,18725,18744,18229,18908,18912
18911,18910,18909,18228,18640,18639,18641,18643,18646,18645,18644,18642,18578,19182,19183,19003,19005,19004,18913,18914
18916,18915,18104,19052,18908,18594,18573,18570,18572,18574,19179,19178,19180,19177,18525,18524,18575,18576,18063,18064
18765,18783,18777,18787,18771,18780,18571,18594,18778,18773,18770,18785,18772,18788,18774,18767,18776,18781,18062,18226
19085,18594,18778,18716,18701,18717,18710,18721,18722,18704,18703,18719,18712,18699,18709,18707,19104,19090,19087,19091
19103,18697,18714,18746,18726,18735,18729,18728,18752,18747,18738,18734,18724,18745,18736,18733,18725,18744,18229,18594
18778,18716,18701,18717,18710,18721,18722,18704,18703,18719,18712,18699,18709,18707,19104,19090,19087,19091,19103,18697
18714,18746,18726,18735,18729,18728,18752,18747,18738,18734,18724,18745,18736,18733,18725,18744,18229,18908,18594,18778
18716,18701,19088,19100,19096,19107,19108,19101,19105,18999,19095,19093,19087,18610,18609,18409,18410,18406,18405,18407
18404,18408,19066,19069,19070,19056,19054,18799,18800,18796,18821,18812,18610,18609,19069,19070,19056,19054,18799,18800
18796,18821,18812,18621,18129,18131,18130,18132,18133,18077,18084,18090,18083,18101,18082,18072,18081,18092,18102,18085
18075,18096,18099,18079,18980,18974,18978,18567,18557,18569,18563,18568,18565,18355,18412,18414,18681,18688,18693,18692
18684,18690,18683,18689,18540,18890,18369,18621,18129,18131,18130,18132,18133,18077,18084,18090,18083,18101,18929,18940
18930,18382,18383,18391,18397,19115,18839,18804,382,18621,18129,18131,18130,18132,18133,18077,18527,19198,18968,18892
18581,18580,18579,18967,18790,19181,18789,18279,18288,18275,18272,18286,18290,18284,18276,18273,18270,18268,18930,18382
18292,18894,18489,18893,18293,18362,18361,18890,18369,18621,18526,18403,18921,18926,18936,18755,18120,18115,18118,18127
18985,18984,18847,18621,18526,18403,18921,18926,18936,18755,18120,18115,18118,18984,18847,18621,18526,18403,18921,18926
18941,18943,18919,18936,18757,18763,18755,18113,18107,18110,18109,18793,18791,18794,18929,18940,18930,18382,18292,18894
18491,18391,18397,19185,19186,19188,18762,19127,18980,18974,18978,18567,18557,18569,18563,18568,18565,18355,18354,18197
18381,19222,18356,18199,18959,18954,18956,18884,18880,18886,18885,576,18621,18526,18403,18921,18926,18941,18943,18919
18938,18928,18922,18935,18934,18929,18940,18930,18382,18492,18538,18585,18362,18361,18890,18369,18650,18648,18867,18868
18858,18875,18866,18695,18685,18694,18667,18661,18663,18664,18670,18659,18471,18470,18125,18121,19147,19150,575,18650
18648,18867,18868,18858,18875,18866,18863,18625,18628,18630,18623,18615,18338,18313,18536,18652,19008,19010,18516,18515
18369,18650,18648,18867,18868,18858,18875,18866,18863,18690,18476,18479,18475,18474,18597,18890,18369,18650,18648,18867
18868,18858,18875,18866,18863,18690,18683,18689,19119,19020,19022,19018,19019,19023,19021,19118,18540,18890,18369,18651
18729,18728,18752,18747,18738,18734,18724,18745,18736,18733,18725,18744,18229,18908,18912,18911,18910,18909,18228,18640
18639,18641,18643,18646,18645,18644,18642,18578,19182,19183,19003,19005,19004,18913,18914,18916,18915,18104,19052,18908
18657,18654,18853,18855,18857,19249,19244,19248,19250,19247,19256,19254,18466,18424,18234,18241,19026,18136,18134,18982
18658,18655,18869,19063,19064,18857,19249,19244,18587,18586,18674,19250,19247,19256,19254,379,18807,18805,19170,18876
18878,18188,18193,18194,18187,18190,19136,19133,19000,19001,1870,1873,1869,1866,2970,4332,4323,4335,4325,4326
4328,4329,2052,2424,2419,2411,2414,2425,4543,4536,4533,4550,4535,4538,4547,4549,2154,4545,2413,2422
2430,1870,1873,1869,1866,2970,4332,4323,4335,4325,4326,4328,4329,2052,2424,2419,2411,2414,2425,4543
4536,4533,4550,4535,4538,4547,4549,2154,4545,2413,2422,4709,4719,4716,4712,4587,4583,4589,4584,3317
3302,3320,2497,5029,4715,1876,4422,4388,4419,1859,1858,1856,4133,2318,2315,2312,2310,2308,3557,3554
4202,2251,4212,4209,4208,4204,2769,2762,2766,3171,3174,3806,3811,3397,1876,4422,4388,4419,1859,1858
1856,4133,2318,2315,2312,2310,2308,3557,3554,4202,2251,4212,4209,4208,4204,2769,2762,2766,3171,3174
3806,3811,3397,3395,3384,3388,3398,3400,3391,3404,3385,3612,3347,3346,3348,3846,3449,1877,4389,1911
1910,1908,1906,1903,3641,3639,3633,3637,2287,2307,18810,18952,18951,18996,379,18807,18805,19170,18876,18878
18188,18193,18194,18187,18190,19136,19133,19131,19135,19130,18632,18267,18266,19067,19072,18450,18464,18449,18577,18416
18415,19132,19138,19134,19000,19001,18812,18801,18797,18798,19053,19055,18826,18610,18609,18409,18410,18406,18405,18848
18989,18988,18906,18903,18897,18898,18902,18900,18964,19080,19078,19082,19083,19075,18552,18548,18549,18514,18360,18516
18515,18369,18849,18117,18116,18119,18754,18937,18925,18920,18401,18402,18622,18849,18117,18116,18119,18754,18937,18925
18920,18401,18622,18849,18983,18128,18126,18117,18116,18119,18754,18937,18925,18920,18401,18402,18622,18849,18983,18128
18126,18117,18116,18119,19079,18908,18227,18743,18740,18727,18739,18742,18750,18753,18737,18748,18730,18731,18732,18741
18749,18751,18715,18698,19104,19090,19087,19091,19103,18706,18708,18700,18711,18702,18705,18723,18720,18718,18713,18779
18594,18908,18912,18911,18910,18909,18228,18640,18639,18641,18643,18646,18645,18644,18642,18578,19182,19183,19003,19005
19004,18913,18914,18916,18915,18104,19052,18908,18227,18743,18740,18727,18739,18742,18750,18753,18582,18741,18749,18751
18715,18698,18706,18708,18700,18711,18702,18705,18723,18720,18718,18713,18779,18594,18908,18912,18911,18910,18909,18228
18640,18639,18641,18643,18646,18645,18644,18642,18578,19182,19183,19003,19005,19004,18913,18914,18916,18915,18104,19052
18908,18227,18743,18740,18727,18739,18742,18750,18753,18737,18748,18730,18731,18732,18741,18749,18751,18715,18698,18706
18708,18700,18711,18702,18705,18723,18720,18718,18713,18779,18594,18908,18912,18911,18910,18909,18908,18965,18966,18633
18634,18635,18962,18960,19212,19211,19208,18348,18328,18340,18344,18298,18341,18306,18326,18301,18346,18323,18311,18332
18349,18318,18331,18302,18309,18342,18320,18345,18369,18971,18201,18208,18677,18678,18068,18070,18066,18067,18065,18069
18071,19120,18422,18423,18432,18506,18159,18971,18201,18208,18679,19044,19034,18176,18180,18141,18164,18143,18169,18145
18166,18155,18157,18418,18431,18430,18434,19036,19046,18529,19025,18982,18134,18231,18136,19026,18232,18242,18425,18466
18982,18134,18231,18136,19026,18232,18242,18425,18466,19245,19257,19251,19246,19258,18856,18854,18851,18658,19001,19137
19129,19139,18191,18186,18195,18192,18189,18877,19171,18806,383,19245,19257,18676,18672,18675,18673,18671,18587,18586
19251,19246,19258,18856,18854,19062,18608,18852,18658,19025,18530,18528,19051,19035,18435,18429,18426,18153,18142,18154
18165,18144,18170,18174,18168,18181,19033,19039,19032,19043,18680,18204,18207,18203,18206,18202,18205,18200,19194,19195
19193,19192,19196,19191,18510,18509,18511,1066,19026,18530,18528,18105,19051,19035,18435,18429,18426,18153,18142,18154
18165,18144,18170,18174,18168,18181,18231,19026,19026,19113,18146,18163,18150,18152,18158,18179,18178,18177,18162,18139
18183,18161,18182,18175,18172,18504,18501,18505,18512,1069,19026,19113,18146,18163,18150,18152,18158,18179,18178,18177
18162,18139,19241,19239,19238,18519,18518,18521,18175,18172,18504,18501,18505,18512,1069,19027,18232,18242,18235,18233
18534,18533,19038,19041,19047,18230,18245,18238,18247,18248,18466,19030,19031,19049,18991,18992,18993,18451,18442,18445
18443,18440,18447,18452,18461,18454,18437,18462,18460,18456,18448,19071,19066,19069,19060,19058,19061,18808,18802,18806
375,19079,18120,18115,18118,18984,18847,19085,18973,18782,18768,18775,18786,18766,18784,18769,18779,18594,18573,18570
18572,18574,19179,19178,19180,19177,18525,18524,18575,18576,18063,18064,18765,18783,18777,18787,18771,18780,18571,18594
19087,19092,19094,18999,19106,19102,19098,19097,19099,19089,18713,18779,18594,18573,18570,18572,18574,19179,19178,19180
19177,18525,18524,18575,18576,18063,18064,18765,18783,18777,18787,18771,18780,18571,18594,1915,2733,2731,3405,3077
3088,3078,3075,3085,3073,3070,3091,3072,3096,3092,3094,3081,3065,2489,4687,4682,4685,3099,3083,3067
3062,1920,1932,1914,1924,1931,1935,2813,2815,2817,2018,2020,2035,2037,2161,2015,19205,19206,19203,19201
19204,19199,19202,19200,18997,18998,18917,18918,19207,18764,19017,19014,19002,19086,19175,19174,19172,19173,18468,18469
18467,18947,18949,18946,18948,18764,19015,19013,19016,19011,19012,18824,18825,18826,19060,19058,19061,18808,18802,18806
384,19205,19206,19203,19201,19204,19199,19202,19200,18997,18998,18917,18918,19207,18764,19017,19014,19002,19086,19175
19174,19172,19173,18468,18469,18467,18947,18949,18946,18948,18764,19015,19013,19016,19011,19012,18824,18825,18826,19060
19058,19061,18808,18802,18806,384,18821,18812,19209,19210,18637,18636,18638,18328,18340,18344,18298,18341,18306,18326
18301,18346,18323,18311,18332,18349,18318,18331,18302,18309,18342,18320,18345,18369,1944,3786,3789,3765,3770,3776
3774,3793,3758,3757,3755,3752,3750,3748,3747,3785,3743,3782,2975,4828,4842,4826,4834,4836,3016,4820
4839,3515,3516,3520,1944,3786,3790,3765,3770,3776,3774,3793,3758,3757,3755,3752,3750,3748,3747,3785
3743,3782,2975,4828,4842,4826,4834,4836,3016,4820,4839,3515,3516,3520,19687,19684,19683,19681,19679,19690
19677,19689,19689,19669,19663,19665,19667,19697,19698,19699,19670,19673,19672,19675,19674,19693,19702,19696,19695,19694
19689,19669,19663,19665,19667,19697,19698,19699,19670,19673,19672,19675,19674,19693,19702,19696,19695,19694,19676,19700
19666,19664,19662,19668,19689,19689,19692,19690,19678,19680,19701,19688,19683,19685,19686,19671,19687,19684,19682,19681
19679,19691,19677,19689,19689,19692,19691,19678,19680,19701,19688,19682,19685,19686,19671,19689,19692,19691,19678,19680
19701,19688,19682,19685,19686,19671,19687,19684,19683,19681,19679,19690,19677,19689,1972,2013,5053,5056,3620,3618
4629,4644,4647,2233,2231,2229,2227,2225,2223,2220,2218,2216,2214,2213,2209,2206,2205,2203,2211,3685
3694,3344,3623,2549,2545,2199,2197,2400,2397,2395,2393,2140,2139,2145,1972,2013,5053,5056,3620,3618
4629,4644,4647,2233,2231,2229,2227,2225,2223,2220,2218,2216,2214,2213,2209,2206,2205,2203,2211,3685
3694,3344,3623,2549,2545,2199,2197,2400,2397,2395,2393,2140,2139,2145,2142,2772,3654,1972,2013,5053
5056,3620,4729,4741,4641,4628,5080,5081,3519,2261,2253,1861,3615,2503,2501,2505,2333,1355,3930,19738
19824,19704,19829,19750,19752,19749,19748,19751,19817,934,19794,19703,19775,19787,19772,19784,19791,19780,19789,19785
19776,19783,19779,19781,19773,19795,19814,19799,19798,19804,19753,19754,19800,19806,19802,19801,19739,19708,934,19799
19798,19804,19800,19806,19802,19801,19739,19708,934,19814,19730,19759,19765,19762,19766,19758,19842,19836,19845,19831
19838,19843,19835,19834,19846,19724,19728,19719,19729,19725,19718,19741,19735,19744,19746,19821,19818,19819,19823,19828
19795,19814,19814,19733,19852,19851,19731,19739,19707,934,19814,19768,19778,19782,19777,19790,19788,19774,19813,19792
19786,19793,19794,19814,19827,19822,19820,19825,19848,19716,19713,19712,19715,19721,19727,19726,19722,19720,19723,19840
19847,19833,19844,19837,19832,19830,19839,19761,19757,19767,19764,19763,19760,19815,19773,19795,19814,19814,19827,19822
19820,19825,19848,19716,19715,19721,19727,19726,19722,19720,19723,19840,19847,19833,19844,19837,19832,19830,19839,19761
19757,19767,19764,19763,19760,19755,19756,19814,19881,19877,19879,20397,19897,19895,20430,20434,20253,20255,20259,20260
20263,20264,20256,20437,20101,20249,20251,20246,20250,20248,20252,20247,20399,20400,20440,20229,20227,20486,20180,20179
20182,20175,20169,20171,20048,19882,20126,20127,20129,20124,20125,20128,20041,20397,20426,20438,20430,20434,20432,20427
20437,20101,20105,20099,20102,20097,20237,1065,19899,19901,19908,19900,19951,19964,19963,19956,19903,19898,19904,19958
19967,19935,19932,19931,19869,19867,19864,20444,20451,20447,1990,2007,1973,2001,2004,2003,1998,1994,1991,1989
1985,1980,1978,2885,4195,4192,4196,4193,4460,3696,3710,3699,3707,3701,4981,4979,4078,4074,4070,4065
2794,2801,2808,2805,2799,2810,4693,4701,4706,4702,4703,4696,2245,2246,2241,2240,2247,2239,2164,2173
4846,2160,2162,4845,2630,3857,3859,3860,3036,2170,2175,2176,2179,2165,2187,2169,2181,2184,2429,2413
2423,5005,5009,5014,5006,5011,3351,3349,3321,3300,1937,1899,3316,3312,3314,3309,3310,3305,3299,3307
4107,4109,4097,4098,4090,4117,3570,5035,5032,4921,19901,20027,20290,20288,20289,20026,20024,20030,20031,20420
20208,20203,20204,20327,20415,19927,19971,19941,19969,20076,20083,20067,20417,20418,20416,20419,20032,20029,20025,20028
20290,20288,19947,19940,19966,19972,20118,19965,20332,20334,20336,20330,20271,20269,20328,20462,20461,20514,20511,20341
20342,19857,19922,19925,19923,20446,20445,20452,19870,19863,20267,19989,19982,19983,19987,19978,19990,19980,19992,19994
19994,19993,19981,19991,19979,19988,19985,19984,19986,20163,19938,20216,20282,20284,20286,20281,20131,20202,20200,20198
19951,19964,19963,19956,19952,19968,19960,19958,19967,1070,19949,19943,19945,19974,19939,20468,20011,20015,20508,20510
20509,20507,20506,20010,20013,20014,20012,20453,20423,20158,19918,20303,19876,19889,19917,19875,20422,20459,20309,20011
20015,20508,20510,20509,20507,20506,20010,20013,20014,20012,20453,20458,19882,19881,19877,19879,20280,20027,20290,20288
20289,20026,20024,20030,20031,20420,20208,20203,20204,20327,20415,19901,20041,20397,20426,20438,20430,20434,20432,20427
20437,20101,20105,20099,20102,20097,20237,1065,20048,20170,20176,20345,20347,20394,20348,20376,20369,20388,20374,20372
20387,20500,20316,20276,20275,20274,20277,20119,20494,20495,20496,20489,20497,20488,20487,20048,20485,20104,20257,20265
20262,20258,20261,20254,20266,20431,19896,20280,20396,19878,19880,20048,20485,20226,20228,20441,20398,20249,20251,20246
20250,20248,20252,20247,20257,20265,20262,20258,20261,20254,20266,20431,19896,20280,20396,19878,19880,20048,20485,20226
20228,20441,20398,20249,20251,20246,20250,20248,20252,20247,20431,19896,20280,20059,20499,20484,20500,20316,20276,20275
20274,20277,20119,20494,20495,20496,20489,20497,20488,20487,20059,20505,20493,20226,20228,20441,20398,20249,20251,20246
20250,20248,20252,20247,20257,20265,20262,20258,20085,20059,20505,20493,20486,20130,20174,20172,20173,20178,20107,20157
20300,20297,20299,20298,20296,20108,20059,20505,20493,20486,20170,20176,20345,20347,20394,20064,20068,20071,19871,19872
20205,20206,20207,20413,20415,20414,19952,19968,19960,19958,19967,19949,19943,19945,20444,20451,20447,20086,20084,20263
20264,20256,20437,20101,20249,20251,20246,20250,20248,20252,20247,20399,20400,20440,20229,20227,20105,20059,20107,20157
20300,20297,20299,20298,20296,20108,20174,20172,20173,20178,20485,20105,20059,20120,19903,19898,19904,19910,19967,1070
2015,2036,2034,4220,2019,2816,2814,2812,1930,1929,1925,1913,1918,1921,1920,20156,19938,20291,20292,20022
20020,20023,20018,20365,20367,20363,20366,20045,20033,20210,20273,20161,20309,20311,20319,20314,20313,20317,20503,20236
20241,20239,1065,20156,19938,20291,20292,20022,20020,20186,20188,20185,20190,19975,19854,20304,20306,1065,20156,19938
20291,20292,20022,20020,20467,20465,20005,20004,20008,20007,19914,19916,19911,20089,20096,20088,20094,20338,20293,20294
19937,20156,20156,19938,20291,20339,20095,20093,20091,20092,20090,19912,19913,19915,20006,20009,20003,20464,20466,20019
20021,20295,20293,20294,19937,20156,20156,20034,20037,20044,20047,20042,20134,20140,20136,20138,20154,20152,20150,20143
20145,20195,20196,20193,19890,20442,20156,20034,20037,20044,20047,20042,20134,20140,20136,20138,20154,20152,20150,20143
20145,20195,20196,20193,19890,20442,20192,20194,20146,20144,20151,20153,20155,20139,20137,20135,20039,20043,20038,20035
20156,20156,20034,20037,20044,20047,20223,20225,20218,20220,20222,19990,19980,19992,19994,20404,20409,20412,20410,20401
20407,1065,20156,20110,20111,20211,20214,20132,20147,20141,20046,20349,20351,20350,20352,20055,19887,19884,20321,20324
19892,19891,19893,19919,20057,20056,20058,20326,20325,20323,20322,20087,19885,19888,19886,20142,20149,20148,20133,20213
20212,20112,20109,20156,20156,20164,19989,19928,20245,20049,20052,20054,20338,20231,20235,20234,20186,20188,20000,20001
19997,19999,20481,20483,20480,20384,20386,20383,20379,20382,20501,20502,20490,20491,20471,20475,20469,20473,1065,20267
20444,20451,20447,19921,19924,19926,19920,20343,20340,20512,20513,20460,20463,20329,20268,20270,20331,20337,20335,20333
19940,19966,19972,20118,19965,19946,20276,20275,20274,20277,20119,20494,20495,20496,20489,20497,20488,20487,20381,20424
20074,20383,20116,20114,20166,20168,20315,20320,20312,20310,20276,20275,20274,20277,20119,20494,20495,20496,20489,20497
20488,20487,20503,20390,20380,20373,20375,20389,20377,20371,20394,20348,20344,20346,20177,20181,20183,20180,20179,20182
20175,20169,20171,20048,20276,20275,20274,20277,20119,20494,20495,20496,20489,20497,20488,20487,20503,20501,20502,20490
20059,20278,1067,20080,20062,20098,20103,20369,20388,20082,20491,20505,20493,20104,20433,20436,20428,20431,20123,20122
20121,20278,20278,20123,20122,20121,20434,20432,20427,20437,20101,20492,20504,20078,20375,20389,20102,20060,20061,20077
20239,1067,20278,20123,20122,20121,20434,20432,20427,20437,20101,20492,20504,20078,20375,20389,20102,20060,20061,20077
20239,1067,20278,20278,20394,20393,20395,20392,20391,20278,20394,20393,20395,20392,20391,20348,20278,20280,20396,19878
19880,19883,20457,20456,20011,20015,20508,20510,20509,20507,20506,20010,20013,20014,20012,20280,20396,20040,20036,20455
20454,20421,20158,19918,20303,19876,19889,19917,19875,20422,19882,20126,20127,20129,20124,20125,20128,20289,19906,20072
20120,19903,19898,19904,19910,19967,1070,20289,20026,20024,20030,20031,20420,20413,20415,20066,20075,19958,19967,19949
19943,19945,20444,20451,19927,20309,20319,20167,20165,19894,20115,20424,20074,20383,20379,20382,20317,20316,20276,20275
20274,20277,20119,20494,20495,20496,20489,20497,20488,20487,20310,20455,20454,20421,20158,19918,20303,19876,19889,19917
19875,20457,20456,20011,20015,20508,20510,20509,20507,20506,20010,20013,20014,20012,2034,4221,4224,2096,2094,2099
2106,2102,2105,3577,3576,3575,2050,2049,2074,2054,2067,2064,2077,2071,2079,2065,2061,2057,2076,2072
2055,2034,4221,4224,2096,2094,2099,2106,2102,2105,3577,3576,3575,2050,2049,2074,2054,2067,2064,2077
2071,2079,2065,2061,2057,2076,2072,2661,2663,2775,2777,2778,2774,4297,4307,4299,4306,4305,4296,4291
4920,4919,1881,1878,1877,4580,1940,1939,4393,4394,4396,4398,4400,4402,4405,4406,4408,4411,4733,2034
4221,4224,2096,2094,2099,2106,2102,2105,3577,3576,3575,2050,2049,2074,2054,2067,2064,2077,2071,2079
2065,2061,2057,2076,2072,2661,2663,2775,2777,2778,2774,4297,4307,4299,4306,4305,4296,4291,4920,4919
1881,1878,1877,4580,1940,1939,4393,4394,4396,4398,4400,4402,4405,4406,4408,4411,4733,4734,2158,2156
4414,4423,4417,4418,3715,20381,20424,20074,20383,20116,20114,20166,20168,20315,20435,20073,20391,20348,20376,20369
20388,20081,20077,20239,1065,20394,20348,20344,20346,20177,20181,20183,20485,20105,20059,20394,20393,20395,20392,20391
20348,20278,20394,20393,20395,20392,20391,20348,20376,20369,20388,20081,20077,1070,19943,1671,1623,20394,20393,20395
20392,20391,20348,20376,20369,20388,20081,20077,1070,19943,1671,1623,1070,20429,20319,20167,20117,20113,20115,20379
20382,20429,20319,20167,20165,19894,20115,20424,20074,20383,20379,20382,20442,20192,20194,20146,20144,20151,20153,20155
20139,20137,20135,20039,20043,20038,20035,20156,20447,19921,19924,19926,19920,20343,20340,20512,20513,20460,20463,20329
20268,20270,20331,20337,20335,20333,19940,19966,19972,20118,19965,19946,20447,20452,19870,19863,19862,19933,19934,19936
19971,19941,19969,20076,19905,19907,19902,19899,19901,19908,19900,19951,19964,19963,19956,20447,20452,19944,19942,19948
19971,19941,19969,19957,19959,19973,19961,20417,20208,20203,20204,19874,19873,20072,20069,20065,20455,20454,20421,20158
19918,20303,19876,19889,19917,19875,20422,19882,20126,20127,20129,20124,20125,20128,20041,19896,20280,20468,19953,19944
19942,19948,19971,1070,19969,19957,19959,19973,19961,19955,19962,19950,20468,19953,19944,19942,19948,19971,1070,19969
19957,19959,19973,19961,19955,19962,19950,20197,20199,20201,20131,20287,20285,20283,20215,20217,19937,19989,19982,19983
19987,19978,19990,19980,19992,19994,20468,19954,20301,19865,19860,20444,20451,20447,19927,20450,20443,19859,19855,19858
20357,20355,20359,19862,19933,19934,19936,20237,1065,20546,20548,20543,20542,20549,20545,20557,20556,20710,20713,20714
20716,20812,20825,20804,20826,2055,2056,2073,2075,2058,2060,2066,2080,2070,2078,2063,2068,2053,4330,2048
2051,2046,2047,4453,4454,4455,2101,5057,2095,2093,4223,4222,2035,2037,2033,2045,2034,20623,20746,20744
20689,20734,20741,20646,20573,20577,20581,20579,20575,20523,20826,2071,4666,3123,3125,3138,3136,3147,3146,2440
2441,2443,4026,2861,3140,3149,3144,3141,2877,2329,2303,2301,2297,2284,3015,2071,4971,4972,2681,2678
2676,2677,2674,2527,2525,2523,2520,2518,2517,2514,2513,2511,2531,2509,2506,3114,3112,3111,3134,3133
2277,2279,2282,2281,3653,3648,3646,3650,3652,3643,3649,3644,3651,3645,3647,3500,3505,3512,20712,20596
20638,20642,20537,20634,20639,20831,20641,20637,20643,20630,20628,20862,20867,20868,20794,20788,20792,20796,20801,20798
20787,20769,20845,20846,20848,20766,20852,20814,20818,20803,20812,20825,20804,20826,20822,20820,20809,20805,20740,20740
20808,20819,20823,20826,20807,20811,20824,20806,20817,20810,20815,20850,20851,20767,20847,20844,20769,20786,20797,20800
20790,20791,20793,20867,20868,20863,20865,20861,20627,20629,20631,20636,20724,20723,20725,20635,20536,20624,20625,20560
20626,20633,20763,20836,20718,20771,20845,20565,20563,20680,20677,20737,20669,20666,20657,20525,20523,20826,20769,20655
20531,358,20769,20845,20846,20766,20852,20814,20818,20803,20812,20825,20826,20820,20809,20805,20740,20690,20745,20747
20623,20591,20590,20529,20776,20775,20594,20605,20533,20607,20732,20838,20688,20780,20857,20858,20856,20769,20845,20846
20766,20852,20814,20818,20803,20812,20825,20826,20822,20820,20809,20805,20690,20747,20591,20590,20529,20776,20775,20594
20605,20533,20607,20732,20838,20688,20780,20858,20769,20845,20846,20766,20852,20814,20818,20803,20812,20825,20826,20822
20820,20809,20805,20690,20747,20623,20591,20590,20529,20776,20775,20594,20605,20533,20607,20732,20838,20688,20780,20857
20858,20856,20769,20845,20846,20766,20852,20814,20818,20803,20812,20825,20826,20822,20820,20809,20805,20740,20690,20747
20591,20590,20529,20776,20775,20594,20605,20533,20607,20732,20541,20838,20688,20780,20857,20858,20856,20826,20524,20526
20520,20519,20762,20698,20696,20697,20704,20705,20701,20612,20613,20609,20750,20752,20754,20751,20673,20648,20622,20693
20809,20646,20644,20672,20753,20755,20749,20615,20702,20700,20706,20515,20525,20523,20826,20826,20524,20526,20658,20659
20662,20668,20736,20676,20679,20661,20566,20844,20772,20770,20719,20763,20826,20524,20526,20671,20674,20753,20755,20749
20616,20618,20617,20656,20650,20648,20694,20621,20644,20651,20645,20619,20750,20752,20754,20751,20665,20667,20525,20523
20826,20826,20524,20576,20571,20578,20647,20805,20740,20735,20690,20623,20826,20528,20603,20600,20598,20568,20711,20824
20806,20817,20727,20535,20569,20859,20767,20683,20681,20860,20853,20854,20562,20552,20554,20555,20779,20670,20675,20685
20684,20848,20766,20852,20570,20728,20818,20803,20708,20567,20601,20599,20527,20826,20826,20740,672,20835,20826,20807
20715,20707,20709,20559,20558,20516,20544,20547,20550,20534,20551,20546,20826,20809,20740,20531,20780,20857,20826,20821
20820,20695,20691,20782,20699,20781,20561,20652,20653,20808,20819,20823,20802,20826,20826,20821,20820,20695,20691,20782
20699,20781,20652,20653,20808,20819,20823,20802,20826,20826,20822,20820,20809,20805,20690,20747,20591,20590,20529,20776
20775,20594,20605,20533,20607,20732,20838,20688,20780,20857,20858,20856,20826,672,20835,20835,672,20740,20826,20835
672,20826,2085,2087,2091,2081,2090,3670,3673,3675,3677,3678,3680,3681,3683,2152,4723,4724,4727,4731
4733,4735,4738,4740,4742,4728,3619,5055,5054,5051,1976,2880,3411,3409,2444,3229,3230,3233,3227,3339
3334,3336,3342,4253,4264,4106,4099,4101,4092,4116,4112,4093,4231,4238,4230,4236,4226,4234,4239,4228
3731,3738,3726,3730,3736,3728,3723,3734,4541,4219,4217,4214,3103,20856,20780,20687,20837,20730,20608,20532
20606,20595,20774,20773,20739,20738,20588,20623,20746,20741,20813,20808,20819,20823,20826,20807,20811,20824,20806,20817
20810,20815,20850,20851,20767,20847,20844,20769,20856,20780,20687,20837,20730,20608,20532,20606,20595,20774,20773,20739
20738,20588,20746,20741,20813,20808,20819,20823,20826,20807,20811,20824,20806,20817,20810,20815,20850,20851,20767,20847
20844,20769,20858,20856,20780,20530,20741,20808,20826,20869,20879,20880,20881,20869,20879,20880,20881,20872,20874,20886
20877,1630,20870,20873,20878,1640,20876,20875,1643,1632,1691,20871,20869,20879,20880,20881,20873,20885,20878,20873
20870,1630,20877,20886,20874,20872,20881,20880,20881,20881,20872,20874,20886,20877,1630,20870,20873,20878,20881,20872
20874,20886,20877,1630,20870,20873,20878,1640,20876,20875,1643,1632,1691,20881,20880,20879,20869,20881,20880,20879
20869,20871,20885,20873,20892,20893,20888,20887,20891,20890,20896,20895,20889,20894,20894,20889,20895,20896,20890,20891
20887,20888,20893,20892,20908,20917,20925,20919,21030,20918,21102,1486,20914,20912,20906,21079,21078,21143,21053,21054
21068,20941,20983,20969,20970,20974,1486,20949,21004,20910,20935,20953,20962,20963,20964,20966,21148,20913,20922,20915
20899,20977,21001,21139,21138,20992,20972,21049,20995,21064,21114,21101,20998,20972,21049,20995,21064,21114,21101,20998
21017,21144,21072,20993,21076,1351,20975,21010,20916,20938,20943,21058,21060,21059,21006,2098,3373,4330,4333,4327
4324,4334,1925,1913,1918,3889,1964,1970,1960,1956,1952,1967,1965,1949,1958,1961,1953,1963,2768,2763
2765,2345,2347,2353,2349,2355,2351,3356,3370,4675,4674,3223,2340,2344,2341,2339,2337,2098,3373,4330
4333,4327,4324,4334,1925,1913,1918,3889,1964,1970,1960,1956,1952,1967,1965,1949,1958,1961,1953,1963
2768,2763,2765,2345,2347,2353,2349,2355,2351,3356,3370,4675,4674,3223,2340,2344,2341,2339,2337,4498
20992,20996,20997,20910,20935,20953,20962,20963,20964,20966,21148,20913,20922,20915,20899,20977,21001,21081,21082,21107
21105,21106,20949,21004,20992,20996,20997,20910,20935,20953,20962,20963,20964,20966,21148,20913,20922,20915,20899,20977
21001,21081,21082,21107,21105,21106,20949,21004,21139,20992,20992,20997,21081,21082,21107,21105,21106,20992,20997,21081
21082,21107,21105,21106,20949,21004,20910,20935,20953,20962,20963,20964,20966,21148,20913,20922,20915,20899,20977,21001
21139,21138,20992,21005,21133,21022,21019,21043,21044,21163,21143,21160,21162,21158,21065,21054,21051,21156,21069,21098
6488,21039,21036,21027,21111,21109,21110,21066,21103,21056,21141,21093,21092,21091,21041,21131,21075,21146,21129,21074
20991,20990,20986,20989,20988,6859,21119,21006,20975,21010,20916,20938,20943,21058,21060,21059,21006,21006,21061,20975
21010,20916,20938,20943,21006,21061,20975,21010,20916,20938,20943,21058,21060,21006,21013,1485,21018,20898,21104,21035
21007,21100,21023,20911,21137,20926,21024,20948,20947,20950,21116,20961,21009,21097,21067,21040,20909,21063,21062,20932
21113,21040,21040,21112,20909,21063,21062,20932,21040,21040,21120,20956,20939,20940,20927,21040,21120,20956,20939,20940
20927,21136,21083,21040,21040,21136,21083,21040,21136,21083,21120,20927,20939,20940,20951,21040,21067,21023,20911,21137
20926,21024,20948,20947,20950,21116,20961,21009,21097,21067,21067,21096,21008,20960,21115,21025,21023,20911,21137,20926
21024,20948,20947,20950,21067,21096,21008,20960,21115,21025,21023,20911,21137,20926,21024,20948,20947,20950,21067,21068
20914,20912,20906,21079,21078,21143,21053,21054,21068,21068,21055,21052,21143,21077,21080,20905,20912,20914,21068,21055
21052,21143,21077,21080,20905,20912,20914,21068,21087,20933,20928,21085,20945,21028,20902,21135,20971,21126,21087,20933
20928,21085,20945,21028,20902,21135,21124,21100,21014,20968,20994,21100,21100,21057,21018,20898,21104,21035,21100,21057
21018,20898,21104,21035,21007,21100,2111,3247,3245,3243,3242,3240,3238,3279,3264,3261,3258,3265,3286,3284
3268,3278,3287,3271,3283,3273,3276,4677,4125,4121,4122,4124,4123,4120,3746,3744,2436,1470,21118,21132
1351,21119,21074,20991,20990,20986,20989,20988,6859,21130,21147,21131,21075,21041,21092,21091,21142,21140,21056,21103
21066,6848,6847,21026,21037,21038,21070,21099,21069,21157,21050,21055,21065,21159,21161,12177,21143,21164,21045,21042
21020,21021,21134,21005,21120,20927,20939,20940,20951,21040,21124,21087,20902,21135,20933,20928,21085,20945,21028,21124
21087,20902,21135,20933,20928,21085,20945,21028,21124,21124,21087,20933,20928,21085,20945,21028,20902,21135,21124,21125
20971,20920,20934,21046,20955,20958,20929,20965,21015,20944,21128,21125,20971,20920,20934,21046,20955,20958,20929,20965
21015,20944,21128,21125,21125,21128,20952,21046,20955,20958,20929,20965,21015,21034,20931,20897,21125,21126,20897,20902
21135,20933,20928,21085,20945,21028,21126,20897,20902,21135,20933,20928,21085,20945,21028,21126,21126,20920,20934,21046
20955,20958,20929,20965,21015,20944,21126,21126,20920,20934,21046,20955,20958,20929,20965,21015,20944,21128,21126,20920
20934,21046,20955,20958,20929,20965,21015,20944,21128,21126,21126,21087,20933,20928,21085,20945,21028,20902,21135,20971
21126,21126,21128,20952,21046,20955,20958,20929,20965,21015,21034,20931,20897,20902,21135,21085,20945,21028,21127,21126
21128,20952,21046,20955,20958,20929,20965,21015,21034,20931,21126,21127,20954,21028,21086,20902,21135,20971,20920,20934
21046,20955,20958,20929,20965,21015,20944,21128,21126,21128,20952,21046,20955,20958,20929,20965,21015,21034,20931,20897
21125,21128,20952,21046,20955,20958,20929,20965,21015,21034,20931,21126,21173,21174,670,21181,21209,21190,21230,21236
21173,21174,670,21215,21173,21174,670,21238,21244,21239,1633,21239,1634,21239,1635,21240,1635,21241,1633,21241
21243,21241,21243,1633,21241,21248,21242,1637,21242,1637,1634,21243,1633,21243,1634,21243,1635,21243,21241,21243
21241,1633,21243,21241,1635,21243,21248,21244,21238,21246,1633,21246,1634,21246,1635,21248,21243,2125,3927,3923
3939,3955,3925,2189,3963,3959,3933,3952,3950,3942,3935,3947,3932,3945,3966,3943,3958,3937,3931,3957
2131,3279,3264,3261,3258,3265,3286,3284,3268,3278,3287,3271,3283,3273,3276,4677,4125,4121,4122,4124
4123,4120,3746,3744,2436,1470,21314,21369,21371,21370,21297,21296,21423,21336,21416,21305,21303,21304,21397,21393
21399,21400,21338,21337,21398,21372,21330,21424,21354,21352,21427,21425,21426,21270,21374,21385,21437,21438,21435,21436
21368,21407,21404,21405,21406,21403,21428,21351,21347,21349,21310,21411,21317,21277,21424,21423,21315,21334,21314,21369
21371,21370,21297,21296,21423,21423,21357,21309,21311,21312,21306,21356,21423,21423,21357,21358,21341,21345,21344,21359
21415,21413,21342,21289,21281,21291,21286,21284,21326,21318,21324,21322,21372,21330,21424,21423,21362,21363,21365,21258
21267,21256,21252,21254,21263,21261,21276,21273,21265,21260,21268,21376,21391,21378,21384,21389,21382,21386,21392,21302
21300,21299,21330,21424,21423,21367,21283,21285,21290,21282,21292,21288,21293,21295,21419,21422,21421,21420,21417,21418
21294,21327,21328,21329,21431,21432,21434,21433,21430,21287,21412,21414,21360,21343,21346,21340,21423,21424,21316,21250
21249,21251,21408,21409,21335,21308,21307,21350,21355,21348,21429,21410,21279,21280,21278,21353,21354,21424,21331,21332
21333,21298,21301,21380,21377,21388,21387,21381,21390,21383,21379,21375,21269,21255,21272,21271,21274,21264,21253,21259
21275,21262,21266,21257,21361,21364,21366,21313,21423,21424,21331,21373,21320,21321,21325,21319,21323,21283,21285,21290
21282,21292,21288,21412,21414,21360,21343,21346,21340,21423,21424,21331,21373,21395,21338,21337,21401,21402,21394,21396
21339,21336,21439,21440,1000,21442,21463,21454,21441,21439,2144,2142,2135,2132,2565,2564,2562,2560,2557,2555
2611,2553,2551,2574,2570,2567,2575,2582,2622,2602,2618,2544,4574,2580,2888,21445,21452,21465,21440,21439
21441,21454,21463,21442,1000,21465,21452,21445,21446,21447,21448,21449,21450,21456,21458,21461,21444,21446,2145,2142
2772,3654,3655,3656,2143,2147,2138,2141,2394,2396,2398,2399,2198,2200,2546,3621,3214,3345,3693,2210
2202,2204,2207,2208,2212,2215,2217,2219,2221,2222,2224,2228,2230,2232,2235,4648,4646,4645,4628,3617
3619,5055,5054,5051,1972,21464,21453,21443,21455,21457,21460,21462,21451,21464,2153,4733,4735,4738,4740,4742
4728,3619,5055,5054,5051,1976,2880,3411,3409,2444,3229,3230,3233,3227,3339,3334,3336,3342,4253,4264
4106,4099,4101,4092,4116,4112,4093,4231,4238,4230,4236,4226,4234,4239,4228,3731,3738,3726,3730,3736
3728,3723,3734,4541,4219,4217,4214,3103,21538,21489,21486,21522,21488,21470,21491,21493,21485,21473,21496,21497
21537,21476,21467,21505,21504,21503,21479,21513,21483,21530,21494,21531,21532,21468,21477,21537,21498,21466,21472,21484
21492,21490,21469,21529,21514,21515,21471,21539,21538,21499,21473,21496,21497,21537,21528,21535,21478,21508,21512,21510
21506,21481,21475,21520,21502,21517,21519,21525,21524,21539,21538,21523,21526,21487,21518,21501,21521,21474,21482,21506
21509,21511,21507,21533,21534,21527,21537,21498,21466,21472,21495,21539,21549,14819,21554,21543,14823,14828,14827,1679
21559,21560,21560,21559,21561,21562,21576,21575,21566,21569,21564,21565,21566,21569,21564,21565,21574,21581,21567,21563
21566,21569,21564,21565,21580,21571,21573,21582,21578,21568,21567,21577,21570,21572,21574,21581,21567,21579,21571,21573
21582,21578,21568,21567,21577,21566,21569,21564,21565,21580,21574,21581,21567,21563,21566,21569,21564,21565,21576,21575
21561,21562,21580,21574,21581,21570,21572,21580,21583,21584,21584,21583,21621,21585,12684,21622,21630,21628,21613,21592
21590,21589,21602,21597,21603,21599,21604,21605,21600,21626,21632,21635,21634,21608,21610,21624,21612,21595,21617,21619
21615,21593,21587,21586,21620,21621,21585,14474,21614,21618,21616,21594,21611,21625,21609,21607,21558,21636,21633,21627
21601,21606,21603,21599,21604,21596,21598,12795,21588,21591,21613,21629,21631,21623,21587,21586,21620,21659,21655,21649
21647,21668,21661,21642,21637,21639,21662,21654,21638,21660,21658,21641,21667,21646,21644,21653,21659,21659,21657,21664
21650,21652,21665,21643,21640,21645,21666,21651,21663,21656,21659,21673,21682,21669,21677,21681,21674,21672,21675,21684
21679,21678,21678,21680,21685,21676,21671,21670,21683,21686,21673,21687,10004,21688,10003,21687,21705,21690,21691,8179
21706,21700,10558,21707,21709,21708,9372,9371,21696,21697,21698,21704,21703,21689,21705,21705,21701,21702,10561,21711
7619,21710,21699,21692,21695,21694,21693,21705,2172,2178,3581,4755,4704,4692,4707,4700,4694,2809,2806,2798
2800,2807,4066,4071,4075,4991,2180,4031,4034,4181,4183,4186,4187,4170,3468,3464,2845,2849,2861,2856
2851,2843,2848,2854,2863,2858,2126,2124,2122,2129,2127,4040,4039,4036,2104,2100,2664,2662,2668,2660
2658,2655,2654,2651,2650,2648,2646,2645,2642,2666,2957,2965,2960,2962,2953,2956,2969,2180,4031,4034
4181,4183,4186,4187,4170,3468,3464,2845,2849,2861,2856,2851,2843,2848,2854,2863,2858,2126,2124,2122
2129,2127,4040,4039,4036,2104,2100,2664,2662,2668,2660,2658,2655,2654,2651,2650,2648,2646,2645,2642
2666,2957,2965,2960,2962,2953,2956,2969,2946,2948,2950,2961,3506,3508,3080,2180,4031,4034,4181,4183
4186,4187,4170,3468,3464,2845,2849,2861,2856,2851,2843,2848,2854,2863,2858,2126,2124,2122,2129,2127
4040,4039,4036,2104,2100,2664,2662,2668,2660,2658,2655,2654,2651,2650,2648,2646,2645,2642,2666,2957
2965,2960,2962,2953,2956,2969,2946,2948,2950,2961,3506,3508,5027,3513,2236,3260,3259,3255,3253,3252
3243,3240,3279,3261,3265,3278,3271,3273,3276,4125,4124,4123,4120,3746,3744,2436,1469,2236,3260,3259
3255,3253,3252,3249,3247,3245,3243,3242,3240,3238,3279,3264,3261,3258,3265,3286,3284,3268,3278,3287
3271,3283,3273,3276,4677,4125,4121,4122,4124,4123,4120,3746,3744,2436,1470,2242,4866,4911,4913,4848
4850,4864,4854,4859,4861,4868,4871,4872,4852,4856,4862,2415,2427,2245,3775,3788,3783,3847,3845,3850
3854,3844,3849,3841,3852,3840,3837,3216,3212,3218,3223,3211,3205,2268,2245,3775,3788,3783,3847,3845
3850,3854,3844,3849,3841,3852,3840,3837,3216,3212,3218,3223,3211,3205,3207,3208,3182,3219,3185,3187
3189,3191,3193,3194,3196,3199,3200,3203,3623,3622,2550,2247,2239,2164,2173,4846,2160,2162,4845,2630
3857,3859,3860,3036,2170,2175,2176,2179,2165,2187,2169,2181,2184,2429,2413,2423,5005,5009,5014,5006
5011,3351,3349,3321,3300,1937,1899,3316,3312,3314,3309,3310,3305,3299,3307,4107,4109,4097,4098,4090
4117,3570,5035,5032,4921,2250,2326,3049,2445,2448,2450,2452,4532,4544,2155,5045,5043,5046,2150,5047
5044,2898,4875,4491,4490,4430,4428,4429,4431,4581,5015,2307,2309,2311,3634,3640,3642,1904,1909,1905
1907,4043,1891,1892,1893,1894,4391,4393,4394,4396,4398,4400,4402,4405,2113,2115,2117,2119,2120,5004
2342,3265,3286,3284,3268,3278,3287,3271,3283,3273,3276,4677,4125,4121,4122,4124,4123,4120,3746,3744
2436,1470,2372,4553,4560,4552,2484,2480,2482,4427,4425,1997,1982,1975,2008,4468,4471,5037,5032,4920
2372,4553,4560,4552,2484,2480,2482,4427,4425,1997,1982,1975,2008,4468,4471,5037,5032,5039,3866,3862
3864,3867,880,314,942,827,2428,2412,4863,4857,4853,4873,4870,4869,4860,4858,4855,4865,2428,2412
4863,4857,4853,4873,4870,4869,4860,4858,4855,4865,4851,4849,4912,4910,4867,2243,3167,5078,4923,2712
2430,2431,2416,2421,4843,2171,2168,2183,2180,2177,2174,2182,4844,2163,2159,4847,2186,2238,2244,2166
2172,3581,4704,4708,2430,2431,4532,4544,2155,4537,4539,4540,4548,4534,4546,4542,2426,2417,2418,2420
2010,4331,4330,4333,4327,4324,4334,4322,4321,1865,1867,1868,1872,2430,2431,4532,4544,2155,4537,4539
4540,4548,4534,4546,4542,2426,2417,2418,2420,2010,4331,4330,4333,4327,4324,4334,4322,4321,1865,1867
1868,1872,3758,3757,3755,3752,3750,3748,3747,3785,3743,3760,4669,3795,2434,4279,4275,4278,4287,4273
4290,4285,4281,4286,4280,3008,3004,3459,3453,3449,2293,2294,2292,2290,2291,2289,2288,2971,4457,4444
4445,4447,4458,4448,4449,4450,4459,4451,1855,4452,4453,4454,4455,2101,5057,2095,2820,2821,3029,3043
3041,3038,3028,3034,3037,3031,3035,3868,3871,3872,3491,3489,3488,3486,2974,3224,2453,2927,2690,2693
2687,2689,3875,2437,2201,1898,2323,2324,2899,2934,2918,2917,2936,2914,2924,2913,2929,2910,2909,2062
2069,3408,3407,3343,2023,3024,3023,3022,3021,3027,2670,2453,3716,4594,4614,4609,4603,4607,4599,4618
4604,4608,4612,4621,4597,4623,4620,4616,4184,4182,4167,4179,4177,3587,4028,4030,5041,3430,3423,3471
3873,3870,3869,3030,3044,3033,4032,3418,2464,2370,3662,2088,2085,2087,2091,2081,2090,3670,3673,3675
3677,3678,3680,3681,3683,2152,4723,4724,4727,4731,4733,4735,4738,4740,4742,4728,3619,5055,5054,5051
1976,2880,3411,3409,2444,3229,3230,3233,3227,3339,3334,3336,3342,4253,4264,4106,4099,4101,4092,4116
4112,4093,4231,4238,4230,4236,4226,4234,4239,4228,3731,3738,3726,3730,3736,3728,3723,3734,4541,4219
4217,4214,3103,2550,2549,2545,2199,2197,2400,2397,2395,2393,2392,2389,2388,2386,2383,2382,2379,2378
2408,2376,2374,2406,2403,2401,4886,4907,4904,4894,4905,4901,2550,2549,2545,2199,2197,2400,2397,2395
2393,2392,2389,2388,2386,2383,2382,2379,2378,2408,2376,2374,2406,2403,2401,4886,4907,4904,4894,4905
4901,4891,4899,4888,4889,2994,3010,3006,2995,2992,3002,2997,3014,3008,3004,2999,3005,3000,3012,2887
2550,3621,3215,3202,3201,3198,3197,3195,3192,3190,3188,3186,3184,3220,3183,3209,2268,2550,3621,3215
3202,3201,3198,3197,3195,3192,3190,3188,3186,3184,3220,3183,3209,3206,3204,3210,3222,3221,3213,3217
3838,3839,3853,3842,3848,3843,3855,3846,3851,3749,3762,2245,2550,3621,3215,3202,3201,3198,3197,3195
3192,3190,3188,3186,3184,3220,3183,3209,3206,3204,3210,3222,3221,3213,3217,3838,3839,3853,3842,3848
3843,3855,3846,3851,3749,3762,3761,3746,3744,2436,1468,2550,3621,3215,3202,3201,3198,3197,3195,3192
3190,3188,3186,3184,3220,3183,3209,3206,3210,3221,3217,3839,3842,3848,3855,3851,3749,3762,3761,3746
3744,2436,1468,2571,2266,2270,2264,2547,2285,4797,2313,2305,2307,2309,2311,3636,1902,2273,3600,3603
5060,5062,5066,4138,4135,4136,2455,2458,2453,3716,4594,4614,4609,4603,4607,4599,4618,4604,4608,4612
4621,4597,4623,4620,4616,4184,4182,4167,4179,4177,3587,4028,4030,5041,3430,3423,3471,3873,3870,3869
3030,3044,3033,4032,3418,2572,2569,4198,4197,4194,1987,1981,1988,1993,2002,2006,1976,1354,2583,2336
2338,2343,2335,3210,4672,4673,3371,3357,2354,2350,2352,2348,2346,2771,2764,2767,3768,1954,1962,1955
1950,1966,1968,1951,1957,1959,1969,3892,1919,1932,1914,1924,4335,4325,4326,4328,4329,2098,2589,2584
2591,2579,2621,2609,2598,2592,2624,2616,2607,2626,2596,2604,2595,2601,2614,2628,2595,2601,2614,2628
2618,2577,2588,2613,4683,4500,4522,4496,4508,4514,3332,2745,2760,2755,2751,2748,2752,2749,2759,2753
2756,2758,2747,2750,2754,2757,2746,2744,2619,2603,2623,2583,2576,2568,2569,2573,2552,2554,2610,2556
2558,2559,2561,2563,2566,2133,2134,2136,3250,2628,2615,2600,2594,2628,2615,2600,2594,2605,2597,2627
2606,2617,2625,2593,2599,2608,2620,2581,2590,2586,2585,2589,2670,2649,2652,2653,2016,2017,3025,3026
2978,2977,2059,2911,2928,2912,2925,2915,2935,2916,2919,2932,2322,2325,3051,2137,2439,2438,3874,2688
2686,2694,2684,2926,2453,2671,3304,3311,3308,3315,3313,1900,1938,3301,3319,4586,5013,5008,5010,2416
2671,4231,4238,4230,4236,4226,4234,4239,4228,3731,3738,3726,3730,3736,3728,3723,3734,4541,4219,4217
4214,3103,2712,4924,5079,2237,2242,4866,4911,4913,4848,4850,4864,4854,4859,4861,4868,4871,4872,4852
4856,4862,2415,2427,2730,2734,2716,2718,4464,4470,4465,2719,2721,2723,2725,2729,2123,4565,4558,4568
4569,4564,2372,2737,3306,3298,3304,3311,3308,3315,3313,1900,1938,3301,3319,4586,5013,5008,5010,2431
2416,2530,2529,2528,2167,2172,2178,3581,3585,3578,3579,3580,3582,2803,2795,2802,2809,4351,4346,4336
2432,3583,2737,3306,3298,3304,3311,3308,3315,3313,1900,1938,3301,3319,4586,5013,5008,5010,2431,4532
4544,2155,4537,4539,4540,4548,4534,4546,4542,2530,2529,2528,2167,2172,2178,3581,3585,3578,3579,3580
3582,2803,2795,2802,2809,4351,4346,4336,2432,3583,2737,4101,4092,4116,4112,4093,4114,3929,3960,3964
3948,3954,3940,3922,3926,3904,3953,3900,3898,3896,3895,3892,3890,3887,3886,4667,4990,4984,4986,4980
4983,4995,5001,4998,4981,4979,4992,2744,4499,4495,4518,4512,4507,4504,4520,4516,4519,4506,4511,4505
4510,4515,4521,4502,4503,4513,4509,4497,4523,4501,4680,2612,2587,2578,2619,2603,2623,2583,2576,2568
2569,2573,2552,2554,2610,2556,2558,2559,2561,2563,2566,2133,2134,2136,3250,2744,4499,4495,4518,4512
4507,4504,4520,4516,4519,4506,4511,4505,4510,4515,4521,4502,4503,4513,4509,4497,4523,4501,4680,2612
2587,2578,2619,4517,2773,4590,2320,2321,2361,3236,3234,3235,2360,2359,4592,4591,4593,1683,1466,2773
4590,2320,2321,2361,3236,3234,3235,2360,2359,4592,4591,4593,3179,1471,2780,4798,4800,2025,3705,3702
3712,4697,4695,4705,4937,4944,4954,4953,4943,4938,4930,4351,4346,4336,4355,4077,2834,2829,2838,2272
2833,2302,2263,1874,4292,2540,2881,2190,2271,4200,4199,2846,2857,2849,2861,2856,2851,2843,2848,2854
2863,2858,2126,2124,2122,2129,2127,4040,4039,4036,2104,2100,2664,2662,2668,2660,2658,2655,2654,2651
2650,2648,2646,2645,2642,2666,2957,2965,2960,2962,2953,2956,2969,2882,3827,3828,3836,2945,2964,2944
2954,2949,2703,2697,2705,2701,2699,2704,4979,4078,4074,4070,4065,2794,2801,2808,2805,2799,2810,4693
4701,4706,4702,4703,4696,2245,2246,2241,4881,2887,4909,4896,4898,4895,4897,3003,3009,3013,2998,3001
2993,2996,3007,3011,2952,4890,4887,4900,4892,4902,4906,4893,4903,4908,2407,2402,2404,2405,2373,2375
2409,2377,2380,2381,2384,2385,2387,2390,2391,2394,2396,2398,2399,2198,2200,2546,2550,2949,2703,2697
2705,2701,2699,2704,4979,4078,4074,4070,4065,2794,2801,2808,2805,2799,2810,4693,4701,4706,4702,4703
4696,2245,2246,2241,4881,2968,2955,2952,2963,2959,2966,2958,2667,2643,2644,2647,2670,2649,2652,2653
2656,2657,2659,2669,2661,2663,2665,2103,4037,4038,4041,4042,2128,2121,2123,2125,2859,2862,2853,2847
2844,2852,2855,2860,2850,2846,2968,2955,2952,2963,2959,2966,2958,2667,2643,2644,2647,2670,2649,2652
2653,2656,2657,2659,2669,2661,2663,2665,2103,4037,4038,4041,4042,2128,2121,2123,2125,2859,2862,2853
2847,2844,2852,2855,2860,2850,2846,3465,3466,3467,4188,4185,4184,4182,2180,2980,2476,2472,2468,2474
2469,2475,2470,3929,4613,4595,4488,4691,2454,2927,2941,2943,2921,2937,2930,2933,2900,2899,2903,2906
2905,2252,2904,4297,5063,5065,5061,3602,3603,2981,2986,2632,2636,2634,3493,3495,2304,3559,3532,3561
3535,3536,3539,3541,3542,3545,3547,3562,3549,3550,3553,3530,3015,3142,3143,3150,3139,2860,4025,2442
2465,2466,4473,4474,3148,3145,3137,3126,2064,2077,2071,3062,3087,3082,3063,3066,3068,3084,4934,4684
4681,4686,2490,3064,3080,3095,3093,3097,3062,3087,3082,3063,3066,3068,3084,4934,4684,4681,4686,2490
3064,3080,3095,3093,3097,3071,3090,3069,3098,3086,3074,3079,3089,3076,3406,2732,2734,2716,1917,1934
1920,1932,1914,1924,1931,1935,1922,1923,1912,2186,3882,3081,3065,2489,4687,4682,4685,3099,3083,3067
3062,3097,3071,3090,3069,3098,3086,3074,3079,3089,3076,3406,2732,2734,2716,1917,1934,1920,1932,1914
1924,1931,1935,1922,1923,1912,2186,3882,3103,3102,3101,3100,3326,3325,3483,3484,3382,3327,3328,3324
4216,4215,4213,4218,3733,3724,3727,3735,3729,3725,3737,3732,4227,4240,4233,4225,4235,4229,4237,4232
4094,4113,4115,4103,4102,4107,4263,4252,4250,3341,3335,3338,3226,3232,3231,3228,3225,3410,1990,5052
5053,5056,3620,4729,4741,4739,4737,4736,4732,4730,4726,4725,4722,2151,3682,3679,3676,3674,3672,2885
2884,2082,2092,2086,2083,2089,3663,3665,2464,3103,3102,3101,3100,3326,3325,3483,3484,3382,3327,3328
3324,4216,4215,4213,4218,3733,3724,3727,3735,3729,3725,3737,3732,4227,4240,4233,4225,4235,4229,4237
4232,4094,4113,4115,4103,4102,4107,4263,4252,4250,3341,3335,3338,3226,3232,3231,3228,3225,3410,1990
5052,5053,5056,3620,4729,4741,4739,4737,4736,4732,4730,4726,4725,4722,2151,3682,3679,3676,3674,3672
2885,2884,2082,2092,2086,2083,2089,3663,3665,2464,2370,3662,2088,2084,315,9582,9569,8530,8576,11432
11448,11447,11455,11457,11435,11439,11450,11443,11431,11444,11427,12015,12011,12009,12008,12017,8003,8002,8490,8498
8499,8575,8535,8505,8506,8507,8509,8541,8537,8580,8514,8539,8542,8866,8880,8877,10086,315,9582,9569
8530,8576,11432,11448,11447,11455,11457,11435,11439,11450,11443,11431,11444,11427,12015,12011,12009,12008,12017,8003
8002,8490,8498,8499,8575,8535,8505,8506,8507,8509,8541,8537,8580,8514,8539,8542,8866,8880,8877,8887
8868,8871,8863,8892,8864,8888,8873,8884,8875,8414,8417,8415,8416,10901,11570,3169,3698,3711,3697,4461
3330,3331,4198,4197,4191,4194,1987,1979,1981,1986,1988,1992,1993,1999,2002,2005,2000,1974,2006,1976
1984,3567,3573,1354,317,7754,7744,7746,7749,7751,7741,7758,7743,7735,7763,7767,7764,7761,7739,7771
7757,7755,11135,11118,11116,11137,11142,11121,8645,8641,318,9582,9569,9388,9383,9386,9939,9962,9938,9282
9287,9274,11432,11448,11447,11457,11435,11439,11450,11431,11428,12015,12009,12008,12017,7913,1462,319,9582,9569
8530,8576,8611,8616,8617,8605,8606,8613,8608,11612,7508,8338,8787,10372,7495,7522,10375,10680,7861,12069
12072,12005,12007,10918,10917,12092,12118,12006,11110,11114,12008,12017,9810,7526,7524,7523,7519,3206,3204,3210
3222,3221,3213,3217,3838,3839,3853,3842,3848,3843,3855,3846,3851,3749,3762,3761,3746,3744,2436,1468
3206,3210,3221,3217,3839,3842,3848,3855,3851,3749,3762,3761,3746,3744,2436,1468,3207,3208,3182,3219
3185,3187,3189,3191,3193,3194,3196,3199,3200,3203,3623,3622,2550,3209,3206,3204,3210,3222,3221,3213
3217,3838,3839,3853,3842,3848,3843,3855,3846,3851,321,9119,9118,9116,9113,7657,7639,7640,7642,7645
7647,7648,7649,7651,7654,8210,10282,8454,8453,9195,9196,7536,7537,9186,9184,9187,7998,7995,7993,8000
7854,7858,7853,7851,9109,9107,9112,9111,8006,8004,8003,8002,8005,7936,7919,7912,7945,12033,322,11261
9947,9945,9936,9933,9942,9970,9957,10216,10279,7765,7768,11479,11477,11476,9597,9573,9589,9192,9190,9188
7637,7646,7644,7643,9182,9179,9178,9168,9167,9165,9174,9172,9176,9175,7611,7578,7568,7571,7577,7573
7582,7575,7567,7586,7579,7585,7590,12094,12096,7916,7941,12031,3224,2973,3487,3485,3490,3492,3873,3870
3869,3030,3044,3033,3036,3039,3040,3042,3032,2822,2819,2818,3297,5059,5058,2106,2102,2105,3577,3576
3575,2047,2895,2894,2897,2893,2892,2891,2896,2890,2889,4446,4443,4456,2972,4883,2275,2276,2278,2277
2279,2282,2280,3778,3627,3628,3626,3625,3629,3292,4283,4282,4284,4289,4274,4288,4277,4276,4074,3624
2434,3249,3247,3245,3243,3242,3240,3238,3279,3264,3261,3258,3265,3286,3284,3268,3278,3287,3271,3283
3273,3276,4677,4125,4121,4122,4124,4123,4120,3746,3744,2436,1470,3250,2142,2135,2132,2565,2564,2562
2560,2557,2555,2611,2553,2551,2574,2570,2567,2575,2582,2622,2602,2618,3250,2142,2135,2132,2565,2564
2562,2560,2557,2555,2611,2553,2551,2574,2570,2567,2575,2582,2622,2602,2618,2577,2588,2613,4683,4500
4522,4496,4508,4514,3332,2745,2760,2755,2751,2748,2752,2749,2759,2753,2756,2758,2747,2750,2754,2757
2746,2744,328,15394,15396,15445,15436,1672,15404,15443,15422,15424,15398,15438,15432,15428,469,15406,15434,1031
15449,15426,1188,1097,328,15394,15396,15445,15436,1672,15404,15443,15422,15424,15398,15438,15432,15428,469,15406
15434,1031,15449,15426,1188,1097,15452,328,15394,15396,15445,15436,1672,15404,15443,15422,15424,15398,15438,15432
15428,469,15406,15434,1031,15449,15426,1188,15410,1097,15452,328,15394,15445,1672,15443,15424,15432,15428,469
15406,15434,1031,15449,15426,1188,1097,328,15394,15445,1672,15443,15424,15432,469,1031,15449,1097,3322,4532
4544,2155,4537,4539,4540,4548,4534,4546,4542,2530,2529,2528,2167,2172,2178,3581,3585,3578,3579,3580
3582,3584,3329,2367,4244,4243,4246,4874,2479,4879,4878,4433,5049,4977,4976,3481,3479,3478,4440,4441
4437,2180,2177,2174,3427,3424,3420,3419,3430,3423,4081,4080,4079,2991,3595,3597,3596,3469,3630,3632
3631,2640,2641,2639,3425,3426,4033,3329,4621,4597,4623,4620,4616,4184,4182,4167,4179,4177,3587,4028
4030,5041,3430,3423,3471,3873,3870,3869,3030,3044,3033,4032,3418,3397,3395,3384,3388,3398,3400,3391
3404,3385,3612,3347,3346,3348,3846,3449,3418,3028,3034,3037,3031,3035,3868,3871,3872,3470,3422,3431
5042,4029,4027,3586,4176,4178,4166,4180,4183,4186,4619,4624,4596,4601,4622,4611,4598,4605,4617,4600
4606,4602,4610,4615,4595,4488,4691,2454,3418,3028,3034,3037,3031,3035,3868,3871,3872,3470,3422,3431
5042,4029,4027,3586,4176,4178,4166,4180,4183,4186,4619,4624,4596,4601,4622,4611,4598,4605,4617,4600
4606,4602,4610,4615,4595,4488,4691,2454,2457,2456,4137,4134,4139,5063,5065,5061,3602,3606,3601,1901
3635,3638,2310,2308,2306,2314,2811,2286,2548,2265,2269,2267,2571,3435,3454,3434,3441,3452,3448,3444
3460,3446,3463,3438,3457,3450,5022,5020,5026,5023,3435,3454,3434,3441,3452,3448,3444,3460,3446,3463
3438,3457,3450,5022,5020,5026,5023,3834,5025,4344,4364,4341,4359,4340,4365,4361,4348,4357,4353,3449
3394,3402,3392,3393,3386,3403,3390,3401,3399,3389,3383,3387,3449,3394,3402,3392,3393,3386,3403,3390
3401,3399,3389,3383,3387,3396,3810,3805,3800,3172,3173,2761,2770,4203,4207,4210,4211,4206,2249,4201
3555,3556,2307,2309,2311,2316,2317,2319,4131,1857,1860,4420,4387,4421,1876,3504,3510,3502,3503,3501
3456,3437,3462,3445,3461,3443,3447,3451,3440,3433,3455,3436,3511,4165,4156,4148,4144,4151,4146,4162
4152,4158,2491,2485,2487,2488,4573,2757,2746,2743,4669,4670,4668,3135,3017,3374,3375,3376,3377,3378
3379,3380,3381,1867,3110,3113,3115,3117,3119,3122,3123,3125,2675,2680,2679,4973,3511,4165,4156,4148
4144,4151,4146,4162,4152,4158,2491,2485,2487,2488,4573,2757,2746,2743,4669,4670,4668,3720,3513,3499
3509,3507,3498,2951,2947,2967,2968,2955,2952,2963,2959,2966,2958,2667,2643,2644,2647,2670,2649,2652
2653,2656,2657,2659,2669,2661,2663,2665,2103,4037,4038,4041,4042,2128,2121,2123,2125,2859,2862,2853
2847,2844,2852,2855,2860,2850,2846,3513,3499,3509,3507,3498,2951,2947,2967,2968,2955,2952,2963,2959
2966,2958,2667,2643,2644,2647,2670,2649,2652,2653,2656,2657,2659,2669,2661,2663,2665,2103,4037,4038
4041,4042,2128,2121,2123,2125,2859,2862,2853,2847,2844,2852,2855,2860,2850,2846,3465,3466,3467,4188
4185,4184,4182,2180,3514,2945,2964,2944,2954,2949,2703,2697,2705,2701,2699,2704,2754,4572,4571,2580
2888,2436,3414,3432,3520,2433,2435,4821,4838,4835,4833,4825,4841,4827,3520,2433,2435,4821,4838,4835
4833,4825,4841,4827,2976,3771,3759,3745,3779,3796,3751,3797,3754,3777,3781,3798,3773,3780,3763,3767
3791,3787,1944,3520,2433,2435,4821,4838,4835,4833,4825,4841,4827,2976,3771,3759,3745,3779,3796,3751
3797,3754,3777,3781,3798,3773,3780,3763,3767,3791,3787,1948,3520,2433,2435,4821,4838,4835,4833,4825
4841,4827,2976,4688,3771,3759,3745,3779,3796,3751,3797,3754,3777,3781,3798,3773,3780,3763,3767,3791
3741,3742,3769,2263,1874,4292,4297,5063,5065,5061,4920,4919,1895,4775,4777,4779,4780,4782,4792,4785
4787,4788,4790,2226,2230,2232,5028,3531,3552,3551,3548,3563,3546,3544,3543,3540,3538,3537,3534,3560
3533,3558,3496,3494,3497,2633,2635,2631,2793,2790,3357,3367,3355,3359,3368,3360,3406,2732,3770,3776
3774,3793,3758,3757,3755,3752,3750,3748,3747,3785,3743,3760,3794,4689,4837,4831,4840,3589,4882,3531
3552,3551,3548,3563,3546,3544,3543,3540,3538,3537,3534,3560,3533,3558,3496,3494,3497,2633,2635,2631
2985,2982,3770,3776,3774,3793,3758,3757,3755,3752,3750,3748,3747,3785,3743,3760,3794,4831,4840,3589
4882,3531,3552,3551,3548,3563,3546,3544,3543,3540,3538,3537,3534,3560,3533,3558,3496,3494,3497,2633
2635,2631,4743,2983,3531,3552,3551,3548,3563,3546,3544,3543,3540,3538,3537,3534,3560,3533,3558,3496
3494,3497,2633,2635,2631,4743,2983,3867,880,314,942,827,4832,4824,3590,3592,358,20530,20654,20769
3583,4069,4076,4356,4347,4352,4345,2810,4693,4701,4706,4702,4703,4696,2245,2246,2241,3376,3377,3378
2413,2423,5005,5009,5014,5006,5011,3351,3349,4717,4713,4587,3321,3300,1937,1899,3316,3312,3314,3309
3310,3305,3299,3307,2737,3583,4069,4076,4356,4347,4352,4345,2810,4693,4701,4706,4702,4703,4696,2245
2246,2241,3376,3377,3378,4536,4533,4535,4538,4547,4549,2154,4545,2413,2423,5005,5009,5014,5006,5011
3351,3349,4717,4713,4587,3321,3300,1937,1899,3316,3312,3314,3309,3310,3305,3299,3307,2737,3584,2486
4701,4706,4702,4703,4696,2245,2246,2241,3376,3377,3378,4536,4533,4535,4538,4547,4549,2154,4545,2413
3322,359,1467,359,7253,7252,7243,7249,7248,7245,7210,7201,7200,1348,359,7253,7252,7243,7249,7248
7245,7451,7287,7286,7288,7289,7171,7302,7176,7211,7210,7201,7200,1348,3593,3588,4822,4829,3593,3588
4822,4829,1309,941,313,879,5002,2981,2986,2632,2636,2634,3493,3495,2304,3559,3532,3561,3535,3536
3539,3541,3542,3545,3547,3562,3549,3550,3553,3530,3603,5060,5062,5066,5064,3168,4804,4811,4435,4434
4016,2257,4013,4012,4014,2256,4015,4017,4817,4809,4803,4801,2259,4806,4818,2295,4807,3106,3980,3976
3973,3971,3970,2922,2927,2690,2693,2687,2689,2685,2691,2682,2123,3904,4974,3603,5060,5062,5066,5064
3168,4804,4811,4817,4809,4803,4801,2259,4806,4818,2295,4807,3106,3980,3976,3973,3971,3970,2922,2927
2690,2693,2687,2689,2685,2691,2682,2123,3904,4974,3603,5060,5062,5066,5064,4298,2779,2988,2989,2987
2990,2907,2902,2908,2901,2939,2931,2938,2920,2942,2940,2926,2453,3716,4594,3959,3046,3048,3045,3047
4019,2467,2471,2473,2477,4368,2980,3654,3655,3656,2143,2147,2138,2141,2394,2396,2398,2399,2198,2200
2546,3621,3214,3345,3693,2210,2202,2204,2207,2208,2212,2215,2217,2219,2221,2222,2224,2228,2230,2232
2235,4648,4646,4645,4628,3617,3619,5055,5054,5051,1972,3715,4477,4476,2220,4416,4415,4413,2157,4475
4412,4410,4409,4407,4404,4403,4401,4399,4397,4395,4392,4390,1941,1942,4579,1879,1880,4918,4921,4293
4303,4304,4302,4295,4300,4301,4298,2779,2776,2910,2909,2056,2073,2075,2058,2060,2066,2080,2070,2078
2063,2068,2053,4330,2048,2051,2046,2047,4453,4454,4455,2101,5057,2095,2093,4223,4222,2035,2037,2033
2045,2034,3717,3718,4926,4931,4955,3717,3718,4926,4931,4955,4933,4927,4945,4936,4962,4958,4948,4939
4950,4942,4960,4952,4929,4693,4701,4706,4702,4703,4696,2245,2246,2241,3376,2258,4880,4885,3720,3721
2979,4499,4495,4575,4576,4160,4154,4147,4142,4161,4157,4153,4163,4145,4150,4143,4149,4155,3511,3722
3759,3745,3779,3796,3751,3797,3754,3777,3781,1870,1866,4323,4328,4329,2424,2419,4543,4533,4535,4549
2413,2422,4709,4719,4716,4712,4587,4583,4589,4584,3317,3302,3320,2497,5029,4715,3735,3729,3725,3737
3732,4227,4240,4233,4225,4235,4229,4237,4232,4094,4113,4115,4103,4102,4107,4263,4252,4250,3341,3335
3338,3226,3232,3231,3228,3225,3410,1990,5052,5053,5056,3620,4729,4741,4739,4737,4736,4732,4730,4726
4725,4722,2151,3682,3679,3676,3674,3672,2885,2884,2082,2092,2086,2083,2089,3663,3665,2464,3736,4540
4548,4534,4546,4542,3739,3610,3698,3711,3697,3708,3661,3372,4386,3664,4382,4385,4379,4375,4373,4381
4377,3803,3813,3801,3809,3810,3807,3356,2789,2788,2784,4203,4207,4210,4211,4206,2249,4201,3555,3556
2307,2309,2311,3636,1902,2273,3600,3603,3609,3598,3605,3607,4306,3880,3878,1875,3881,5075,5073,5077
4258,4262,3993,3987,3981,3323,3565,3180,2736,3306,3298,3304,3311,3308,4022,4020,4021,2886,4367,2841
2707,2709,2711,4665,4663,4010,375,18807,18805,18809,18803,19059,19057,18823,19068,19065,19067,19072,18450,18464
18449,18457,18459,18463,18436,18455,18438,18453,18446,18439,18465,18444,18441,18458,18994,18995,19050,19037,19042,18466
18243,18246,18237,18244,18240,19048,19040,19045,18535,18239,18236,18234,18241,19027,376,18821,18812,18818,18816,18813
18820,18889,581,19154,18123,18122,18124,18668,18669,18665,18660,18662,18666,18693,18692,18684,18690,18476,18479,18475
18474,18597,18890,18369,377,18807,18805,18809,18803,19059,19057,18823,19068,18409,18410,18406,18405,378,18840,18828
18612,18611,18613,18185,18831,18833,18830,18832,18827,18990,378,379,18807,18805,19170,18876,18878,18188,18193,18194
18187,18190,19136,19133,19131,19135,19130,18632,18267,18266,19067,19072,18450,18464,18449,18577,18416,18415,19132,19138
19134,19000,19001,19137,19129,19139,18191,18186,18195,18192,18189,18877,19171,18806,18821,18812,3795,3771,3759,3745
3779,3796,3751,3797,3754,3777,3781,1870,1873,1869,1866,2970,4332,4323,4335,4325,4326,4328,4329,2052
2424,2419,2411,2414,2425,4543,4536,4533,4550,4535,4538,4547,4549,2154,4545,2413,2422,2430,3795,3771
3759,3745,3779,3796,3751,3797,3754,3777,3781,1870,1873,1869,1866,2970,4332,4323,4335,4325,4326,4328
4329,2052,2424,2419,2411,2414,2425,4543,4536,4533,4550,4535,4538,4547,4549,2154,4545,2413,2422,4709
4719,4716,4712,4587,4583,4589,4584,3317,3302,3320,2497,5029,4715,380,18134,18231,19028,18136,19113,380
3805,2351,3356,2789,2788,2784,2791,2782,2781,2787,2637,2638,4481,4486,4484,2192,4487,4479,4482,4478
1884,1887,1889,1885,3740,3741,3742,1947,2837,2832,2021,2826,2835,2130,2823,2834,2829,2838,2272,2833
2302,2263,1874,4292,2540,2881,2190,2271,4200,4199,3805,3800,3172,3173,2761,2770,4203,4207,4210,4211
4206,2249,4201,3555,3556,2307,2309,2311,2316,2317,2319,4131,1857,1860,4420,4387,4421,1876,381,18424
18234,18241,18105,18137,18529,19024,18135,18846,18242,18425,18466,381,381,18466,18424,18234,18241,18105,18137,18529
19024,18135,18846,18242,18425,381,381,19245,19257,18676,18672,18675,18673,18671,18587,18586,19251,19246,19258,18856
18854,18851,18658,18655,18869,19253,18588,18593,18589,18209,18211,18212,18219,18214,18216,18532,18473,18106,382,18838
19114,18396,18398,18389,18390,18395,18931,18944,18939,18100,18091,18086,18078,18076,18074,18089,18094,18526,18402,18622
3823,3824,3815,3833,3818,3831,3817,3820,2804,2797,4796,4794,384,18838,18841,18843,18829,18835,18837,578
18359,18357,18223,18220,18221,18413,18411,18559,18560,18394,18387,18380,18384,18522,18523,18393,18396,18398,18544,18485
3841,3852,3840,3837,3216,3212,3218,3223,3211,3205,3207,3208,3182,3219,3185,3187,3189,3191,3193,3194
3196,3199,3200,3203,3623,3622,2550,3847,3845,3850,3854,3844,3849,3841,3852,3840,3837,3216,3212,3218
3223,3211,3205,2268,2547,3209,385,17726,17995,671,385,17726,17995,671,18045,385,17726,17995,671,18045
17782,385,17726,17995,671,18045,17782,17895,385,17771,17877,17775,17777,17869,18046,385,17771,17877,17775,17777
18046,385,17877,17775,17777,18046,3882,3883,2173,1926,1928,1927,1930,1929,1925,1913,1918,1921,1933,1916
1915,2733,2731,3405,3077,3088,3078,3075,3085,3073,3070,3091,3072,3096,3882,3883,2173,1926,1928,1927
1930,1929,1925,1913,1918,1921,1933,1916,1915,2733,2731,3405,3077,3088,3078,3075,3085,3073,3070,3091
3072,3096,3092,3094,3081,3065,2489,4687,4682,4685,3099,3083,3067,3062,3930,1352,2330,2334,2499,2504
2502,3614,1862,2254,2262,3518,4625,4630,4626,4627,4728,3619,5055,5054,5051,1972,3946,3924,3893,3903
3906,3909,3911,3917,3885,3889,3894,3899,3905,3955,3959,3952,3935,3945,3958,3937,3931,3946,3924,3893
3903,3906,3909,3911,3917,3885,3889,3894,3899,3905,3955,3959,3952,3935,3945,3958,3937,3931,1355,3957
3928,3920,3949,3967,3944,3938,3921,3936,3941,3956,3951,3929,3960,3964,3948,3954,3940,3922,3926,3904
3953,3900,3898,3896,3895,3892,3890,3887,3886,3961,3884,3919,3916,3914,3912,3910,3908,3907,3902,3934
3721,3794,4689,3957,3928,3920,3949,3967,3944,3938,3921,3936,3941,3956,4241,3951,3929,3960,3964,3948
3954,3940,3922,3926,2126,3989,3983,3978,3984,3993,3987,3981,3980,3976,3973,3971,3970,2922,2461,2459
3948,2869,2864,2868,2876,2866,2870,2871,2877,2418,2420,4083,4088,4188,4185,4184,4182,4167,4179,4177
4174,4172,4085,4082,4084,4168,4169,4171,4173,4175,4178,4166,3994,3944,3936,3951,3960,3954,3904,3898
3895,3890,3884,3916,3910,3908,3907,3902,3934,3721,3794,4689,3946,4010,4664,4662,2710,2708,2842,2840
4009,4011,4024,4018,4023,3309,3310,3305,3299,3307,2735,3181,3564,3105,3104,3979,3982,3986,3992,3985
4259,4269,5072,5074,5076,3876,3877,3879,4302,4295,3608,3604,3599,3602,3606,3601,1901,3635,3638,2310
2308,3557,3554,4202,2251,4205,4212,4209,4208,4204,2786,2793,2790,3357,3806,3811,3808,3802,3812,3804
4376,4380,4372,4374,4378,4384,4383,3372,4386,3664,3659,3660,3709,3695,3696,3710,3699,3611,2533,3739
403,10299,10302,10303,10305,10307,10321,10310,10311,10313,10314,10324,11342,11395,1337,11341,11371,11345,11300,11363
11358,11367,11318,11326,11312,11329,11307,11302,11309,11382,11305,11352,11360,11338,11334,11366,11310,11323,11907,11892
11888,11903,11897,11901,11909,11570,11586,11580,11582,11590,11579,8100,8289,8318,8322,8297,11800,11802,11791,11789
11787,11786,11784,11782,11801,11780,11777,11775,11774,11913,8500,8496,7577,10426,4033,2175,2176,2179,4436,4442
4439,4438,3480,3482,4975,4978,5048,5050,4432,4877,4876,2478,5003,4242,4245,2366,2363,2365,2369,3413
5070,5067,5071,4965,4966,3052,3054,3056,3058,3060,2356,3999,3996,4005,4239,4371,4489,4001,4004,3312
3314,3309,3310,3305,3299,3415,3417,3416,3337,3333,4254,4267,4261,4256,4248,4266,4525,2107,2332,2328
4678,4679,1356,4035,2097,2075,2058,2060,2066,2080,2070,2078,2063,2068,2053,4330,2048,2051,2046,2047
4453,4454,4455,2101,5057,2095,2093,4223,4222,2035,2037,2033,2045,2034,4077,4839,4338,4356,4347,4352
4345,4929,4959,4698,4699,3703,3704,2024,4799,1863,2780,4078,4074,4070,4065,2794,2801,2808,2805,2799
2810,4693,4701,4706,4702,4703,4696,2245,2246,4078,4074,4070,4065,2794,2801,2808,2805,2799,2810,4693
4701,4706,4702,4703,4696,2245,2246,2241,4881,4132,4060,4058,4056,4054,4063,4052,4050,4048,4046,4045
2032,2031,2029,2028,2027,2026,2030,3672,3671,3668,3667,3691,3688,3687,3684,3690,3177,4671,3371,3357
3367,3355,3359,3368,3361,3353,3364,3793,3758,3757,3756,3753,3749,3762,3761,3746,3744,2436,1471,4164
4165,4290,5021,3442,3439,3458,2542,2543,3525,3524,3522,3523,3521,3526,3847,3449,2293,2294,2292,2290
3381,1867,3110,3113,2507,2508,2532,2510,2512,2515,2516,2519,2521,2522,2524,2526,2672,2673,2675,2680
2071,4166,4180,4183,4186,4187,4170,4087,4086,2419,2410,2878,2872,2865,2867,2879,2875,2873,2874,2462
2460,2463,2923,3968,3969,3972,3974,3975,3979,3982,3986,3992,3985,3988,3977,3991,3990,4578,4530,4528
4661,4635,4637,4652,4656,4659,4653,4651,4640,4641,4643,4644,4647,4649,4167,4177,4172,3476,3473,3472
4081,4080,4079,3517,3594,3595,3597,3596,3422,3431,3421,3425,3426,3428,2182,4844,2159,2186,2166,2178
4765,4167,4179,4177,4174,4172,4085,4082,4084,4168,4169,4171,4173,4175,4178,4166,4199,2539,2541,4294
2825,2300,2283,2839,2830,2255,2824,2148,2836,2827,2022,2831,2828,3764,3786,3789,1886,1890,1888,1883
1882,2538,2537,2536,4968,4969,2191,4483,4485,4480,1945,1943,1946,2783,2792,2786,2793,2790,3357,3805
4337,4072,4067,4066,4071,4075,4991,4982,3700,3706,3698,3711,3697,4461,3330,3331,4198,4197,4191,4194
1987,1979,1981,1986,1988,1992,1993,1999,2002,2005,2000,1974,2006,1976,1984,3567,3573,1354,4347,4352
4345,2810,4693,4701,4706,4702,4703,4696,2245,4354,4358,4349,4362,4366,4339,4360,4342,4363,4343,4350
3504,4354,4358,4349,4362,4366,4339,4360,4342,4363,4343,4350,3504,3510,3502,3503,3501,3456,3437,3462
3445,3461,3443,3447,3451,3440,3433,3455,3436,4354,4358,4349,4362,4366,4339,4360,4342,4363,4343,4350
3823,3824,3815,3833,3818,3831,3817,3820,2804,2797,4796,4794,4373,4764,4744,4749,4766,4769,4750,4746
4756,4313,4316,4308,4320,4317,4314,4310,4315,4311,4319,4318,4309,4312,3743,3760,4669,4690,4397,4395
4392,4390,1941,1942,4579,1879,1880,4918,4921,4293,4303,4304,4302,4295,4300,4301,4298,2779,2776,2910
2909,2056,2073,2058,2060,2066,2080,2070,2078,2063,2068,2053,4330,2048,2051,2046,2047,4453,4454,4455
2101,5057,2095,2093,4223,4222,2035,2037,2033,2045,2034,4498,2583,2336,2338,2343,2335,3210,4672,4673
3371,3357,2354,2350,2352,2348,2346,2771,2764,2767,3768,1954,1962,1955,1950,1966,1968,1951,1957,1959
1969,3892,1919,1932,1914,1924,4335,4325,4326,4328,4329,2098,4499,4495,4247,2619,2603,2623,2583,2576
2568,2569,2573,2552,2554,2610,2556,2558,2559,2561,2563,2566,2133,2134,2143,2147,4517,2577,2588,2613
4683,4500,4522,4496,4508,4514,3332,2745,2760,2755,2751,2748,2752,2749,2759,2753,2756,2758,2747,2750
2754,2757,2746,2744,4532,4544,2155,4537,4539,4540,4548,4534,4546,4542,2426,2417,2418,2420,2010,4331
4330,4333,4327,4324,4334,4322,4321,1865,1867,1868,3885,4667,4990,4984,4986,4980,4983,4995,5001,4998
4981,4979,4993,4532,4544,2155,5045,5043,5046,2150,5047,5044,2898,4875,4491,4490,4430,4428,4429,4431
4581,5015,4555,4553,4560,4552,2484,2480,2482,4427,4425,1997,1982,1975,2008,4468,4471,5037,5032,5039
4555,4553,4560,4552,2484,2480,2482,4427,4425,1997,1982,1975,2008,4468,4471,5037,5032,5039,3866,3862
3864,3867,880,314,942,827,4555,4553,4560,4552,2484,2480,2482,4427,4425,1997,1982,1975,2008,4468
4471,5037,5032,5039,3866,3862,3864,3867,880,314,942,827,4832,4556,4095,4107,4109,4097,4098,4090
4117,3569,5037,5032,5039,3866,3862,3864,3867,880,314,942,827,4556,4095,4107,4109,4097,4098,4090
4117,3569,5037,5032,5039,3866,3862,3864,3867,880,314,942,827,4832,4556,4563,4570,4567,4559,4566
2124,2728,2727,2726,2724,2722,2720,4466,4469,4463,4462,2717,2733,2730,4556,4563,4570,4567,4559,4566
2124,2728,2727,2726,2724,2722,2720,4466,4469,4463,4462,2717,2733,2730,3867,880,314,942,827,4557
4100,4107,4109,4097,4098,4090,4117,3570,5035,5032,4921,4301,4294,3768,3764,3786,3789,3766,3770,3776
3774,3793,3758,3757,3755,3752,3750,3748,3747,3785,3743,3760,4669,4690,4579,1879,1880,4918,4921,4293
4303,4304,4302,4295,4300,4301,4298,2779,2776,2910,2909,2056,2073,2075,2058,2060,2066,2080,2070,2078
2063,2068,2053,4330,2048,2051,2046,2047,4453,4454,4455,2101,5057,2095,2093,4223,4222,2035,2037,2033
2045,2034,4621,4597,4623,4620,4616,4184,4182,4167,4179,4177,3587,4028,4030,5041,3430,3423,3471,3873
3870,3869,3030,3044,3033,4032,3418,4649,4648,4646,4645,4657,4642,4650,4654,4658,4655,4639,4638,4636
4634,4660,4527,4529,4531,4577,3989,3983,3978,3984,3993,3987,3981,3980,3976,3973,3971,3970,2922,2461
2459,3948,2869,2864,2868,2876,2866,2870,2871,2877,2418,2420,4083,4088,4188,4185,4184,4182,4167,4179
4177,4174,4172,4085,4082,4084,4168,4169,4171,4173,4175,4178,4166,4667,4990,4984,4986,4980,4983,4995
5001,4998,4981,4979,4992,4689,3962,3924,3893,3903,3906,3909,3911,3913,3915,3917,3918,3885,4141,4140
3888,3889,3891,3894,3897,3899,3901,3965,3905,3927,3923,3939,3955,3925,2189,3963,3959,3933,3952,3950
3942,3935,3947,3932,3945,3966,3943,3958,3937,3931,3957,4690,4688,3771,3759,3745,3779,3796,3751,3797
3754,3777,3781,3798,3773,3780,3763,3767,3791,3741,3742,3769,4292,5063,4917,5030,5038,3574,4105,4118
4091,4119,4104,4110,4108,4099,4557,4690,4688,3771,3772,4765,4755,4770,4763,4760,4771,4754,4759,4753
4758,4762,4772,4752,4761,4757,4747,4751,4768,4767,4748,4745,4380,2619,4373,4706,4696,2245,2241,2240
2239,2164,2173,4846,2160,2162,4845,2170,2175,2176,2179,2165,2187,2169,2181,2184,2413,5005,471,13325
15180,15181,12799,13956,13978,13967,13983,13959,13989,13963,13972,13970,13976,13974,13961,13981,14532,14524,14837,14832
14836,14526,14533,12681,12688,12680,12684,12673,12678,12682,12686,12671,12675,13438,1388,14036,14038,13979,13966,13991
13987,13652,13785,13789,13792,13796,13779,13775,13773,13126,13121,13124,13127,13131,14455,14452,14449,14450,14067,14065
14064,14049,14048,14069,14053,14071,14072,14055,14074,14052,14061,14058,13420,13588,12504,1409,4714,4721,2498,3319
3303,3318,4585,4588,4582,4586,4711,4720,4710,2431,4532,4537,4540,4534,4542,2418,2420,4330,4333,4322
1867,1871,3758,3757,3755,3752,3750,3748,3747,3785,3743,3760,4669,3722,4714,4721,2498,3319,3303,3318
4585,4588,4582,4586,4711,4720,4710,2431,4532,4544,2155,4537,4539,4540,4548,4534,4546,4542,2426,2417
2418,2420,2010,4331,4330,4333,4327,4324,4334,4322,4321,1865,1867,1868,1872,3758,3757,3755,3752,3750
3748,3747,3785,3743,3760,4669,3795,476,5986,5968,5989,5940,6018,5892,5931,5923,5982,5966,5959,6743
6021,5912,6020,5993,5910,5914,5904,5997,5976,5894,5944,5988,5930,5888,5884,5947,5881,5878,5933,5932
5873,5872,5895,5935,5879,6012,5984,5942,6011,5954,5919,5974,5998,5916,5949,5991,6013,5971,5965,6015
6006,5920,6000,6001,5962,5900,5994,6815,6008,6010,5928,6022,5875,5871,5303,5905,5926,5945,5979,6004
5925,5762,6519,6525,6517,6518,6515,6309,602,476,6392,6397,6396,6393,7070,7075,7065,7068,7077,7066
7062,7071,5558,5540,5554,5552,6547,6552,7082,7133,7137,7130,6493,6495,6490,6488,6484,6491,6472,6469
6467,6480,6477,6483,6486,6476,6481,5959,6741,476,6392,6397,6396,6393,7070,7075,7065,7068,7077,7066
7062,7071,5558,5540,5554,5552,6547,6552,7082,7133,7137,7130,6493,6495,6490,6488,6484,6491,6472,6469
6467,6480,6477,6483,6486,6476,6481,5959,6743,6021,5912,5953,6020,5993,5910,5914,5904,5997,5976,5894
5944,5988,5930,5992,5888,5886,5884,5947,5881,5878,5933,5932,5873,5872,5895,5935,5879,6012,5984,5942
6011,5954,5919,5906,5974,5980,5998,5916,5937,5949,5897,5991,6013,5971,1484,6898,6896,6897,6899,5371
6452,6450,6447,6803,6802,6805,5335,5394,5398,5396,5358,5580,5583,5574,5577,5572,5585,5566,5568,5581
5575,5570,6695,6693,6691,5393,6514,5302,6513,6512,6510,6508,6505,4764,4744,4749,4766,4769,4750,4746
4756,4313,4316,4308,4320,4317,4314,4310,4315,4311,4319,4318,4309,4312,3743,3760,4669,4690,4765,4696
2245,2246,2248,2173,2160,4845,2170,3429,3427,3424,3420,3430,3423,4081,4080,4079,3517,3594,3595,3597
3596,3474,3475,3477,4175,4166,478,477,13021,13001,13059,12987,13082,13004,13032,13086,13069,13095,13024,13031
13078,1190,15077,15069,14627,14622,14613,14616,14604,14609,12381,12377,12391,12780,12765,12978,478,477,13060,13021
13072,13009,13080,13057,13001,13059,13025,13047,12988,13039,13091,13050,12987,13013,13036,13075,13082,13030,13070,13011
13015,13063,13052,13004,12992,13064,12989,13096,12985,13032,13023,13045,13027,13048,13086,13006,13069,13042,13095,13068
13026,13024,13020,13066,12998,12983,13031,12994,13076,13038,13078,13029,13054,13033,1189,12982,12990,13089,15079,15075
15083,15077,15068,15070,15069,15073,15067,14627,14624,14622,14620,14605,14616,14617,14599,14601,14604,14608,14609,14612
12367,13547,13570,13560,13580,13551,13574,13552,13568,13559,13554,13583,13573,15108,15103,15115,15104,12782,12978,4793
4795,2796,3821,3816,3830,3819,3832,3814,3825,3822,5024,4793,4795,2796,3821,3816,3830,3819,3832,3814
3825,3822,5024,5025,4344,4364,4341,4359,4340,4365,4361,4348,4357,4353,4829,1309,941,313,879,5002
3865,3863,3166,5040,4915,1895,4775,4777,4779,4780,4782,4792,4785,4787,4788,4790,2230,2232,2234,4829
1309,941,313,879,5002,3865,3863,3166,5040,5030,5038,3571,4118,4091,4119,4104,4110,4108,4096,2372
4829,1309,941,313,879,5002,3865,3863,3166,5040,5030,5038,4472,4467,2009,1977,1995,1996,4424,4426
4130,2481,2483,4551,4561,4562,4832,4824,3590,3592,4864,4854,4859,4861,4868,4871,4872,4852,4856,4862
2415,2427,4882,4880,3591,4823,4830,2976,4688,3771,3759,3745,3779,3796,3751,3797,3754,3777,3798,3773
3780,3763,2731,3405,3362,3369,3358,3352,3366,3356,2789,2788,2785,2636,2634,3493,3495,2304,3559,3532
3561,3535,3536,3539,3541,3542,3545,3547,3562,3549,3550,3553,3529,3531,4882,4880,3591,4823,4830,4688
3771,3759,3745,3779,3796,3751,3797,3754,3777,3781,3798,3773,3780,3763,2981,2984,2785,2636,2634,3493
3495,2304,3559,3532,3561,3535,3536,3539,3541,3542,3545,3547,3562,3549,3550,3553,3529,3531,4884,2166
2167,2172,2178,3581,4755,4704,4692,4707,4700,4694,2809,2806,2798,2800,2807,4066,4071,4075,4991,4884
2166,2167,2172,2178,3581,4755,4704,4692,4707,4700,4694,2809,2806,2798,2800,2807,4066,4071,4075,4991
4982,2698,2700,2706,2696,2702,2695,2494,2492,2496,2493,2495,3514,2945,2964,2944,2954,2949,4884,2166
2167,2172,2178,3581,4755,4704,4692,4707,4700,4694,2809,2806,2798,2800,2807,4066,4071,4075,4991,4982
2698,2700,2706,2696,2702,2695,2494,2492,2496,2493,2495,3835,3829,3826,2883,4885,2166,2167,2172,2178
3581,4755,4885,2166,2167,2172,2178,3581,4755,4704,4692,4707,4700,4694,4930,4951,4961,4941,4949,4940
4947,4957,4963,4935,4946,4928,4934,4956,4932,4925,2371,3717,4902,4906,4893,4903,4908,2407,2402,2404
2405,2373,2375,2409,2377,2380,2381,2384,2385,2387,2390,2391,2394,2396,2398,2399,2198,2200,2546,2550
4920,4915,1895,4775,4777,4779,4780,4782,4792,4785,4787,4788,4790,2230,2232,2234,4920,4919,1881,1878
1877,4580,1940,1939,4393,4394,4396,4398,4400,4402,4405,4406,4408,4411,4733,4734,2158,2156,4414,4423
4417,4418,3715,4921,5030,5038,4105,4118,4091,4119,4104,4110,4108,4099,3306,3298,3304,3311,3308,3315
3313,1900,1938,3301,3319,3350,5012,5007,5013,5008,5010,2431,2416,2421,4843,2171,2168,2185,2183,2180
2177,2174,3028,3861,3858,3856,2629,4844,2163,2159,4847,2186,2238,2244,2166,2167,2172,2178,3581,4755
4704,4692,4707,4700,4694,2809,2806,2798,2800,2807,4066,4071,4075,4991,4982,3700,3706,3698,3711,3697
4461,4198,4197,4191,4194,1987,1979,1981,1986,1988,1992,1993,1999,2002,2005,2000,1974,2006,1976,4922
5030,5038,4472,4467,2009,1977,1995,1996,4424,4426,4130,2481,2483,4551,4561,4562,4922,5036,5031,1897
3574,3568,3019,2011,2012,2298,1936,2109,2535,5056,3616,3160,3151,3164,3162,3158,3528,3157,3154,2714
2713,2333,1352,4956,4932,4925,2371,3717,4970,2194,2195,3259,3255,3253,3252,3249,3247,3245,3243,3242
3240,3238,3279,3264,3261,3258,3265,3286,3284,3268,3278,3287,3271,3283,3273,3276,4677,4125,4121,4122
4124,4123,4120,3746,3744,2436,1470,4973,3953,2678,3137,3126,3124,3121,3120,3116,3114,3112,3111,3134
3133,3132,3131,3130,3129,3128,3127,3118,3719,3720,3721,2979,4499,4495,4575,4576,4160,4154,4147,4142
4161,4157,4153,4163,4145,4150,4143,4149,4155,3511,4974,2681,3965,2126,2124,2683,2692,2688,2686,2694
2684,2926,2923,3968,3969,3972,3974,3975,3108,3107,3109,2296,4819,4805,2260,4813,4802,4810,4435,4434
4016,2257,4013,4012,4014,2256,4015,4017,4816,4812,4814,4808,4815,5063,5065,5061,3602,3606,3601,2739
2741,2740,2742,4189,3799,4631,4633,4632,2738,4190,4129,4128,4127,4126,2740,2742,4089,5019,1864,5016
5017,2149,2188,2196,5018,2274,1902,2273,3600,3603,4974,2681,3965,2126,2124,2683,2692,2688,2686,2694
2684,2926,2923,3968,3969,3972,3974,3975,3108,3107,3109,2296,4819,4805,2260,4813,4802,4810,4816,4812
4814,4808,4815,5063,5065,5061,3602,3606,3601,2739,2741,2740,2742,4189,3799,4631,4633,4632,2738,4190
4129,4128,4127,4126,2740,2742,4089,5019,1864,5016,5017,2149,2188,2196,5018,2274,1902,2273,3600,3603
4991,4982,4999,5000,4987,4996,4997,4994,4985,4989,4988,4141,4140,3888,3889,3891,3894,3897,3899,3901
3965,3905,3927,3923,3939,3955,3925,2189,3963,3959,3933,4111,4094,4113,4115,4103,4102,2737,4993,4982
4999,5000,4987,4996,4997,4994,4985,4989,4988,1873,1869,1866,2970,4332,4323,4335,4325,4326,4328,4329
2052,2424,2419,2411,2414,2425,4543,4536,4533,4550,4535,4538,4547,4549,2154,4545,2413,5004,2110,4916
2118,2116,2114,2112,4404,4403,4401,4399,4397,4395,4392,4390,4389,1911,1910,1908,1906,1903,3641,3639
3633,3637,2287,2307,5015,3738,3726,3730,3736,3735,3729,3725,3737,3351,3349,4717,4713,4718,4711,4493
4494,4492,3657,3658,2416,2451,2449,2447,2446,3050,2250,5015,3738,3726,3730,3736,3735,3729,3725,3737
3351,3349,4717,4713,4718,4711,4493,4494,4492,3657,3658,2416,2451,2449,2447,2446,3050,2250,2326,3049
2445,2448,2450,2452,4532,5023,3834,5025,4344,4364,4341,4359,4340,4365,4361,4348,4357,4353,5024,5025
4344,4364,4341,4359,4340,4365,4361,4348,4357,4353,5028,2231,2229,2227,4789,4786,4784,4791,4783,4781
4778,4776,4774,4773,1896,4918,4921,5060,5062,5066,5064,4298,4294,3768,3764,3786,3789,3766,3770,3776
3774,3793,3758,3757,3755,3752,3750,3748,3747,3785,3743,3760,2975,4828,4842,4826,4834,4836,3016,4820
4839,3515,3516,3520,5028,2231,2229,2227,4789,4786,4784,4791,4783,4781,4778,4776,4774,4773,4914,4922
5028,2231,2229,2227,4789,4786,4784,4791,4783,4781,4778,4776,4774,4773,4914,5039,3866,3862,3864,3867
880,314,942,827,5028,2231,2229,2227,4789,4786,4784,4791,4783,4781,4778,4776,4774,4773,4914,5039
3866,3862,3864,3867,880,314,942,827,4832,5040,5030,5038,3571,4118,4091,4119,4104,4110,4108,4096
2372,5115,1455,5126,5239,5244,5242,5215,5230,5151,515,7315,7321,7416,7447,7294,7396,7316,7458,7360
7353,7355,7358,7452,7203,7204,7202,7205,7207,7206,7172,7297,7184,515,7321,7367,7455,7416,7322,7324
7447,7294,7396,7316,7469,7471,7463,7466,7467,7464,7460,7293,7299,7350,7349,7347,7345,7344,7342,7351
515,7321,7367,7455,7416,7324,7216,7227,7223,7215,7222,7225,7217,7174,7195,7193,7294,7396,7316,7469
7471,7463,7466,7467,7464,7460,7293,7299,7350,7349,7347,7345,7344,7342,7351,515,7321,7367,7455,7416
7447,7294,7396,7316,7458,7360,7353,7355,7358,7452,7203,7204,7202,7205,7207,7206,7172,7297,7184,5151
1455,5151,5115,1455,5151,5161,5292,5278,5130,5279,5288,5161,5151,5151,5177,5223,5086,5159,5191,5224
5087,5151,5151,5197,5167,5123,5131,5286,5166,5261,5151,5151,5214,5216,5241,5245,5240,5126,5151,5216
5245,5155,1711,5151,5216,5245,5206,1711,5151,5258,1669,5151,5258,5145,5206,1669,5151,5267,5270,5269
5181,5140,5192,5201,5151,5151,5274,5097,5134,5172,5151,5288,5277,5172,5151,5206,5143,5215,5258,5190
5255,5294,5187,5189,5185,5216,5082,5145,5206,5234,5215,5151,5287,5151,1668,5288,5275,5151,1455,5312
7048,7045,6585,6374,6372,6371,6376,6375,6377,5780,5787,5784,5789,5783,5782,5779,5312,7048,7045,6585
6374,6372,6371,6376,6375,6377,5780,5787,5784,5789,5783,5782,5779,7051,7049,5312,5312,7048,7045,7052
6585,6374,6372,6371,6376,6375,6377,6238,6239,6250,6260,6574,6576,6584,5387,6580,6578,7107,6618,5391
6619,5775,6940,6943,5392,6950,6948,6945,6954,6952,5348,6956,6304,6306,6310,6311,1353,5320,5339,6350
6351,6348,6355,6359,6353,6998,7005,6401,6403,5385,7098,7097,7096,7094,7099,6844,5761,6895,7033,6322
6894,5350,6100,6112,6103,6107,6114,6109,6335,6333,6340,5680,5682,5675,5688,6568,6906,6904,6908,6909
6097,6108,6117,6115,5501,5496,5497,5503,5871,5303,7019,5349,5340,5341,5344,5882,5857,5861,5869,5854
5843,5846,5596,5599,6922,6926,6924,6927,5866,5859,5863,5306,5602,5611,5597,5606,5601,5605,5610,5609
5603,6067,6071,6069,6072,6065,5349,5340,5341,5344,5882,5857,5861,5869,5854,5843,5846,5838,6685,6687
6689,6688,5368,6684,6686,5521,5522,5523,6648,6647,6646,5844,5845,5839,5367,6061,5545,5534,5532,5529
5563,5650,5648,5651,5646,6445,5959,6744,5399,5495,6380,6382,6383,6135,6139,6142,6137,6140,6134,6131
6145,6504,7017,5926,6172,6183,6182,6180,6101,6105,6890,6323,6321,6317,6318,5763,6519,6024,6027,6598
6597,6224,5721,5724,6222,6219,6208,6216,6211,6209,1353,5399,5495,6380,6382,6383,6135,6139,7020,7025
7028,6232,6230,6816,6959,6969,6961,6766,5330,6764,6765,6881,6962,6968,6963,6966,6761,6388,6385,5327
5758,6939,5399,6804,6806,5424,5433,6824,6828,6820,6826,6832,5418,5445,5450,5643,5644,5641,5640,5633
5639,5299,6456,6453,6455,6459,6458,5338,6457,6460,6454,5634,5638,5709,6822,6827,6836,5428,6080,5798
5370,5825,5824,5826,6985,6972,6974,6980,6982,6988,6990,6978,6984,5868,5428,7115,5793,5791,6638,6631
6634,6653,5657,5659,6557,6370,7056,7057,7053,6341,5325,7058,6655,5433,5727,5732,5730,6736,6728,6733
6732,6430,6427,6428,6425,6422,6429,6424,6918,6920,6921,6919,6917,6750,6747,6746,6751,5524,5525,5630
5440,5442,5436,5421,5469,5446,5462,5422,5461,6859,5481,6342,6343,6361,5480,5479,6666,6682,6670,7113
6600,6916,5711,6681,6683,6679,6675,6669,6668,5441,5475,5447,5444,5458,5449,5463,6277,6280,6051,5354
6055,6048,6047,6053,6046,6044,5698,5457,6718,6724,6726,6720,6729,6721,6730,6719,6725,5735,5734,5737
5430,6562,6564,6498,6496,5803,5800,6733,6195,6197,6189,6191,6193,6588,5457,6722,6736,6728,6733,6732
6430,6427,5631,5629,6752,6748,6753,6836,5505,5705,5704,5300,7061,6717,5524,5525,5630,6423,6426,6431
6731,6727,6734,6723,6718,6724,6726,6735,5543,5546,5542,5539,5557,5549,5817,6462,7143,6443,7137,7130
7139,6368,6738,6464,6848,6847,6855,6846,6860,6853,6854,6849,5543,5546,5542,5539,6759,6754,6758,5754
5756,6862,6495,6490,6739,6738,6464,6848,6847,6855,6846,6860,6853,6854,6849,5610,5609,5603,5600,6441
5707,5607,5608,5598,6685,6687,6689,6688,5368,6684,6686,5521,5522,5523,6648,6647,6646,5844,5840,5845
5839,5841,5847,5837,5858,5865,5868,5612,6437,6436,6551,6542,6554,6545,6544,6553,6550,6543,5553,5561
7073,7072,7063,5326,7076,7067,7064,7074,7069,6395,6394,6398,6188,474,6711,6715,6713,6788,7030,5626
6128,6902,6874,6869,6867,6870,6540,6536,6642,5626,6128,6902,6874,6869,6867,6870,6540,7168,7169,7167
6573,5742,5741,5744,5743,6536,5376,6642,5627,7115,5791,6638,6631,6634,6653,5657,5659,6557,6370,7056
7057,7053,6341,5325,7058,6655,5653,6528,6522,6839,6523,601,6312,6628,6998,7005,7001,6997,7014,7006
7008,7011,7003,7000,6798,6790,6793,6887,6886,6883,6889,6323,6321,6317,6318,5768,5653,6528,6522,6839
6523,601,6312,6628,6998,7005,7001,6997,7014,7006,7008,7011,7003,7000,6798,6790,6793,6887,6886,6883
6889,6323,6321,6317,6318,5768,5941,6898,6896,6897,6899,5662,5667,5669,5668,5660,5505,5705,5704,5300
7061,6717,5698,6056,6045,6052,6043,6049,6054,5353,6050,6286,6278,5464,5448,5459,5427,5474,5435,5440
5698,6056,6045,6052,6043,6049,6054,5353,6050,6286,6278,5464,5448,5459,5427,5474,5435,7148,7162,7166
7160,7150,7158,7163,7161,7151,7152,7154,5982,5966,5959,6744,5698,7148,7162,7166,7160,7150,7158,7163
7161,7151,7152,7154,5982,5966,5959,6744,5740,6609,6615,6621,6622,6612,6614,6618,5391,6619,5775,6940
6943,6094,6089,6095,6092,6187,6171,6101,6105,6892,6323,6321,6317,6318,5769,5749,5835,5558,6552,5725
6061,5534,5563,5646,7140,7083,6900,1682,5749,5835,5558,6552,5725,6061,5534,5563,5646,7140,7083,6900
6810,6819,5749,6699,6700,6705,6706,6701,6709,5555,5536,5560,7073,7072,7063,5326,7101,7102,7103,7145
7146,6419,5832,5833,6462,6126,7137,7130,6493,6495,6490,575,19154,19146,19149,19141,19168,19161,19144,19165
19151,19158,19155,19152,19162,19142,18311,18332,18349,19219,19215,19221,19216,18602,18600,18598,18605,18601,19224,19234
19226,19232,19228,18950,19007,18516,18515,18369,5752,5472,7127,7126,7125,7123,7124,5494,7029,6155,6153,576
18888,18879,18882,18881,18883,18957,18955,18958,18198,18196,18197,18381,19222,18356,18352,18353,18558,18566,18564,18562
18556,18981,18976,18975,18979,19128,18761,19187,19189,19184,19190,18398,18544,18486,18893,18395,18931,18944,18939,18795
18792,18543,18112,18111,18108,18114,18754,18759,18758,18756,18760,18937,18942,18933,18945,18925,18920,18970,18401,18402
18622,5763,6519,6024,6027,6598,6597,6224,5721,5724,6222,6219,6208,6216,6211,6209,1353,5767,5941,5815
6316,6322,6891,6884,6885,6888,6794,6797,6799,6999,7004,7012,6993,7007,7013,6994,7002,7015,6357,6354
6310,6311,602,6529,6521,6520,5653,5767,6806,5769,5815,6316,6322,6892,5350,6099,6173,6186,6091,6096
6090,6093,6944,6941,5776,6626,6611,6617,6613,5381,6624,6608,6620,6616,6610,5739,5780,5787,5784,5789
5785,5790,5783,5782,5779,7051,7049,5312,7048,7045,7052,6585,6374,5699,5700,5307,6787,6786,6785,5310
6645,5781,5788,5786,6239,6250,7112,6391,6609,6615,6621,6625,5793,7116,5423,5465,6629,6637,5798,5370
6843,5793,7116,6202,6199,6198,7121,7118,5947,6076,6074,6079,6205,6975,6362,5706,6363,6976,6983,6977
6989,6987,6981,6979,6973,6971,6986,5821,5820,5321,7023,5796,6194,6192,6190,6196,6731,5988,5801,5799
5802,6497,6565,6561,5429,5738,5733,5736,6724,6726,6720,6729,6721,6730,6719,6725,5772,5773,6360,5703
5424,580,19154,19146,19149,19141,19168,18873,18872,18867,18868,18858,18875,18866,18863,18625,18628,18630,18623,18615
18338,18313,18536,18652,19008,19010,18516,18515,18369,5801,5799,5802,6497,6565,6561,5429,5738,5733,5736,6724
6726,6735,5808,6337,6110,6113,6106,6104,6111,5686,5677,5673,7089,5809,6768,6882,6837,5807,5695,5693
5690,5870,6009,6023,5927,6167,6166,6740,6560,5770,5476,5508,6657,7109,7110,6591,6141,6136,6143,6138
6384,6381,6379,6378,6218,6213,6217,582,1680,5835,5814,5746,5750,6709,5555,5536,5560,5558,5540,5554
5552,6547,6552,7082,7133,7137,7130,6493,6495,6490,6739,6738,6464,6566,6488,6484,6491,6472,6469,6467
6480,6477,6483,6486,6476,6481,5959,6742,5859,5863,5306,5602,5611,5597,5606,5601,5605,5610,5609,5603
5600,6071,6069,6072,6065,6070,5860,6929,6923,6925,5608,5598,5839,5841,5847,5837,5858,5865,5868,5864
5856,6201,7120,7114,5349,5866,6068,6066,5594,5607,5598,5839,5847,5842,6433,6435,5818,5822,1681,5869
5854,5843,5846,5838,6685,6687,6689,6688,5368,6684,6686,5521,5522,5523,6648,6647,6646,5844,5845,5596
5599,5604,5526,6442,7039,5948,5883,5887,5929,5987,5943,5893,5956,5996,5903,5915,5909,5938,6019,5913
6741,5960,5964,5972,5922,5977,5891,5958,5298,5975,5969,5985,479,5965,6015,6006,5920,6000,6001,5962
5900,5994,6815,6008,6010,5928,6022,5875,5871,5303,5905,5926,5945,5979,6004,5925,5762,6519,6525,6517
6518,6515,6309,602,5996,5903,5915,5909,5938,6019,5913,6741,5960,5964,5972,5922,5977,5891,5958,5298
5975,5969,5985,479,601,6308,6524,6530,6516,6527,6845,5766,5924,6003,5978,5946,5967,5899,5963,5870
6009,6023,5927,5911,6818,6007,5995,5901,5961,6002,5981,5921,6005,6016,5970,6014,5990,5950,5917,5999
5973,5918,5955,6017,5907,5983,5939,5880,5890,5896,5951,5874,5876,5934,5877,5882,5948,5883,5887,5929
5987,5943,5893,5956,5996,5903,5915,5909,5938,6019,5913,6741,5960,5964,5972,5922,5977,5891,5958,5298
5975,5969,5985,479,602,6893,5685,5678,5677,5680,5675,5688,6937,5758,6939,6028,6364,6365,6366,6367
7135,6493,6495,6490,6755,6757,6756,5538,5541,5547,5543,5535,5550,6035,5926,5697,5485,5808,6337,6110
6113,6106,6104,6111,5686,5677,5673,7089,6060,6446,5357,5356,5355,6165,5351,5346,5324,5319,5316,5625
7086,6445,5959,6744,6061,5545,5534,5375,6039,6037,6041,6234,6477,6483,6486,6769,6772,6776,6783,6778
6781,5771,6091,6096,6090,6093,6944,6941,5776,6626,6611,6617,6613,5381,6624,6608,6620,6616,6610,5739
6154,5317,6081,5506,7128,7122,5425,5752,6169,6170,6168,6819,6226,6228,5365,5364,5362,5493,6841,6299
6301,6296,6558,6180,6100,6112,6103,6107,6114,6109,6338,6837,5809,5484,5696,5946,5967,6502,6197,6189
6191,6193,6588,6607,5889,5801,5799,5802,6497,6565,6561,5429,5738,5733,5736,6724,6726,6735,6201,7120
7114,5411,5410,5455,5409,5407,5468,6269,6267,5304,5333,6413,6416,5383,6417,6214,6212,6221,6380,6382
6383,6135,6139,6142,6137,6592,6595,6594,6593,5927,6167,6166,6740,6560,5770,5476,5508,6657,6658,5875
5499,5691,5692,5694,5810,5809,6328,6980,6982,6988,6990,6978,6984,6975,6362,5706,6363,5864,5856,6201
6329,6332,5483,5323,6663,6410,6412,6259,6248,6499,6500,6501,6329,6414,6241,6256,6255,6246,6252,6237
6244,6652,6650,5509,5510,5514,5701,6697,5401,5404,5406,5794,6031,7035,7037,7036,6163,5377,5379,6407
6344,6346,6935,6345,7059,6674,6672,6673,6676,6678,6683,6677,6680,6671,6667,6665,5774,6666,6682,6670
7113,6600,6377,5812,6406,6407,6236,6030,6034,6033,6421,5795,5405,5403,5402,6698,5702,5513,5511,5512
6649,6651,6243,5347,6253,6254,6257,6242,6240,6415,6263,7032,6330,6416,5383,6417,6410,6412,6259,6248
6499,6500,6501,6377,6238,6239,6250,6260,1353,6377,6238,6239,6250,6260,6574,6576,6584,5387,6580,6578
7107,6618,5391,6619,5775,6940,6943,5392,6950,6948,6945,6954,6952,5348,6956,6304,6306,6310,6311,1353
6389,6390,6308,6524,6530,7105,6314,6313,5386,7031,6408,5380,5378,6164,5777,7038,6033,6421,5795,5405
5403,5402,6698,5702,5513,5511,5512,6649,6651,6243,5347,6253,6254,6257,6242,6240,6415,6330,6414,6241
6256,6255,6246,6252,6237,6244,6652,6650,5509,5510,5514,5701,6697,5401,5404,5406,5794,6031,7035,7037
7036,6163,5377,5379,6407,6415,6329,6332,5483,5323,6663,6410,6412,6259,6248,6499,6500,6501,6418,5382
6404,6265,5334,6266,6262,5305,6268,6264,5467,5420,5408,5454,5340,5341,5344,5882,6201,6425,6422,6429
6424,6918,6920,6921,6919,6917,6750,6747,6746,6751,5524,5525,5630,6423,6426,6431,6731,6727,6734,6723
5729,5731,5728,5434,5457,6425,6422,6429,6424,6918,6920,6921,6919,6917,6750,6747,6746,6751,5524,5525
5630,6423,6426,6431,6731,6727,6734,6723,5729,5731,5728,5434,5457,6718,6724,6726,6735,6425,6422,6429
6424,6918,6920,6921,6919,6917,6750,6747,6746,6751,5524,5525,5630,6423,6426,6431,6731,6727,6734,6723
6718,6724,6726,6735,6489,6494,6487,6492,7131,7136,6127,6463,5834,5831,7144,7101,7102,7103,7145,7146
7066,7062,7071,5559,5537,5556,6708,6702,6707,6704,6703,5836,5748,6489,6494,6487,6492,7131,7136,7134
7138,7132,6548,6546,6555,6541,6549,6439,6438,5612,7043,6160,6162,6327,6324,6563,6710,6501,6245,6247
5331,6411,6409,6418,5382,6404,6329,6415,6263,7032,6258,6241,6256,6255,6246,6252,6237,6244,6652,6650
5509,5510,5514,5701,6697,5401,5404,5406,5794,6031,6032,6029,6235,6408,6405,5345,5811,6377,6501,6245
6247,5331,6411,6409,6664,5322,5482,6331,6330,6414,6506,6507,6509,6511,5301,6690,6692,6694,5578,5567
5565,5569,5564,5582,5571,5576,5573,5584,5579,5359,5400,5395,5399,5397,5337,6804,6801,6800,6448,6449
6451,5372,6898,6896,6897,6899,1484,5971,5590,5593,5587,5309,5586,5662,5667,5669,5668,5664,6640,6643
6537,6539,6876,6871,6866,6873,6868,6875,6877,6864,5864,5856,5948,6506,6509,6511,5302,5301,6690,6692
6694,5578,5567,5565,5569,5564,5582,5571,5576,5573,5584,5579,5359,5400,5395,5399,5397,5337,6804,6801
6800,6448,6449,6451,5372,6898,6896,6897,6899,1484,5970,6014,5990,5898,5950,5936,5917,5999,5902,5973
5908,5918,5955,6017,5907,5983,5939,5880,5890,5896,5951,5874,5876,5934,5877,5882,5948,5883,5885,5887
5889,5929,5987,5943,5893,5956,5996,5903,5915,5909,5938,6019,5952,5913,6741,6473,6475,6474,6478,6479
6468,6470,6471,5352,6482,6485,6489,6494,6487,6492,7131,7136,7134,7138,7082,7132,6553,6550,6543,5553
5561,7073,7072,7063,5326,7076,7067,7064,7074,7069,6395,6394,6398,6188,479,6529,6839,6523,6524,6530
6516,6527,6526,5924,6003,5978,5946,5967,5899,5963,5870,6009,6023,5927,5911,6007,6813,6809,6448,6449
6451,5372,6898,6558,6295,6297,6300,6298,6842,5362,5361,5363,5366,6810,6169,6170,6168,6227,6819,6559
6440,6878,656,15708,16164,16165,16169,15619,16166,16172,16174,15621,15622,15797,16160,16167,16258,16299,16272,16304
16275,16136,16470,16457,16459,16469,16460,16467,16458,16472,16449,16461,16447,16455,16454,15997,16452,15907,15980,15993
16003,16000,16191,16132,16189,656,15708,16164,16165,16169,15619,16166,16172,16174,15621,15622,15797,16160,16167,16309
16348,16690,16696,16703,16698,15916,15922,15938,15933,15914,15937,15917,15930,15912,15919,15872,15875,15876,15871,15869
15866,15666,16652,15747,15754,15739,15750,15749,15755,656,15708,16164,16165,16169,15619,16166,16172,16174,16163,16160
16167,16258,16299,16272,16304,16275,16136,16470,15861,15858,15639,15644,15640,16684,15778,16226,15643,16591,15642,16571
16573,16575,16569,16695,16688,16691,16702,16698,16309,16348,16690,16696,656,15708,16164,16165,16169,15619,16166,16172
16174,16163,16160,16167,16258,16299,16272,16304,16275,16311,16119,16268,16279,16288,16261,16291,16326,16333,16567,16563
16565,16564,16334,16329,16330,16341,16325,16297,16264,16302,16699,16703,16701,16627,16633,16629,16632,16634,16338,16257
16282,16285,16271,16308,15916,15922,15938,15933,15914,15937,15917,15930,15932,15912,15919,15872,15875,15876,15871,15869
15866,15754,15739,15750,15749,15745,15755,656,15708,16164,16165,16169,15619,16166,16172,16174,16163,16160,16167,16258
16299,16272,16304,16275,16311,16119,16268,16279,16288,16261,16291,16326,16333,16567,16563,16565,16564,16334,16329,16330
16341,16325,16297,16264,16302,16699,16703,16701,16627,16633,16629,16632,16634,16338,16257,16282,16285,16271,16308,15916
15922,15938,15933,15914,15937,15917,15930,15932,15912,15919,15872,15875,15876,15871,15869,15866,15879,15864,15880,15671
15666,15668,16652,15810,15747,15754,15739,15750,15749,15745,15755,656,16534,16528,16509,16524,16518,15784,15783,15781
15674,15647,16710,656,16534,16528,16509,16524,16518,15784,15783,15781,15674,16204,16209,16213,16207,16210,16657,16623
16625,16710,656,16656,16195,16157,16197,16203,16201,16193,16198,16185,16018,16055,16045,16023,16642,16048,16061,16029
16042,16052,16049,16064,16067,16035,16020,16087,16034,16032,16062,16073,16043,15637,15636,16661,16059,16038,15695,15694
15693,16409,16413,16411,15830,15901,16667,16664,16140,16139,16077,16069,16017,15616,15843,16399,15800,16123,15698,15828
15701,16609,657,16877,17252,17206,17238,17248,17251,17247,17235,17232,17249,17244,17236,17239,16965,16968,16958,16959
16956,16961,16870,16967,16964,17091,17089,17093,17008,17007,17228,17223,17224,17227,17230,16909,16908,657,16934,16944
16947,16951,16943,16950,16946,17158,17161,17170,17152,17168,17203,17201,17198,17202,17197,17199,17200,16891,16892,17260
17264,17262,17256,17257,17258,17261,17255,17169,17160,17052,17159,16945,16949,16948,17204,1678,657,16934,16944,16947
16951,16943,16950,16946,17158,17161,17170,17152,17168,17203,17201,17198,17202,17197,17199,17200,16891,16892,17260,17264
17262,17256,17257,17258,17261,17255,17169,17160,17052,17159,16945,16949,16948,17204,657,657,17060,17059,17062,16907
16906,16952,17097,17096,16908,17231,17226,16910,16911,16916,16914,16917,16913,16989,16988,16987,16942,17108,16875,17107
16874,17022,16878,17000,17092,17085,17088,16869,16915,16912,16918,17227,17230,16909,17098,16953,16904,16905,17061,16895
1678,657,17060,17059,17062,16907,16906,16952,17097,17096,16908,17231,17226,16910,16911,16916,16914,16917,16913,16989
16988,16987,16942,17108,16875,17107,16874,17022,16878,17000,17092,17085,17088,16869,16915,16912,16918,17227,17230,16909
17098,16953,16904,16905,17061,16895,657,657,17122,17121,17124,17079,17080,17082,17253,17254,17118,17002,17001,17081
17084,17078,17083,17119,17120,17123,1678,657,17122,17121,17124,17079,17080,17082,17253,17254,17118,17002,17001,17081
17084,17078,17083,17119,17120,17123,657,657,17122,17121,17124,17110,17117,17114,16873,17126,17112,16926,16933,17109
17113,17125,17118,16872,17115,17116,17111,17119,17120,17123,1678,657,17122,17121,17124,17110,17117,17114,16873,17126
17112,16926,16933,17109,17113,17125,17118,16872,17115,17116,17111,17119,17120,17123,657,657,17156,17162,17150,17166
17155,17163,17153,17158,17051,17057,17054,17055,17037,16990,16997,16995,16998,16898,16896,16903,16900,16880,17048,17050
17047,17044,17041,17042,17031,17033,17035,17056,17053,17058,17052,17159,17165,17164,17154,17167,17151,17157,1678,657
17156,17162,17150,17166,17155,17163,17153,17158,17051,17057,17054,17055,17037,16990,16997,16995,16998,16898,16896,16903
16900,16880,17048,17050,17047,17044,17041,17042,17031,17040,17033,17035,17056,17053,17058,17052,17159,17165,17164,17154
17167,17151,17157,657,657,17156,17162,17150,17166,17155,17163,17153,17158,17051,17057,17054,17055,17037,17034,17039
17032,17038,17036,17043,17046,17045,17049,16881,16901,16902,16897,16899,16992,16994,16996,16991,16993,17035,17056,17053
17058,17052,17159,17165,17164,17154,17167,17151,17157,1678,657,17156,17162,17150,17166,17155,17163,17153,17158,17051
17057,17054,17055,17037,17034,17039,17032,17038,17036,17043,17046,17045,17049,16881,16901,16902,16897,16899,16992,16994
16996,16991,16993,17035,17056,17053,17058,17052,17159,17165,17164,17154,17167,17151,17157,657,657,17156,17172,17174
17176,17004,16889,16890,16888,16885,16886,16937,16868,17094,16866,16936,16939,16938,17158,17161,17263,17259,16985,16983
16984,16986,17205,16867,16935,16887,17003,17005,17173,17175,17171,17157,657,6583,6623,6612,6614,7107,6613,6582
6533,6531,6175,6275,6271,6273,6129,6934,6936,6937,6939,5477,5332,6386,6387,6762,6964,6967,6965,6879
6880,6763,5328,6767,6960,6970,6958,6814,6589,5579,5359,6938,6420,6272,6274,6270,6181,6176,6091,6096
6090,6093,6944,6941,5776,6626,6611,6617,6613,6579,5388,6583,6577,6575,6073,6261,6249,7051,7049,5312
6589,6586,5583,5574,5577,6119,6124,6120,6123,6839,6523,6524,6530,6516,6527,6845,5830,5827,7108,6795
6792,6798,6790,6793,6887,6886,6598,6597,6224,5721,5724,6222,6027,6696,6219,6208,6216,6211,6209,6529
6839,6309,1353,6605,6602,6603,6087,6086,6135,6139,6142,6137,6140,6134,6131,6145,6504,7017,5926,6172
6183,6182,6180,6101,6105,6890,6323,6321,6317,6318,5763,6519,6024,6027,6598,6597,6224,5721,5724,6222
6219,6208,6216,6211,6209,1353,6613,6582,6533,6531,6175,6275,6271,6273,6129,6934,6936,6937,5758,6939
5477,5332,6386,6387,6762,6964,6967,6965,6879,6880,6763,5328,6767,6960,5718,5712,5715,5716,6558,5717
5714,5713,5719,6958,6814,6622,6612,6614,6618,5391,6619,5775,6940,6943,6094,6089,6095,6092,6625,5628
7111,6249,6251,5780,5787,5784,5789,5785,5790,5783,5782,5779,7051,7049,5312,7048,7045,7052,6585,6374
5699,5700,5307,6787,6786,6785,5310,6645,6377,6627,6392,6397,6396,6393,7070,7075,7065,7068,7077,5813
6699,6700,6705,6706,6701,6709,5555,5536,6062,6563,6710,6644,6537,5314,6876,6871,6866,6868,6875,6128
6902,5527,6644,7168,7169,7167,6573,5742,5741,5744,5743,6537,5314,6876,6871,6866,6868,6875,6128,6902
5527,6656,6341,5325,7058,7054,7055,6369,6556,5658,5656,6654,6633,6632,6639,5792,5793,7116,5428,6656
6341,5325,7058,7054,7055,6369,6556,5658,5656,6654,6633,6632,6639,5792,7116,5527,6660,6659,6661,7078
5507,6116,6118,6102,6098,6911,6910,6907,6903,6905,6567,6084,6150,6149,6152,6147,5681,6339,6334,6336
6110,6113,6106,6104,6111,6101,6105,6894,6662,5616,5617,5623,5613,7041,6522,6839,6523,601,6319,6314
6313,5851,5389,7099,5830,5827,5487,5489,6838,5655,6795,6792,6996,6991,7010,6883,6893,5685,6173,6186
6177,6185,6275,6271,6273,6129,6934,6936,6937,5760,5758,6939,6685,6687,6689,6688,5368,6684,6686,5521
5522,5523,6648,6647,6646,5844,5840,5845,5839,5841,5847,5837,5858,5865,5868,5864,5856,6201,5349,669
15530,15590,15541,15480,669,15576,15494,15575,15516,669,15585,15519,15479,15502,15480,6694,5578,5567,5565,5569
5564,5582,5571,5576,5573,5584,5579,5359,5400,5395,5399,5397,5337,6804,6801,6800,6448,6449,6451,5372
6898,670,21184,21181,670,21184,21215,670,21184,21235,21181,671,1670,671,17994,1670,671,17996,17727,385
671,18046,17776,17775,17950,6710,6064,6063,5537,5556,6708,6702,6707,6704,6703,5836,5835,7076,7067,7064
7074,7069,6395,6394,6398,6188,6627,6710,6325,6326,6158,6161,6159,7044,5612,6437,6436,6551,6542,6554
6545,6544,7133,7137,7130,6493,6495,6490,6717,7060,5662,5672,5667,5669,5668,5660,5505,5705,5300,6735
6725,5735,5734,5737,5430,6562,6564,6498,6496,5803,5800,5992,6606,5796,6194,6192,6190,6196,6735,6725
5772,5773,6360,5703,5424,5433,5727,5732,5730,6736,6728,6733,6732,6430,6427,6428,6425,6422,6429,6424
6918,6920,6921,6919,6917,6750,6747,6746,6751,5524,5525,5630,6735,6725,6736,6728,6733,6732,6430,6427
6428,6425,6422,6429,6424,6918,6920,6921,6919,6917,6750,6747,6746,6751,5524,5525,5630,6741,6473,6475
6474,6478,6479,6468,6470,6471,5352,6482,6485,6489,6494,6487,6492,7131,7136,7134,7138,7132,6553,6550
6543,5553,5561,7073,7072,7063,5326,7076,7067,7064,7074,7069,6395,6394,6398,6188,479,6741,6473,6475
6474,6478,6479,6468,6470,6471,5352,6482,6485,6489,6739,6738,6464,6566,6737,6494,6487,6492,7131,7136
7134,7138,7132,6553,6550,6543,5553,5561,5559,5537,5556,6708,5751,5745,5747,5749,5835,6743,6281,6283
6285,6289,6292,6276,5438,5471,5425,5432,5460,5453,5634,5638,5635,5914,5904,5997,6830,6821,6831,6834
6823,6829,6825,5434,5457,5416,5452,5429,5415,5412,5329,7119,6743,6281,6283,6285,6289,6292,6276,5438
5471,5425,5848,5852,5853,5849,5432,5460,5453,5634,5638,5914,5904,5997,6830,6821,6831,6834,6823,6829
6825,5434,5457,5416,5452,5429,5415,5412,5329,7119,6744,5645,5652,5647,5649,5562,5530,5531,5533,5528
5544,6060,6446,6865,5367,6744,5960,5964,5972,7155,7156,7153,7164,7157,7165,7159,5475,5447,5444,5458
5449,5463,6277,6280,6051,5354,6055,6048,6047,6053,6046,6044,5698,6744,5960,5964,5972,7155,7156,7153
7164,7157,7165,7159,7149,5698,6744,6287,7087,7085,5652,5647,5649,5562,5530,5531,5533,5528,5544,6060
6760,6739,6738,6464,6848,6847,6855,6846,6860,6853,6854,6849,6850,6857,5520,5517,5422,5461,6913,6914
6915,6807,5399,6807,5767,6814,6959,5718,5712,5715,5716,6558,5717,5714,5713,5719,6961,6766,5330,6764
6765,6881,6962,6968,6963,6966,6761,6388,6385,5327,5478,5758,6939,5757,6938,6420,6272,6274,6270,6174
6532,6534,6581,7107,6814,6959,6969,6961,6766,5330,6764,6765,6881,6962,6968,6963,6966,6761,6388,6385
5327,5478,6939,5757,6938,6420,6272,6274,6270,6174,6532,6534,6581,6579,5388,6583,6814,6959,6969,6961
6766,5330,6764,6765,6881,6962,6968,6963,6966,6761,6388,6385,5327,5478,6939,5757,6938,6420,6272,6274
6270,6174,6532,6534,6581,6579,5388,6583,6623,6819,6809,6900,7084,7140,5645,5562,5533,6060,5726,6553
5561,5749,5835,6836,6745,6749,5630,6423,6426,6431,6731,6727,6734,6723,6718,5772,5773,6360,5703,5457
6836,6830,5710,5708,5636,5637,5643,5644,5641,5640,5633,5639,5299,6456,6453,6455,6459,6458,5338,6457
6460,6454,5419,6831,6834,6823,6829,6825,5434,6836,6830,5710,5708,5636,5637,5643,5644,5641,5640,5633
5639,5299,6456,6453,6455,6459,6458,5338,6457,6460,6454,5419,6831,6834,6823,6829,6825,5434,5457,6843
5369,5797,6635,6636,6630,5466,5428,5443,7115,5793,6849,7080,7079,7081,6364,6365,6366,6367,7135,7131
6127,6444,7147,6463,6461,5816,5548,5551,5538,5541,5547,5543,5535,5550,6849,7080,7079,7081,6364,6365
6737,6494,6487,6492,7131,5755,5753,6756,5538,5541,5547,5543,5535,5550,6878,6835,7160,7150,7158,7163
7161,7151,7152,7154,6559,6440,6885,6888,6794,6797,6799,6791,6796,7108,5828,5829,6844,6525,6517,6518
6515,6840,6122,6121,6125,5571,5576,5573,5584,6587,6590,6894,5350,6100,6112,6103,6107,6114,6109,6335
6333,6340,5680,6146,6151,6148,6082,6083,6568,6906,6904,6908,6909,6097,6108,6117,6115,6009,6023,6660
6898,6896,6897,6899,5371,6452,6450,6810,6812,5994,6008,6010,5928,6022,5875,5871,5303,5905,5945,5979
6004,5925,6519,6525,6517,6518,6515,6529,6900,6810,6229,6227,6817,6959,6007,5957,6811,6808,6930,6901
6898,6896,6897,6899,1484,6912,6535,5518,5515,5516,5519,6856,6858,6852,6861,6851,6566,6488,6930,6931
6932,7129,5315,6302,5717,5714,6813,6229,6227,6817,6959,6007,6809,6900,6939,5477,5332,6386,6387,6762
6964,6967,6965,6879,6880,6763,5328,6767,6960,6970,6958,6816,6231,6233,7022,7027,7021,7026,6143,6138
6384,6381,6379,6378,5399,6939,5757,5759,6938,6420,6272,6274,6270,6181,6176,6178,6187,5679,6883,6894
6884,7009,6992,6995,6791,6796,6838,5655,5488,5486,5828,5829,5654,5390,5850,6320,6315,5318,602,6529
6521,6520,7040,7042,5614,5624,5615,5618,6662,6939,5757,7104,5689,5684,5681,5683,5679,6883,6893,602
6976,6983,6977,6989,6987,6981,6979,6973,6971,6986,5821,5820,5321,7024,5369,5797,6635,6636,6630,5466
5473,5428,7016,5574,5577,6119,6124,6120,6123,6571,6572,6570,6569,5373,5491,5313,5490,5492,6933,5621
5619,5616,5617,5623,5613,7041,7019,5899,5963,5499,5504,5498,5502,5500,6116,6118,6102,6098,6911,6910
6907,6903,6905,6567,5689,5684,5676,5681,6339,6334,6336,6110,6113,6106,6104,6111,6101,6105,6893,6323
6321,7034,6895,6844,5765,7095,7100,7093,7092,5386,6402,6400,7015,6357,6354,6358,6356,6347,6352,6349
7142,7141,5320,7023,5825,5824,5826,6985,6972,6974,6980,6982,6988,6990,6978,6984,6975,6362,5706,6363
6078,6075,6077,5882,6201,7120,7114,6200,6204,6203,7115,5793,7030,6789,6714,6716,6712,472,6392,6397
6396,6393,7070,7075,7065,7068,7077,7066,7062,7071,5558,5540,5554,5552,6547,6552,6548,6546,6555,6541
6549,6439,6438,5612,7031,6403,5385,6320,6315,7106,6518,6515,6309,6389,6390,7039,6156,5384,6157,5308
5862,5860,5867,5855,5858,5865,5868,7040,7042,5614,5624,5615,5618,5622,5620,6571,6572,6570,6569,5373
5491,5313,5490,5492,6933,6122,6121,6125,5571,5576,7016,7046,5311,7050,7047,6239,6250,6260,6574,6576
6584,5387,6580,6578,7107,6618,5391,6619,5775,6940,6943,6094,6089,6095,6092,6185,6275,6271,6273,6129
6934,6936,7104,5358,6587,6590,7090,7088,5674,5683,5687,6112,6103,6107,6114,6109,6338,6837,5809,5484
5696,5946,5967,6502,7091,6399,6784,6771,6775,6779,6782,6780,6777,6773,6770,6774,5972,6474,6478,6042
6040,6036,6038,5374,5533,5528,5544,6060,7117,5857,5861,6863,6872,6874,6869,6867,6870,6540,6538,6536
5376,5806,6641,5671,5665,5661,5670,5666,5663,5591,5588,5592,5589,1484,5971,6898,6896,6897,6899,5371
6452,6450,6447,6803,6802,6805,5335,5394,5398,5396,5358,5580,5583,5574,5577,5572,5585,5566,5568,5581
5575,5570,6695,6693,6691,5393,6513,6512,6510,6505,7118,5947,5881,5343,5804,6872,6058,5632,6465,5843
5846,5596,5599,5604,5595,6067,6071,6069,6072,6065,5860,6928,6466,5720,6059,6057,6877,5805,5342,5882
5948,7118,7119,5883,5336,5413,5414,5430,5451,5417,5456,5424,5433,6824,6828,6820,6826,6832,6833,6822
6827,5996,5903,5642,5636,5637,5426,5439,5431,5472,5470,5437,6279,6291,6290,6293,6284,6288,6294,6282
5959,6743,7119,5883,5336,5413,5414,5430,5451,5417,5456,5424,5433,6824,6828,6820,6826,6832,6833,6822
6827,5996,5903,5642,5636,5637,5426,5439,5431,5848,5852,5853,5849,5472,5470,5437,6279,6291,6290,6293
6284,6288,6294,6282,5959,6743,7170,7209,7208,7307,7303,7305,7232,7229,7330,7285,7177,515,7321,7367
7455,7416,7324,7216,7227,7223,7215,7222,7225,7217,7174,7195,7193,7294,7396,7316,7469,7471,7463,7466
7467,7464,7460,7293,7299,7350,7349,7347,7345,7344,7342,7351,7274,7269,7263,7270,7262,7264,7271,7448
7339,7334,7336,7331,7196,7199,7417,7322,7324,7447,7294,7396,7316,7458,7360,7353,7355,7358,7452,7203
7204,7202,7205,7207,7206,7172,7297,7184,7296,7389,7388,7257,7255,515,7294,7396,7316,7469,7471,7463
7466,7467,7464,7460,7293,7299,7350,7349,7347,7345,7344,7342,7351,7296,7389,7388,7260,7433,7434,7430
7403,7402,7400,7401,7440,7445,7437,7443,7439,7276,7192,7326,7319,7450,7362,7294,7396,7316,7458,7360
7353,7355,7358,7452,7203,7204,7202,7205,7207,7206,7172,7297,7184,7310,7313,7423,7420,7421,7426,7429
7369,7261,7277,7282,7280,7278,7373,7377,7371,7376,7294,7396,7316,7458,7360,7353,7355,7358,7452,7203
7204,7202,7205,7207,7206,7172,7297,7184,7324,7216,7227,7223,7215,7222,7225,7217,7174,7195,7193,7294
7396,7316,7469,7471,7463,7466,7467,7464,7460,7293,7299,7350,7349,7347,7345,7344,7342,7351,7370,7284
7290,7291,7383,7409,7408,7410,7405,7407,7359,7356,7354,7357,7457,7317,7395,7295,7446,7325,7419,7322
7418,7198,7197,7332,7337,7333,7335,7338,7267,7275,7265,7266,7272,7273,7268,7370,7284,7290,7291,7383
7409,7408,7410,7405,7407,7359,7356,7354,7357,7457,7317,7395,7295,7446,7415,7454,7368,7320,1348,7178
7181,7183,7187,7185,7190,7385,7404,7370,7284,7290,7292,7382,7406,7408,7410,7405,7407,7359,7356,7354
7357,7457,7317,7395,7295,7361,7449,7318,7327,7191,7301,7438,7442,7436,7444,7403,7402,7400,7401,7441
7431,7435,7432,7259,7387,7390,7296,7370,7284,7290,7292,7382,7406,7408,7410,7405,7407,7359,7356,7354
7357,7457,7317,7395,7295,7375,7372,7378,7374,933,7281,7283,7279,7323,7261,7425,7427,7422,7424,7428
7312,7311,7370,7284,7290,7292,7382,7406,7408,7410,7405,7407,7359,7356,7354,7357,7457,7317,7395,7295
7375,7372,7378,7374,933,7281,7283,7279,7398,7414,7411,655,7381,7379,7370,7284,7290,7292,7382,7406
7408,7410,7405,7407,7359,7356,7354,7357,7457,7317,7395,7295,7398,7414,7411,655,7381,7379,7379,7380
655,7399,7239,7236,7235,7233,7364,7366,7242,7472,7277,7282,933,7278,7373,7377,7371,7376,7386,7389
7388,7257,7255,515,7294,7396,7316,7469,7471,7463,7466,7467,7464,7460,7293,7299,7350,7349,7347,7345
7344,7342,7351,7379,7380,655,7412,7414,7397,7277,7282,7280,7278,7373,7377,7371,7376,7294,7396,7316
7458,7360,7353,7355,7358,7452,7203,7204,7202,7205,7207,7206,7172,7297,7184,7379,7380,655,7412,7414
7397,7294,7396,7316,7458,7360,7353,7355,7358,7452,7203,7204,7202,7205,7207,7206,7172,7297,7184,7404
7384,7189,7186,7188,7182,7180,7179,515,7321,7367,7455,7416,7447,7294,7396,7316,7458,7360,7353,7355
7358,7452,7203,7204,7202,7205,7207,7206,7172,7297,7184,7507,7514,8491,8498,8499,11917,11773,11776,11778
11779,11781,11783,11785,11795,11788,11790,11792,11803,11793,11799,11794,11797,8419,8415,8416,10901,7515,7511,7517
7518,7612,9162,9163,9159,9160,9161,7551,9427,9428,9430,9432,9434,9436,9438,9440,9471,9443,9446,9447
9477,9449,9452,9483,9468,9453,9463,9481,9455,9457,9475,9464,9201,7515,7511,7517,7518,7612,9162,9163
9159,9160,9161,7551,9427,9428,9430,9432,9434,9436,9438,9440,9471,9443,9446,9447,9477,9449,9452,9483
9468,9453,9463,9481,9455,9457,9475,9464,9201,7898,8370,8372,8406,8373,8376,8377,8380,8382,8383,8385
8388,8359,8403,8362,8412,8396,8400,8390,8398,8393,8397,8410,8404,8409,8363,8365,7548,8366,8368,8391
9127,9150,9142,7595,8861,8446,7515,7511,7517,7518,7612,9162,9163,9159,9160,9161,7551,9427,9428,9430
9432,9434,9436,9438,9440,9471,9443,9446,9447,9477,9449,9452,9483,9468,9453,9463,9481,9455,9457,9475
9464,9469,9202,7519,7514,7512,8520,7920,12016,11111,11112,8336,12005,12007,10918,10917,12092,12118,12006,12071
12070,7862,10679,10373,10374,7521,8027,8788,8337,8339,8612,8609,8614,8607,8604,8618,8615,8610,8470,9568
9581,319,7678,11425,7823,11406,11409,11423,11403,7808,11399,7774,11411,11407,9252,9639,11181,11179,11183,9249
9250,10575,8920,8894,11377,11386,7677,7661,7660,7670,7673,7666,7668,7664,7636,7635,10300,404,10299,7634
11207,11209,10362,10361,11149,11148,10383,9767,9802,7722,8511,8518,8493,11915,11397,11270,11275,11383,11291,11295
11324,11389,11333,11381,11308,11359,11372,1334,11348,11332,11379,11391,11392,11327,8927,7722,8511,8518,8519,8493
8499,11915,11817,11397,11268,11269,11270,11303,11272,11274,11275,11277,11280,11282,11284,11383,11286,11291,11289,11339
11295,11364,11335,11368,11324,11314,11297,11292,11389,11322,11311,11365,11333,11337,11361,11351,11304,11381,11370,11301
11308,9236,8777,11347,11328,11385,11359,11380,11350,11306,11372,1335,11394,11319,10325,10315,10312,10309,10308,10306
10320,10304,10301,10300,405,10323,10295,10318,10316,10298,12088,9602,11538,11811,11809,7722,8511,8518,8519,8493
8499,11915,11817,11397,11268,11269,11270,11303,11272,11274,11275,11277,11280,11282,11284,11383,11286,11291,11289,11339
11295,11364,11335,11368,11324,11314,11297,11292,11389,11322,11311,11365,11333,11337,11361,11351,11304,11381,11370,11301
11308,9236,8777,11347,11328,11385,11359,11380,11350,11306,11372,1335,11394,11319,11348,11298,11344,11316,11332,11355
11362,11379,11391,7535,11315,11392,11376,11373,11327,10575,8925,7797,10409,10412,10414,10415,10421,11725,11720,8094
8098,8097,8095,8101,11589,11583,11581,11585,11571,11591,9851,9848,9849,9850,9619,11071,11061,8414,8418,8415
8071,11570,11586,9077,9074,9073,9078,9072,8874,8885,8872,8889,8865,8893,8111,8119,8115,8130,8124,8127
8118,8110,8122,8113,10419,11724,11722,11727,11098,10016,10008,10006,10004,10002,11057,11053,10352,11050,11046,11048
11047,11055,7933,11878,11879,7506,7499,7501,7504,7513,7514,7512,7516,7517,7518,7610,10123,10124,10120,10117
10129,10115,8071,11570,11586,9077,9074,9073,9078,9072,8874,8885,8872,8889,8865,8893,8111,8119,8115,8130
8124,8127,8118,8110,8122,8113,10419,11724,11722,11727,11098,10016,10008,10006,10004,10002,11057,11053,10352,11050
11046,11048,11047,11055,7933,11878,11879,7506,7499,7501,7504,7513,7514,7512,7516,7517,7518,7610,10123,10124
10120,10117,10129,10126,10130,8071,11570,11586,9077,9074,9073,9078,9072,8874,8885,8872,8889,8865,8893,8111
8119,8115,8130,8124,8127,8118,8110,8122,8113,10419,11724,11722,11727,11098,10016,10008,10006,10004,10002,11057
11053,10352,11050,11046,11048,11047,11055,7933,11878,11879,7506,7499,7501,7504,7513,7514,7512,7516,7517,7518
7610,10123,10124,10120,10117,10129,10126,10130,10136,10135,10137,7779,10132,10138,7884,11932,10134,10133,10131,8105
10961,10963,10958,10965,10954,10957,10953,7701,7700,9117,320,9586,9576,9578,9583,9579,9587,9570,9590,9572
9596,9595,9592,8131,9260,8534,8511,8518,8490,8498,8499,8575,8503,9676,9664,9658,9672,9661,9659,9667
9669,9678,9679,9663,10199,10201,10205,10198,10203,11067,11062,11084,11085,7827,7829,7831,7830,11795,7848,7845
7842,10458,10464,10469,10461,10462,8094,10489,10470,10492,10494,10481,10487,10483,10479,10473,10466,10497,10485,10500
10477,10499,10491,10475,10025,10019,10022,10023,10017,9629,9628,9634,9625,9632,9624,9622,8138,10898,10903,10910
10900,10908,10905,11711,11698,11696,11705,11714,11716,11708,11710,11701,11693,7835,11718,11700,8138,10898,9848,9849
9328,9327,9314,9313,9325,9338,9310,9321,7509,9312,9317,9320,9333,9330,9337,9332,9307,9323,9722,9731
9740,9727,9732,9725,9739,9737,9719,9729,9721,8748,8138,10898,9848,9849,9328,9327,9314,9313,9325,9338
9310,9321,7509,9312,9317,9320,9333,9330,9337,9332,9307,9323,9722,9731,9740,9727,9732,9725,9739,9737
9719,9729,9721,9736,8203,8207,11034,10992,11031,10980,10996,10982,10984,10990,11039,9013,9526,9560,9549,9538
9506,8203,8207,11034,10992,11031,10980,10996,10982,10984,10990,11039,9013,9526,9560,9549,9538,9506,11829,827
4832,4824,3590,3592,8415,8416,11570,11586,11580,11582,11590,8100,8102,8096,8099,8093,11721,10417,10422,10416
10413,10411,10410,7796,7783,7786,7788,7790,11608,11606,1463,8419,8415,8416,11601,11908,11902,11896,11895,11904
11231,11245,8745,8739,8741,8744,8746,11365,11333,11337,10688,10066,8028,10866,11115,10065,10687,8442,9912,9882
9904,9909,9886,9898,9887,9875,9873,9915,9906,9900,9920,9894,9892,8785,9880,9902,9918,9878,9895,9872
9910,9890,9884,11870,11868,11872,11864,11867,8155,8146,8154,8143,9098,9104,9099,11874,8173,8158,8169,8165
8161,8160,8175,8164,8172,8171,9020,1048,8445,9244,9021,8323,8326,10545,10553,10971,10977,10968,10970,10975
10972,9689,9686,9691,9685,8479,8476,8485,8484,8472,8481,8474,8482,9875,9873,11999,12001,12002,11998,8335
8328,8334,8327,8331,9840,8952,8951,9461,9466,8825,8827,9474,9749,9746,9755,9752,9750,11125,11129,11144
8690,8446,8860,9130,9141,9129,9128,8405,8367,8401,8364,8408,8411,8392,8402,8389,8399,8395,8413,8394
8361,8360,8387,8386,8384,8381,8379,8378,8375,8374,8407,8371,8369,7897,9202,9459,9476,9458,9456,9480
9479,9482,9467,9484,9451,9450,9478,9448,9445,9444,9472,9441,9439,9437,9435,9433,9431,9429,9426,9425
9424,9460,9454,9442,7611,7528,7526,7524,7523,7515,8447,9912,9882,9904,9909,10167,10170,10174,10178,10172
10161,10164,10165,10173,12054,12057,12062,12058,9373,7615,9372,9371,8459,8458,8350,10685,10686,10367,9035,12067
7623,12024,12022,12020,8993,8995,8991,8987,11252,9834,9832,9300,9306,9304,9298,9302,10255,10432,10433,10270
10290,10245,10210,7493,9422,8467,9702,9717,9715,9718,8355,8352,8354,11028,11014,11001,11026,11013,11032,11005
10653,11960,11951,11964,11958,11954,11949,11966,11971,11968,11956,10827,9033,8469,9388,9383,9386,9939,9962,9969
9938,9282,9287,9274,9284,10959,10962,10893,7631,12079,12076,12081,7616,11616,9683,7810,10886,10889,12027,8007
8775,12015,10197,10185,10184,10913,10914,8774,8762,8496,7516,7517,7518,7612,9162,9163,9159,9160,9161,7551
9427,9428,9430,9432,9434,9436,9438,9440,9471,9443,9446,9447,9477,9449,9452,9483,9468,9453,9463,9481
9455,9457,9475,9464,9202,8496,7577,10426,8497,8499,11915,11817,11397,11268,11269,11270,11303,11272,11274,11275
11277,11280,11282,11284,11383,11286,11291,11289,11339,11295,11364,11335,11368,11324,11314,11297,11292,11906,11887,11884
11882,11881,8498,8499,8575,8503,9676,9664,9658,9672,9661,9659,10266,10292,10239,10237,10276,10212,10241,7559
10281,10294,10286,10236,10259,10243,10264,10251,10271,10267,10214,10215,10273,10262,10280,10217,10274,8631,8632,9475
9464,9204,7898,7893,7904,7890,7905,7896,7903,7899,7907,7886,1374,7877,9859,9860,9864,9868,9869,9862
10860,8531,8545,8548,8552,8550,7864,8555,8565,10701,10698,10732,10946,10942,10926,10929,10945,7806,10933,10927
1680,8629,7692,11857,11852,8299,8851,8852,8843,8842,8840,8846,1680,8641,8635,11140,11143,11138,11117,11136
11128,7769,7756,7770,7737,7740,7760,7768,7766,7762,7736,7738,7759,7742,7750,7748,7747,7745,7753,7752
317,8641,8635,11140,11143,11138,11117,11136,11128,7769,7756,7770,7737,7740,7760,7768,7766,7762,7736,7738
7759,7742,7750,7748,7747,7745,7753,7752,317,11494,8690,11139,11145,11130,11124,9751,9753,9754,9747,9748
9473,8828,8826,9465,9462,8601,9837,9050,8330,8329,8333,8332,11996,11997,12000,9917,9874,8478,8483,8475
8480,8473,8486,8487,8477,8488,9684,9690,9687,9688,11931,10976,10974,10969,10978,10973,10552,9240,8324,8325
9022,9243,8445,8748,8749,8750,7547,9728,9720,9738,9735,9724,9733,9726,9734,9741,9730,9723,9324,9308
9331,9336,9329,9334,9319,9318,9311,7510,9322,9309,9316,9339,9315,9340,9335,9326,9847,10902,10906,8138
8761,11896,11895,11243,11222,11229,11232,11226,11248,11238,11223,11240,11235,11220,10419,10417,10422,10416,10413,10411
10410,10431,10406,10404,11353,10402,10429,10401,10399,7504,7513,7514,8491,8498,8499,8575,8503,9676,9813,9811
9815,10840,10858,10857,10851,10854,10841,10853,10856,10845,10844,10842,10849,10847,9930,9931,8762,10911,10912,10183
10186,12012,12014,8776,8008,10896,10890,9682,7809,11614,11615,12080,12077,10897,10895,10961,10963,9285,9275,9288
9283,9937,9967,9963,9940,9385,9384,9389,8469,8762,10911,10912,10183,10186,12012,12014,8776,8763,8780,9286
9279,9277,9289,9285,9275,9288,9283,9281,9960,9941,9953,10063,11175,11176,11172,11170,8346,8347,8343,10524
10533,10538,10527,10532,10529,10535,10340,10341,10061,10060,8786,10079,10072,10077,10070,10078,10195,10189,7813,10190
10196,10193,9592,9594,9574,9597,9573,9589,9571,9588,9580,9584,9577,9575,9585,316,9119,7702,7638,10956
10955,10964,10959,10962,10894,10885,10892,10888,10063,11175,11176,11172,11170,8346,8347,8343,10537,9780,10536,10524
10533,10538,10527,10062,10342,10339,10534,10528,10531,10523,8790,8789,9702,9717,9715,9718,8355,8352,8354,11028
11014,11001,11026,11013,11032,11005,10653,11960,11951,11964,11958,11954,11949,11966,11971,11968,11956,10827,9033,8805
8807,8809,11604,8811,11101,11099,11726,11723,11725,11720,8094,8098,8097,8095,8101,11578,11589,11583,11584,11581
11585,11571,11591,11577,11596,11574,11593,11599,9870,11760,11816,10376,10378,8218,8221,8229,8233,8226,8228,8213
8211,8234,8230,8236,8219,8215,8216,8261,8254,8271,8244,8267,8247,8258,7594,8265,8269,8249,8421,7869
8424,8437,8425,8439,8438,8434,8432,11349,11342,11395,1336,8808,8811,8812,11605,7789,7787,7785,7784,7799
7793,7804,7794,7791,7801,7802,7782,12084,12086,12083,10289,10235,7732,10288,10260,10266,10292,10239,10237,10276
10212,10241,7559,10281,10294,10286,10236,10259,10243,10264,10251,10271,10267,10214,10215,10273,10262,10280,10217,10274
8631,8632,9475,9464,9470,10220,10278,10285,10221,10223,10249,10224,10225,10228,10229,10231,10291,10234,10246,7493
9423,8881,8878,8879,8867,8516,8515,8513,8579,8540,8536,8510,8508,8504,8577,8502,8500,8492,8520,7920
10955,12016,12013,12010,12012,11456,11426,11433,11430,11442,11451,11440,11434,11458,11454,11446,11449,11438,8543,8533
8470,9568,9581,315,8881,8878,8879,8867,8516,8515,8513,8579,8540,8536,8510,8508,8504,8577,8502,8500
8492,8520,7920,12016,12013,12010,12012,11456,11426,11433,11430,11442,11451,11440,11434,11458,11454,11446,11449,11438
8543,8533,8470,9568,9581,315,8882,8868,8848,8844,8850,8845,8837,8456,9032,11972,11974,11072,11063,11066
8414,8418,8415,8416,11580,9830,9829,9086,9084,9090,9093,9096,9083,9094,9082,7917,7938,7922,7915,10015
7870,11604,11609,11607,11605,7789,7787,7785,7784,7780,8090,8089,8087,8084,8082,8081,8103,8078,8076,8075
8072,7912,7945,12032,8887,8868,8871,8863,8892,8864,8888,8873,8884,8875,8414,8417,8415,8416,11601,11908
11902,11896,11895,11904,11889,11893,11906,11887,11884,11882,11881,8887,8868,8871,8863,8892,8864,8888,8873,8884
8875,8414,8417,8415,8416,11601,11908,11902,11896,11895,11904,11889,11893,11906,11887,11884,11911,11900,11890,8927
11386,11393,11390,11387,11331,11349,1338,11371,11358,11307,11382,11334,11388,11325,11294,11287,11384,11276,11354,11398
11914,8494,8517,8512,7722,8927,8894,11377,11386,7546,11393,12018,11390,11378,11387,11374,11356,11331,11317,11343
11299,11349,11342,11395,1337,11341,11371,11345,11300,11363,11358,11367,11318,11326,8778,9235,11329,11307,11302,11309
11382,11305,11352,11360,11338,11334,11366,11310,11323,11388,11293,11296,11313,11325,11369,11336,11340,11294,11290,11288
11287,11285,11384,11283,11281,11279,11278,11276,11273,11271,11354,11357,11396,11398,11818,11914,8500,8494,8520,8517
8512,7722,9040,9041,10993,10983,10987,11011,11040,11019,11010,11018,11035,11028,11014,11001,11026,11013,11032,11005
9042,10606,10593,10652,10673,10630,10659,10676,10580,10597,10655,10628,10607,10617,9197,9044,9063,9045,9054,9049
7608,9060,9052,9055,9057,10506,10510,10508,10105,10101,10103,9209,11603,11602,9208,9199,10220,10278,10285,10221
10223,10249,10224,10225,10228,10229,10231,8031,8055,8036,8062,8046,8033,8044,8058,8057,8041,8052,8038,9266
9270,9268,9265,9855,9226,7947,9231,9227,9225,9827,7875,11263,1719,9200,9459,9476,8633,8630,8634,10218
10283,10254,10261,10263,10216,10279,10213,10268,10272,10250,10265,10242,10258,10247,10287,10293,10282,8793,8792,8794
10238,10240,10116,10115,9668,9662,9671,9670,9665,9675,8577,8502,8500,8496,9200,9476,8634,10283,10263,10213
10250,10258,10282,8794,10240,10115,9671,9665,11915,11817,12025,12038,12035,12037,1461,9202,9459,9476,9458,9456
9480,9479,9482,9467,9484,9451,9450,9478,9448,9445,9444,9472,9441,9439,9437,9435,9433,9431,9429,9426
9425,9424,9460,9454,9442,7611,7528,7526,7524,7523,7515,9202,9459,9476,9458,9456,9480,9479,9482,9467
9484,9451,9450,9478,9448,9445,9444,9472,9441,9439,9437,9435,9433,9431,9429,9426,9425,9424,9460,9454
9442,7611,7528,7526,7525,8498,9203,9972,9975,9977,9974,9979,9981,11512,11508,11492,11513,11499,11515,11502
11490,11497,11505,11516,11496,11263,1374,7877,9859,7973,9213,9223,9220,9221,9216,9219,8069,8070,8068,9295
9296,11850,8648,8647,8067,7488,7484,7486,7487,10053,7479,7477,7481,10206,7490,7494,7493,9421,9204,7898
7893,7904,7890,7905,7896,7903,7899,7907,7886,1374,7877,9859,9860,9864,9868,9869,9862,10860,9208,10102
10100,10104,10509,10511,10507,9056,7685,9051,9061,7908,9048,9047,9046,9062,9043,8584,8596,8600,8601,9839
9234,9368,9363,9362,8904,8903,8905,8907,8916,8910,8913,8912,11659,11816,11815,11813,10474,10490,10498,10476
10501,10484,11901,11909,11570,11586,9077,9073,9078,9072,8874,8885,8872,8889,8302,8312,8319,8298,8321,8317
8290,8306,8300,8292,8313,8287,8305,8315,10015,10012,10010,9264,9238,8777,8653,8669,8656,8659,8676,8673
8677,8668,8650,8672,9823,7821,9826,8667,11212,11214,11093,11091,11088,8665,8657,8664,8651,10301,10300,407
10379,8420,9790,9801,9799,7543,7545,11197,11196,11194,11192,11190,11186,11187,10575,8926,10576,8528,8525,8529
8522,7520,11729,11735,9700,11059,12019,11087,8341,11161,7730,11162,9239,9362,8904,8903,8907,8910,8913,8912
11663,11670,11674,11671,11668,11660,11665,11305,11352,11360,11334,11310,11323,11906,11884,1680,9264,10009,10011,10013
10014,8286,8316,8304,8288,8314,8291,8303,8307,8289,8318,8322,8297,8320,8295,8301,8864,8888,8873,8884
8875,8414,8417,8415,8416,11601,11908,10497,10485,10500,10477,10499,10491,10475,11812,11814,11676,11658,8909,8914
8911,8915,8908,8906,8902,9364,9361,9360,9365,9234,9289,9285,9275,9288,9283,9281,9960,9941,9953,10063
11175,11176,11172,11170,8346,8347,8343,10524,10533,10538,10527,10532,10529,10535,10340,10341,10061,10060,9294,9044
9063,9045,9054,9049,7608,9060,9052,9055,9057,10506,10510,10508,10105,10101,10103,9209,11603,11602,9208,932
15834,15836,15833,16230,16234,16416,16414,16605,16604,16606,16601,16602,16236,16227,16237,16232,16313,16286,16296,16323
16393,16374,16378,16383,16394,16391,16390,16377,15819,16610,15822,15824,15815,15813,15825,15820,15816,15630,15633,15627
15629,15653,15759,15761,15766,16494,16444,16137,16094,15721,16438,15892,16437,16436,16526,16530,16537,16535,16521,16514
16515,16511,16519,16539,16517,16516,16510,16527,16529,656,15708,16164,16165,16169,15619,16166,16172,16174,15621,15622
15797,16084,16425,16428,16423,16429,15756,932,16110,16101,16106,16103,16109,15854,15625,16675,16650,16648,16123,15698
15828,15701,16609,932,16674,16363,16360,16355,16367,16359,16356,16364,16366,16313,16286,16296,16323,16260,16259,16317
16289,16281,16342,16318,15787,15817,15630,15633,15627,15629,15653,15759,15761,15766,16494,16444,16438,15892,16437,16436
16526,16530,16537,16535,16521,16514,16515,16511,16519,16539,16517,16516,16510,16527,16529,656,15708,16164,16165,16169
15619,16166,16172,16174,15621,15622,15797,16084,16425,16428,16423,15756,932,16674,16363,16360,16355,16367,16359,16356
16364,16366,16313,16286,16296,16323,16260,16259,16317,16289,16281,16342,16318,16305,16292,16340,15772,15759,15761,15766
656,15708,16164,16165,16169,15619,16166,16172,16174,15621,15622,15797,16084,16425,16428,16423,15756,934,19731,19805
19796,19803,19797,19799,934,19743,19816,19745,19742,19747,19826,19705,19706,19738,934,19850,19734,19732,19755,19756
19814,937,12787,12877,13483,13481,13479,13778,12225,13648,13772,937,13252,14030,14028,14029,14031,14025,14766,14759
14769,14752,15160,15157,15159,15158,15156,12622,14750,14754,14765,937,14282,14274,14334,14328,14332,14331,14339,14324
14335,14326,14289,14285,14287,13253,12396,937,14751,14755,12417,12413,12415,14684,14686,14945,14942,12951,12411,15338
15340,13128,13123,13537,13540,13534,13538,13541,13535,13532,937,14822,14824,12803,12807,13204,13208,13205,13757,14521
12801,13133,13135,13883,937,15008,12237,14480,14485,14481,14482,14773,14772,14089,14086,14090,12226,937,15021,15034
15015,15030,15006,12486,15035,15023,15016,12323,13809,13812,13814,14444,937,15155,13350,13397,13398,15392,15056,15057
14226,14224,14223,13813,13817,14998,12657,12655,12871,13811,14079,15094,13708,13699,13696,13694,9387,9960,9941,9953
10063,11175,11176,11172,11170,8346,8347,8343,10524,10533,10538,10527,10532,10529,10535,10340,10341,10061,10060,9421
10210,7492,7491,7480,7476,7478,10054,7485,7483,7489,7482,8069,8070,8068,9295,9296,11850,8648,8647,8067
9218,9215,9224,9217,9222,9214,7974,9863,9858,1676,11264,11495,11517,11506,11498,11491,11501,11504,11489,11500
11514,11493,11509,11507,11511,11510,11503,9980,9973,9978,9976,9982,9203,9422,10211,10244,10275,10269,10257,10252
9301,9297,9299,9303,9305,7723,9831,9833,11252,8986,8992,8994,8989,8990,12021,12023,10564,10560,10084,10558
10562,10556,11694,11704,11719,12064,12065,11104,11106,9378,9382,9374,9377,10175,10169,10168,10176,9241,10545,10553
10548,10544,10547,10554,10550,10541,8334,8327,8331,9841,9422,10211,10244,10275,10269,10257,10252,9301,9297,9299
9303,9305,7723,9831,9833,11252,8986,8992,8994,8989,8990,12021,12023,12068,7619,9037,9036,10366,10368,10684
8349,8460,8461,9370,7614,12055,12059,12061,12056,12060,10162,10166,10163,10160,10171,10179,10175,10169,9908,9905
9881,9913,8444,9423,10210,10209,10256,10233,10232,10230,10227,10226,7989,10248,10253,10222,10284,10277,10219,9202
9459,9476,8633,8630,8634,10218,10283,10254,10261,10263,10216,10279,10213,10268,10272,10250,10265,10242,10258,10247
10287,10293,10282,8793,8792,8794,10238,10240,10116,10115,10114,11452,11436,11437,11453,11445,11441,12085,12087,12082
7781,7803,7800,10207,7795,7805,7792,7798,7783,7786,7788,7790,11608,11606,8810,9494,11036,11000,11022,11006
11020,9709,9707,9711,9704,9702,9717,9715,9718,8489,8619,8813,11539,11540,11542,11551,1663,11963,11960,11951
11964,11958,11954,11949,11966,11971,11968,11956,10827,9033,10567,10915,10916,7817,10569,10568,10824,9496,10979,11009
10985,10995,11017,11025,11834,11821,11829,11823,11841,11825,11839,11833,10791,10789,8795,8801,8803,8799,8797,10870
9498,11941,9547,9508,9559,8208,9256,11728,11184,11109,11108,9499,11945,11941,11933,9509,9547,7773,9522,9533
9563,9518,9520,9554,9507,9548,9559,9009,9014,9003,9015,8999,9020,1684,9006,9004,9018,8997,10677,10665
10638,10586,10601,10611,10583,10613,10578,10672,11684,10667,10622,10590,10657,10627,10624,10669,10598,10595,10626,9398
12004,12003,9844,10338,10614,10662,10619,10588,10599,10643,10641,9137,9136,9135,9132,9140,7595,8861,8448,8860
9130,9141,9129,9128,9126,9124,9122,9121,9153,9143,9149,9156,9146,9151,8988,11251,9499,8832,7688,10768
10761,10755,10743,10762,10756,10745,10753,10802,10741,8723,8706,8721,8730,8768,8766,8771,8782,8772,12075,12073
9291,9293,9391,8682,11768,11837,11822,10798,10795,10801,10799,10800,10793,9002,9011,9009,9014,9003,9015,9020
1044,9502,11945,11941,11933,9509,9547,7773,9522,9533,9563,9518,9520,9554,9561,9507,9548,9559,9009,9014
9003,9015,8999,9020,1684,9503,11945,11941,9558,9512,9555,9539,9551,9565,9504,9517,9514,9542,9528,9524
9530,8352,10879,10882,10881,1663,11970,11963,11960,11951,11964,11958,11954,11949,11966,11971,11968,11956,10827,10823
10834,10837,10832,10829,10831,10825,10821,11641,11644,11646,11648,11640,11642,11645,1235,9507,9548,9559,9009,9000
11038,10989,11041,11002,11003,10997,10981,11030,10991,10998,8206,8204,9519,9550,9532,9541,10760,10771,10759,10767
10766,10746,10757,10750,7724,10820,10813,10811,10808,10805,10810,10814,10817,10818,10804,9541,10760,10771,10759,10767
10766,10746,10757,10750,7724,10820,10813,10811,10808,10805,10810,10814,10817,10818,10804,9592,9594,9574,9597,9573
9589,9571,9588,9580,9584,9577,9575,9585,316,9119,7702,7638,10956,10955,10964,10959,10962,10893,7631,12079
12044,8108,8105,9592,9594,9574,9597,9573,9589,9571,9588,9580,9584,9577,9575,9585,316,9119,7702,7638
10956,10955,10964,10959,10962,10960,8106,8107,12045,12076,12081,7616,11616,9683,7810,10886,10889,12027,8007,8775
12015,12011,12009,12008,12017,9810,7526,7524,7523,10434,9623,9631,9626,9633,9627,9630,10024,10020,10021,10018
11813,10474,10490,10498,10476,10501,10484,10496,10467,10472,10478,10482,10486,10480,10495,10493,10471,10488,8099,8093
10463,10460,10468,10465,7844,7843,7846,7847,7832,7833,7828,7826,11082,11083,11069,11068,11070,11060,9637,9636
10204,10202,10200,9674,9666,9677,9660,9673,9668,9662,9671,9670,9665,9675,8577,8502,8500,8494,8520,8517
8512,9257,9259,7717,10064,8131,9650,9653,9647,9644,10718,10729,9419,9418,9649,7968,7957,7960,7967,7954
7956,1375,9736,11518,9348,8358,8357,8636,8637,8644,8646,11560,11559,11558,9738,9735,9724,9733,9726,9734
9741,9730,9723,9324,9308,9331,9336,9329,9334,9319,9318,9311,7510,9322,9309,9316,9339,9315,9340,9335
9326,9847,10902,10906,8138,9802,10381,10382,11147,11146,10364,10363,11206,11208,10301,10300,407,10299,7672,7675
7663,7665,7667,7659,7674,7658,7671,7669,7662,7676,11373,11327,10575,8921,9251,9248,11182,11180,11178,9640
9247,11408,11412,11419,11400,11416,11404,10513,10512,10514,11925,11928,11929,11922,11923,7678,9835,9050,8330,8329
8333,11465,11462,11460,12127,12124,8185,8182,7683,8183,9342,9343,9346,11858,11860,9657,9655,11043,12112,11772
11771,9414,9416,9411,11203,11204,11200,11201,11758,10052,10050,10033,10028,10042,10036,10039,12041,12043,9100,9105
11876,9836,8952,8951,8950,7711,8586,8587,8589,8592,8594,8598,8603,8755,7632,8759,8760,8753,8751,9921
9923,10331,10334,11533,11535,11530,11141,11132,11131,11127,11120,8689,8696,8699,8698,8691,8701,8693,10113,10112
11679,11681,11732,11730,11737,10570,10572,7599,7601,7603,7598,9132,9140,7595,8861,8450,9756,9757,9407,9408
10692,8180,8177,10365,11256,11255,11257,11249,9839,8952,8951,8950,9044,9063,9045,9054,9049,7608,9060,9052
9055,9057,10506,10510,10508,10105,10101,10103,9209,11603,11602,9208,9841,9050,8330,8595,10542,10549,10555,10546
10543,10551,10552,9240,9242,10177,10167,10170,10174,9376,9375,9380,9381,9379,11107,11105,12066,12063,11692,11703
11709,10557,10563,10559,10085,10561,12024,12022,12020,8993,8995,8991,8987,11252,9834,9832,9300,9306,9304,9298
9302,10255,10432,10433,10270,10290,10245,10210,7493,9422,9842,8952,8951,8950,7714,7710,7720,7681,7719,7713
8643,8640,12028,10871,9198,12029,9843,9050,9681,10540,11619,12052,12046,12049,12050,9806,9601,9599,11471,11473
10356,10358,9821,10032,12110,12102,11687,11808,11804,10041,10027,10031,10034,10033,10028,10042,10036,10039,12041,12043
9100,9105,11876,9845,9050,9053,9059,12125,12119,12128,12129,12121,10330,10326,7620,10327,11218,9845,9050,9053
9059,12125,12119,12128,12129,12121,11215,11217,7609,10328,7617,7621,10329,8627,8625,7628,7629,8623,8620,9027
9030,8856,8859,7691,8855,9212,10057,10058,7694,7696,8938,8201,10047,10046,12114,12099,11806,12108,12104,12112
12106,12115,12100,12110,12102,11683,9851,9848,9849,9850,11071,11061,8414,8418,8415,8416,11570,11586,11580,11582
11590,8100,8102,8096,8099,8093,11721,10417,10422,10416,10413,10411,10410,7796,7783,7786,7788,7790,11608,11606
1463,9897,9896,9877,9911,9901,8784,9916,9903,9919,9893,9907,9914,9917,9874,9876,9888,9899,9885,9908
9905,9881,9913,8442,9919,9893,9907,9914,9917,9874,9876,9888,9899,9885,9908,9905,9881,9913,8442,9931
10848,10850,10846,10855,10852,8451,9816,9819,1680,9931,9925,10848,10843,10850,10846,10855,10852,8451,9816,9819
9817,9812,9809,9814,9818,9665,9675,8577,8502,8500,7524,7523,7527,7529,7505,10398,10400,10423,10403,10425
10405,10407,10430,10409,10412,10414,10415,10421,10427,10418,11219,11234,11239,11224,11237,11247,11225,11233,11230,11221
11903,11894,11897,11901,11909,8761,9999,11555,11553,7725,11552,8462,8463,8464,10141,8065,8063,10139,9024,9023
10575,8919,8894,11377,11386,7677,7661,7660,7670,7673,7666,7668,7664,7636,7635,10300,404

FirstStopIdOfRoute: 1611
---------------------------------------------------------------
0,76,141,153,175,195,212,246,273,299,324,358,378,400,416,501,537,563,609,656
703,720,748,766,816,858,901,962,1020,1032,1052,1072,1079,1104,1187,1231,1251,1275,1297,1313
1339,1351,1362,1376,1381,1393,1420,1461,1478,1496,1530,1608,1652,1685,1707,1738,1775,1836,1857,1900
1924,1949,1956,1972,1994,2017,2028,2034,2128,2221,2247,2249,2308,2381,2403,2455,2492,2519,2560,2579
2589,2603,2670,2704,2790,2854,2881,2910,2971,3034,3049,3101,3138,3162,3173,3192,3275,3294,3357,3392
3436,3472,3520,3551,3583,3617,3653,3687,3694,3717,3762,3785,3802,3840,3896,3959,4006,4050,4078,4095
4124,4159,4193,4233,4279,4369,4407,4421,4432,4466,4483,4512,4560,4581,4589,4607,4627,4695,4744,4806
4855,4877,4918,4941,4990,5001,5027,5067,5133,5173,5214,5265,5332,5350,5405,5420,5502,5542,5555,5581
5622,5678,5688,5699,5704,5711,5751,5790,5835,5872,5881,5892,5922,5974,6014,6070,6094,6132,6149,6163
6183,6222,6276,6322,6377,6396,6476,6498,6524,6565,6580,6630,6689,6719,6817,6853,6877,6960,6983,7007
7027,7052,7070,7089,7102,7116,7132,7165,7235,7256,7296,7322,7352,7361,7372,7390,7412,7427,7447,7542
7595,7650,7696,7770,7824,7871,7891,7914,7942,7966,8035,8055,8077,8094,8103,8116,8121,8124,8129,8133
8162,8170,8211,8251,8257,8307,8358,8374,8392,8405,8411,8449,8473,8565,8588,8608,8683,8712,8733,8751
8761,8784,8839,8902,8917,8973,9028,9063,9108,9115,9196,9279,9349,9423,9485,9498,9536,9575,9637,9689
9709,9719,9777,9809,9840,9880,9896,9922,9956,10000,10012,10025,10039,10052,10089,10103,10125,10150,10165,10186
10188,10191,10193,10205,10230,10250,10289,10314,10337,10341,10370,10397,10433,10444,10462,10464,10483,10507,10550,10595
10630,10657,10740,10822,10847,10866,10898,10922,10962,10978,11010,11027,11053,11131,11156,11164,11197,11235,11275,11320
11361,11363,11415,11467,11487,11514,11550,11602,11639,11666,11691,11747,11800,11856,11862,11889,11892,11895,11904,11913
11922,11930,11939,11945,11952,11961,11969,11978,11998,12069,12116,12161,12170,12209,12243,12272,12295,12329,12350,12374
12417,12447,12492,12505,12525,12586,12644,12680,12722,12778,12792,12819,12853,12903,12926,13009,13091,13110,13117,13140
13164,13178,13192,13199,13203,13206,13212,13217,13220,13224,13231,13281,13313,13343,13357,13443,13491,13568,13616,13705
13780,13852,13932,14013,14029,14081,14111,14120,14179,14226,14264,14315,14360,14404,14462,14505,14531,14548,14578,14600
14632,14667,14702,14710,14719,14725,14746,14769,14791,14809,14827,14849,14907,14948,14972,14976,14981,15000,15030,15078
15080,15083,15085,15087,15089,15092,15094,15096,15098,15100,15103,15105,15107,15109,15111,15113,15115,15117,15142,15169
15198,15228,15264,15304,15325,15350,15355,15368,15382,15390,15411,15415,15433,15451,15487,15492,15550,15569,15593,15610
15659,15738,15776,15778,15831,15942,15967,15994,16046,16049,16107,16163,16166,16171,16210,16213,16215,16232,16269,16295
16321,16353,16384,16415,16442,16469,16488,16497,16506,16518,16531,16539,16552,16562,16576,16599,16627,16641,16654,16678
16707,16728,16791,16815,16867,16871,16906,16949,16966,16983,17012,17041,17056,17074,17081,17085,17090,17098,17103,17109
17114,17138,17153,17155,17172,17204,17214,17240,17273,17323,17349,17386,17404,17423,17446,17470,17488,17529,17550,17560
17587,17614,17643,17661,17689,17739,17779,17789,17826,17850,17868,17896,17917,17921,17943,17965,17986,18009,18015,18028
18038,18060,18069,18088,18126,18144,18177,18193,18214,18241,18252,18268,18289,18306,18334,18336,18343,18379,18403,18421
18425,18430,18436,18463,18474,18479,18502,18505,18513,18515,18519,18524,18528,18533,18539,18544,18548,18567,18589,18610
18632,18639,18662,18697,18709,18757,18793,18842,18847,18876,18891,18916,18941,18983,19015,19027,19036,19075,19108,19130
19156,19172,19189,19213,19242,19272,19299,19337,19359,19376,19394,19407,19454,19462,19491,19504,19545,19581,19619,19658
19673,19692,19703,19747,19769,19809,19823,19835,19892,19916,19939,19961,19977,19999,20040,20060,20090,20121,20165,20194
20237,20250,20286,20299,20322,20333,20343,20357,20365,20401,20454,20511,20517,20549,20567,20591,20600,20618,20649,20688
20708,20730,20755,20801,20807,20840,20875,20901,20916,20961,21008,21034,21064,21094,21102,21120,21145,21164,21175,21194
21234,21277,21299,21310,21327,21339,21349,21382,21390,21403,21437,21468,21505,21528,21550,21650,21665,21682,21711,21720
21756,21779,21797,21812,21828,21855,21871,21897,21913,21930,21949,21966,21975,21997,22018,22033,22040,22055,22083,22098
22122,22146,22166,22201,22222,22264,22299,22326,22350,22384,22401,22422,22442,22463,22469,22477,22495,22517,22527,22545
22570,22594,22621,22679,22745,22756,22765,22775,22782,22797,22813,22821,22832,22848,22872,22895,22916,22937,22952,22986
23009,23025,23057,23071,23095,23138,23179,23222,23238,23242,23277,23308,23342,23377,23415,23432,23461,23472,23514,23518
23532,23538,23554,23569,23592,23595,23599,23602,23673,23708,23742,23749,23753,23771,23776,23778,23787,23789,23798,23813
23817,23822,23824,23834,23844,23852,23861,23867,23886,23893,23906,23915,23957,24000,24024,24050,24057,24083,24127,24137
24144,24154,24156,24162,24175,24182,24189,24195,24204,24207,24216,24230,24244,24259,24269,24278,24288,24298,24307,24312
24318,24326,24358,24361,24404,24410,24419,24429,24439,24451,24464,24477,24486,24496,24507,24518,24530,24541,24559,24571
24589,24601,24612,24615,24623,24627,24629,24631,24633,24635,24637,24639,24641,24644,24646,24648,24651,24653,24655,24657
24659,24662,24665,24667,24669,24671,24673,24675,24677,24700,24726,24733,24748,24775,24785,24793,24815,24844,24877,24897
24929,24950,24962,24970,24995,25008,25018,25065,25074,25128,25168,25190,25212,25220,25222,25224,25228,25232,25240,25252
25258,25270,25278,25282,25288,25290,25292,25325,25357,25377,25391,25402,25411,25416,25435,25448,25466,25517,25575,25634
25657,25695,25713,25734,25771,25825,25851,25880,25902,25920,25946,25958,25980,26004,26033,26074,26136,26171,26208,26283
26312,26360,26377,26412,26451,26483,26545,26558,26598,26616,26620,26648,26669,26673,26692,26725,26740,26762,26784,26803
26842,26890,26927,26975,27004,27019,27034,27056,27071,27113,27149,27197,27225,27266,27315,27349,27372,27391,27408,27451
27461,27488,27569,27654,27697,27755,27784,27810,27837,27877,27900,27916,27933,27950,27998,28052,28121,28153,28174,28222
28244,28267,28291,28307,28318,28342,28387,28413,28428,28468,28533,28550,28579,28592,28635,28652,28696,28718,28767,28824
28844,28854,28883,28912,28967,29019,29061,29084,29116,29120,29165,29218,29241,29243,29254,29274,29278,29310,29355,29390
29427,29471,29542,29547,29578,29599,29636,29698,29704,29786,29834,29864,29877,29891,29936,29978,30033,30040,30090,30118
30132,30146,30178,30200,30212,30240,30267,30286,30290,30295,30301,30308,30315,30321,30326,30354,30394,30416,30437,30459
30503,30525,30572,30593,30680,30754,30823,30854,30871,30889,30909,30959,31001,31054,31081,31096,31140,31178,31189,31201
31229,31252,31278,31331,31372,31396,31424,31463,31482,31500,31526,31553,31573,31594,31614,31639,31674,31722,31747,31813
31825,31871,31907,31935,31958,32036,32074,32127,32209,32249,32373,32398,32426,32456,32559,32571,32594,32619,32640,32666
32670,32682,32734,32778,32799,32838,32875,32882,32912,32940,32956,32983,33079,33096,33123,33128,33167,33210,33290,33360
33398,33437,33464,33491,33525,33538,33550,33604,33620,33644,33669,33681,33683,33690,33713,33740,33775,33799,33801,33804
33813,33822,33831,33838,33843,33848,33851,33856,33865,33870,33873,33875,33889,33892,33895,33899,33916,33936,33977,34031
34066,34094,34108,34151,34182,34185,34217,34234,34253,34280,34309,34327,34354,34368,34374,34388,34412,34435,34467,34499
34509,34528,34546,34576,34611,34622,34640,34672,34688,34715,34728,34742,34771,34808,34819,34881,34897,34927,34929,34956
34992,35001,35031,35061,35089,35102,35113,35147,35149,35188,35225,35239,35265,35293,35324,35344,35424,35435,35453,35468
35484,35502,35520,35528,35543,35558,35578,35595,35626,35640,35652,35680,35702,35743,35749,35780,35790,35818,35845,35858
35877,35905,35937,35964,35993,36017,36058,36070,36133,36255,36283,36299,36302,36345,36389,36432,36507,36591,36603,36622
36682,36717,36756,36795,36841,36887,36907,36927,36951,36975,37019,37064,37110,37156,37193,37228,37260,37286,37303,37346
37385,37398,37429,37451,37462,37481,37499,37516,37548,37592,37619,37624,37629,37635,37661,37664,37667,37671,37673,37676
37680,37685,37707,37728,37739,37758,37792,37817,37857,37897,37932,37970,37985,38013,38026,38040,38061,38063,38065,38104
38136,38169,38183,38200,38229,38259,38270,38294,38314,38326,38351,38380,38408,38419,38425,38438,38454,38485,38529,38540
38562,38586,38643,38672,38704,38715,38727,38751,38786,38804,38828,38890,38922,38962,39006,39052,39088,39113,39153,39188
39218,39255,39287,39327,39362,39394,39418,39463,39495,39519,39551,39577,39613,39686,39723,39762,39809,39835,39915,39991
40020,40082,40145,40219,40243,40316,40336,40370,40404,40421,40439,40444,40471,40497,40548,40601,40670,40725,40753,40789
40825,40828,40862,40921,40941,40953,40981,41010,41063,41100,41156,41189,41230,41290,41319,41391,41461,41504,41546,41604
41631,41659,41685,41762,41780,41794,41815,41853,41894,41915,41951,41986,42038,42058,42080,42132,42192,42216,42270,42298
42319,42407,42423,42492,42537,42544,42554,42561,42571,42591,42607,42630,42644,42657,42672,42696,42719,42773,42830,42883
42955,42997,43020,43031,43116,43161,43185,43235,43252,43275,43295,43323,43370,43446,43462,43505,43556,43601,43668,43692
43750,43766,43803,43817,43866,43901,43924,43939,43949,44006,44037

FirstTripOfRoute: 1611
---------------------------------------------------------------
0,13,33,35,87,91,116,145,146,208,248,265,282,323,324,335,376,378,413,451
465,474,482,501,561,562,564,579,594,595,596,597,603,667,738,771,787,794,806,808
812,827,831,832,833,850,897,915,920,922,941,1014,1028,1043,1045,1048,1085,1090,1145,1180
1194,1281,1285,1293,1310,1311,1318,1415,1469,1481,1482,1484,1511,1550,1554,1582,1585,1586,1587,1588
1592,1598,1623,1734,1739,1812,1857,1859,1864,1880,1882,1916,1941,1955,1961,1980,2021,2023,2096,2111
2145,2162,2187,2232,2237,2279,2281,2391,2392,2393,2418,2419,2425,2450,2503,2542,2597,2631,2640,2648
2652,2700,2707,2714,2767,2768,2769,2770,2771,2832,2834,2880,2883,2912,2913,2915,2945,2972,2975,2977
2998,3013,3071,3072,3136,3140,3202,3213,3223,3227,3252,3253,3283,3284,3349,3353,3376,3377,3378,3443
3444,3473,3476,3478,3482,3580,3613,3616,3617,3618,3619,3636,3638,3672,3705,3735,3736,3749,3751,3757
3759,3760,3789,3825,3894,3896,3960,3963,3978,4037,4065,4099,4128,4194,4267,4329,4331,4333,4402,4496
4590,4677,4678,4681,4682,4684,4712,4724,4727,4752,4782,4785,4786,4813,4840,4841,4853,4864,4892,4957
4989,5020,5021,5060,5087,5088,5091,5096,5098,5099,5116,5117,5119,5121,5126,5142,5153,5154,5165,5176
5228,5230,5261,5294,5303,5304,5334,5335,5339,5401,5403,5491,5593,5641,5642,5643,5673,5721,5725,5732
5736,5737,5771,5797,5801,5828,5831,5832,5833,5834,5837,5863,5866,5895,5897,5898,5899,5911,5925,5926
5954,5956,5990,6004,6005,6036,6037,6099,6105,6157,6174,6175,6179,6183,6195,6207,6218,6223,6225,6229
6244,6253,6263,6271,6276,6281,6287,6292,6347,6350,6385,6398,6424,6429,6433,6487,6488,6494,6512,6516
6531,6548,6569,6580,6585,6586,6598,6606,6636,6637,6715,6718,6785,6849,7002,7003,7009,7057,7106,7117
7132,7144,7230,7231,7235,7295,7297,7298,7359,7360,7361,7363,7394,7425,7427,7428,7432,7437,7442,7446
7451,7452,7458,7459,7472,7475,7476,7479,7486,7523,7531,7555,7556,7557,7558,7559,7560,7589,7590,7591
7616,7630,7633,7634,7635,7664,7677,7688,7740,7741,7746,7809,7810,7875,7877,7901,7907,7909,7913,7931
7932,7953,7974,8004,8032,8045,8049,8068,8080,8082,8084,8085,8095,8096,8097,8106,8108,8109,8110,8118
8125,8126,8128,8134,8135,8144,8145,8146,8147,8149,8150,8159,8162,8167,8168,8174,8175,8176,8177,8178
8180,8187,8189,8190,8191,8192,8193,8195,8239,8288,8297,8298,8309,8310,8334,8335,8338,8339,8340,8342
8344,8345,8359,8360,8369,8374,8375,8384,8400,8410,8411,8412,8413,8598,8599,8607,8608,8621,8666,8669
8672,8673,8674,8675,8735,8780,8781,8785,8787,8788,8794,8795,8850,8853,8854,8855,8856,8863,8871,8874
8875,8882,8893,8906,8907,8908,8948,9003,9035,9048,9054,9057,9073,9082,9088,9094,9101,9108,9160,9161
9188,9216,9240,9245,9254,9272,9314,9321,9323,9338,9348,9350,9359,9365,9389,9430,9470,9476,9480,9521
9538,9555,9556,9563,9595,9596,9625,9639,9660,9681,9704,9709,9715,9716,9722,9736,9739,9751,9764,9768
9781,9833,9847,10032,10034,10038,10044,10071,10075,10107,10137,10198,10213,10229,10230,10260,10264,10295,10301,10317
10318,10371,10375,10379,10392,10423,10453,10459,10520,10521,10537,10567,10573,10574,10614,10617,10675,10677,10681,10707
10708,10721,10723,10736,10750,10763,10764,10765,10766,10767,10768,10769,10770,10771,10785,10787,10789,10790,10791,10792
10795,10796,10797,10811,10812,10816,10817,10819,10835,10836,10838,10839,10848,10873,10879,10883,10885,10899,10913,10927
10940,10943,10958,10971,10972,10986,10987,11000,11004,11010,11011,11055,11073,11097,11127,11176,11184,11197,11215,11240
11241,11242,11244,11253,11254,11255,11268,11282,11297,11305,11306,11325,11327,11330,11345,11397,11400,11401,11402,11422
11423,11424,11425,11448,11464,11478,11479,11489,11500,11508,11509,11511,11512,11514,11516,11517,11531,11578,11586,11589
11646,11647,11648,11650,11665,11673,11674,11675,11677,11698,11700,11702,11708,11710,11711,11712,11713,11716,11730,11731
11733,11749,11756,11780,11782,11783,11784,11785,11838,11840,11841,11866,11871,11942,11943,11946,12061,12114,12117,12181
12192,12229,12264,12283,12321,12323,12334,12347,12385,12423,12435,12436,12437,12438,12439,12450,12452,12454,12455,12457
12501,12502,12503,12504,12505,12507,12508,12509,12510,12512,12513,12514,12516,12517,12518,12519,12520,12572,12621,12626
12632,12636,12637,12639,12641,12675,12694,12695,12696,12698,12700,12702,12703,12704,12705,12710,12712,12713,12714,12716
12718,12720,12730,12732,12808,12809,12826,12828,12829,12830,12831,12832,12833,12835,12836,12837,12838,12839,12840,12882
12894,12906,12915,12927,12976,13036,13053,13070,13094,13107,13117,13119,13120,13121,13141,13165,13178,13190,13203,13212
13224,13230,13234,13243,13244,13246,13256,13257,13264,13276,13279,13284,13285,13286,13287,13302,13310,13312,13320,13326
13330,13331,13344,13348,13352,13353,13354,13355,13357,13358,13369,13370,13377,13423,13424,13429,13430,13434,13438,13442
13443,13447,13448,13449,13450,13456,13462,13463,13468,13469,13475,13477,13478,13480,13482,13483,13485,13486,13487,13512
13513,13523,13524,13525,13529,13530,13531,13535,13540,13542,13547,13552,13553,13558,13559,13560,13564,13569,13572,13577
13580,13582,13583,13584,13586,13587,13611,13615,13616,13630,13640,13642,13644,13645,13646,13647,13651,13659,13662,13665
13671,13673,13674,13677,13701,13704,13713,13715,13718,13721,13722,13724,13736,13743,13750,13759,13784,13808,13817,13824
13847,13871,13883,13884,13889,13890,14147,14155,14299,14300,14310,14328,14346,14348,14352,14356,14365,14371,14385,14396
14410,14424,14438,14445,14460,14474,14488,14510,14532,14559,14588,14604,14620,14636,14655,14674,14702,14706,14718,14804
14955,14981,14991,14992,15000,15002,15036,15086,15087,15091,15097,15119,15215,15218,15273,15274,15341,15370,15381,15488
15494,15543,15551,15563,15595,15672,15768,15828,15835,15902,15908,15922,15928,15934,16001,16030,16031,16032,16128,16137
16157,16261,16419,16527,16602,16654,16668,16699,16700,16710,16780,16829,16843,16851,16854,16901,16909,16958,16968,17123
17133,17147,17247,17259,17346,17351,17352,17362,17396,17412,17417,17422,17431,17491,17547,17602,17669,17717,17726,17831
17850,17867,17869,17876,17883,17906,17907,17908,17910,17920,18019,18025,18127,18129,18186,18193,18242,18278,18280,18379
18382,18386,18444,18458,18472,18483,18485,18490,18592,18605,18628,18730,18756,18757,18762,18779,18783,18882,18913,18915
18962,19002,19077,19086,19177,19213,19276,19277,19278,19361,19386,19417,19436,19492,19493,19500,19521,19534,19578,19581
19586,19593,19600,19616,19620,19635,19639,19700,19703,19705,19710,19714,19716,19718,19727,19741,19896,19931,19962,20060
20190,20195,20196,20220,20302,20312,20359,20360,20391,20421,20425,20511,20571,20618,20697,20698,20742,20831,20832,20840
20941,21026,21060,21061,21107,21110,21174,21184,21193,21194,21276,21280,21374,21376,21385,21453,21457,21458,21459,21505
21513,21645,21649,21687,21691,21696,21752,21780,21850,21854,21857,21861,21940,22005,22076,22082,22165,22169,22170,22173
22183,22195,22207,22208,22211,22227,22297,22299,22388,22394,22400,22402,22414,22421,22473,22484,22532,22581,22612,22615
22772,22783,22832,22864,22874,22878,22883,22898,22902,22996,23002,23004,23013,23038,23039,23055,23069,23070,23078,23080
23095,23113,23128,23153,23170,23183,23198,23208,23223,23235,23242,23254,23281,23283,23296,23310,23311,23312,23313,23349
23350,23351,23378,23411,23441,23443,23445,23446,23447,23449,23450,23451,23452,23472,23474,23476,23478,23479,23480,23527
23529,23530,23532,23602,23603,23604,23605,23618,23637,23652,23656,23670,23671,23684,23685,23696,23697,23768,23770,23786
23787,23813,23859,23860,23873,23875,23876,23877,23878,23936,23937,23942,23944,23945,23946,23947,24017,24046,24047,24048
24061,24062,24063,24064,24065,24066,24068,24084,24085,24086,24087,24089,24090,24106,24115,24146,24147,24150,24151,24152
24168,24169,24172,24174,24175,24176,24192,24194,24242,24246,24250,24251,24252,24253,24254,24260,24261,24271,24272,24278
24279,24307,24309,24336,24347,24351,24354,24366,24369,24380,24386,24394,24402,24408,24415,24416,24417,24418,24419,24452
24453,24454,24455,24470,24471,24472,24473,24475,24476,24508,24509,24539,24558,24585,24586,24587,24588,24590,24594,24601
24604,24606,24622,24623,24627,24631,24633,24636,24642,24696,24709,24710,24737,24756,24769,24782,24783,24785,24787,24788
24789,24790,24805,24825,24827,24828,24854,24856,24857,24858,24859,24860,24864,24877,24879,24880,24893,24925,24957,24986
24987,24988,25026,25071,25118,25119,25120,25121,25122,25123,25124,25173,25187,25199,25200,25204,25211,25217,25224,25226
25228,25235,25241,25248,25250,25255,25257,25276,25281,25283,25289,25375,25379,25420,25471,25487,25522,25549,25589,25628
25633,25636,25646,25666,25672,25724,25739,25749,25759,25760,25761,25762,25792,25857,25915,25940,25986,26012,26015,26016
26022,26023,26028,26034,26039,26042,26055,26098,26125,26135,26190,26191,26192,26209,26213,26230,26304,26312,26390,26429
26474,26515,26542,26581,26582,26584,26585,26637,26638,26696,26751,26757,26797,26852,26873,26912,26939,26944,26983,26984
26985,26994,26999,27005,27006,27018,27037,27075,27079,27083,27087,27091,27095,27099,27103,27107,27109,27150,27175,27201
27275,27309,27322,27327,27332,27370,27377,27397,27399,27401,27403,27410,27443,27495,27508,27518,27554,27579,27605,27626
27651,27660,27677,27680,27716,27727,27728,27731,27739,27794,27796

NumTripsInRoute: 1610
---------------------------------------------------------------
13,20,2,52,4,25,29,1,62,40,17,17,41,1,11,41,2,35,38,14
9,8,19,60,1,2,15,15,1,1,1,6,64,71,33,16,7,12,2,4
15,4,1,1,17,47,18,5,2,19,73,14,15,2,3,37,5,55,35,14
87,4,8,17,1,7,97,54,12,1,2,27,39,4,28,3,1,1,1,4
6,25,111,5,73,45,2,5,16,2,34,25,14,6,19,41,2,73,15,34
17,25,45,5,42,2,110,1,1,25,1,6,25,53,39,55,34,9,8,4
48,7,7,53,1,1,1,1,61,2,46,3,29,1,2,30,27,3,2,21
15,58,1,64,4,62,11,10,4,25,1,30,1,65,4,23,1,1,65,1
29,3,2,4,98,33,3,1,1,1,17,2,34,33,30,1,13,2,6,2
1,29,36,69,2,64,3,15,59,28,34,29,66,73,62,2,2,69,94,94
87,1,3,1,2,28,12,3,25,30,3,1,27,27,1,12,11,28,65,32
31,1,39,27,1,3,5,2,1,17,1,2,2,5,16,11,1,11,11,52
2,31,33,9,1,30,1,4,62,2,88,102,48,1,1,30,48,4,7,4
1,34,26,4,27,3,1,1,1,3,26,3,29,2,1,1,12,14,1,28
2,34,14,1,31,1,62,6,52,17,1,4,4,12,12,11,5,2,4,15
9,10,8,5,5,6,5,55,3,35,13,26,5,4,54,1,6,18,4,15
17,21,11,5,1,12,8,30,1,78,3,67,64,153,1,6,48,49,11,15
12,86,1,4,60,2,1,61,1,1,2,31,31,2,1,4,5,5,4,5
1,6,1,13,3,1,3,7,37,8,24,1,1,1,1,1,29,1,1,25
14,3,1,1,29,13,11,52,1,5,63,1,65,2,24,6,2,4,18,1
21,21,30,28,13,4,19,12,2,2,1,10,1,1,9,2,1,1,8,7
1,2,6,1,9,1,1,1,2,1,9,3,5,1,6,1,1,1,1,2
7,2,1,1,1,1,2,44,49,9,1,11,1,24,1,3,1,1,2,2
1,14,1,9,5,1,9,16,10,1,1,1,185,1,8,1,13,45,3,3
1,1,1,60,45,1,4,2,1,6,1,55,3,1,1,1,7,8,3,1
7,11,13,1,1,40,55,32,13,6,3,16,9,6,6,7,7,52,1,27
28,24,5,9,18,42,7,2,15,10,2,9,6,24,41,40,6,4,41,17
17,1,7,32,1,29,14,21,21,23,5,6,1,6,14,3,12,13,4,13
52,14,185,2,4,6,27,4,32,30,61,15,16,1,30,4,31,6,16,1
53,4,4,13,31,30,6,61,1,16,30,6,1,40,3,58,2,4,26,1
13,2,13,14,13,1,1,1,1,1,1,1,1,14,2,2,1,1,1,3
1,1,14,1,4,1,2,16,1,2,1,9,25,6,4,2,14,14,14,13
3,15,13,1,14,1,13,4,6,1,44,18,24,30,49,8,13,18,25,1
1,2,9,1,1,13,14,15,8,1,19,2,3,15,52,3,1,1,20,1
1,1,23,16,14,1,10,11,8,1,2,1,2,2,1,14,47,8,3,57
1,1,2,15,8,1,1,2,21,2,2,6,2,1,1,1,3,14,1,2
16,7,24,2,1,1,1,53,2,1,25,5,71,1,3,115,53,3,64,11
37,35,19,38,2,11,13,38,38,12,1,1,1,1,11,2,2,1,2,44
1,1,1,1,2,1,1,1,2,1,1,2,1,1,1,1,52,49,5,6
4,1,2,2,34,19,1,1,2,2,2,1,1,1,5,2,1,1,2,2
2,10,2,76,1,17,2,1,1,1,1,1,2,1,1,1,1,1,42,12
12,9,12,49,60,17,17,24,13,10,2,1,1,20,24,13,12,13,9,12
6,4,9,1,2,10,1,7,12,3,5,1,1,1,15,8,2,8,6,4
1,13,4,4,1,1,1,2,1,11,1,7,46,1,5,1,4,4,4,1
4,1,1,1,6,6,1,5,1,6,2,1,2,2,1,2,1,1,25,1
10,1,1,4,1,1,4,5,2,5,5,1,5,1,1,4,5,3,5,3
2,1,1,2,1,24,4,1,14,10,2,2,1,1,1,4,8,3,3,6
2,1,3,24,3,9,2,3,3,1,2,12,7,7,9,25,24,9,7,23
24,12,1,5,1,257,8,144,1,10,18,18,2,4,4,9,6,14,11,14
14,14,7,15,14,14,22,22,27,29,16,16,16,19,19,28,4,12,86,151
26,10,1,8,2,34,50,1,4,6,22,96,3,55,1,67,29,11,107,6
49,8,12,32,77,96,60,7,67,6,14,6,6,67,29,1,1,96,9,20
104,158,108,75,52,14,31,1,10,70,49,14,8,3,47,8,49,10,155,10
14,100,12,87,5,1,10,34,16,5,5,9,60,56,55,67,48,9,105,19
17,2,7,7,23,1,1,2,10,99,6,102,2,57,7,49,36,2,99,3
4,58,14,14,11,2,5,102,13,23,102,26,1,5,17,4,99,31,2,47
40,75,9,91,36,63,1,1,83,25,31,19,56,1,7,21,13,44,3,5
7,7,16,4,15,4,61,3,2,5,4,2,2,9,14,155,35,31,98,130
5,1,24,82,10,47,1,31,30,4,86,60,47,79,1,44,89,1,8,101
85,34,1,46,3,64,10,9,1,82,4,94,2,9,68,4,1,1,46,8
132,4,38,4,5,56,28,70,4,3,4,79,65,71,6,83,4,1,3,10
12,12,1,3,16,70,2,89,6,6,2,12,7,52,11,48,49,31,3,157
11,49,32,10,4,5,15,4,94,6,2,9,25,1,16,14,1,8,2,15
18,15,25,17,13,15,10,15,12,7,12,27,2,13,14,1,1,1,36,1
1,27,33,30,2,2,1,1,2,1,1,1,20,2,2,2,1,1,47,2
1,2,70,1,1,1,13,19,15,4,14,1,13,1,11,1,71,2,16,1
26,46,1,13,2,1,1,1,58,1,5,2,1,1,1,70,29,1,1,13
1,1,1,1,1,2,16,1,1,1,2,1,16,9,31,1,3,1,1,16
1,3,2,1,1,16,2,48,4,4,1,1,1,1,6,1,10,1,6,1
28,2,27,11,4,3,12,3,11,6,8,8,6,7,1,1,1,1,33,1
1,1,15,1,1,1,2,1,32,1,30,19,27,1,1,1,2,4,7,3
2,16,1,4,4,2,3,6,54,13,1,27,19,13,13,1,2,2,1,1
1,15,20,2,1,26,2,1,1,1,1,4,13,2,1,13,32,32,29,1
1,38,45,47,1,1,1,1,1,1,49,14,12,1,4,7,6,7,2,2
7,6,7,2,5,2,19,5,2,6,86,4,41,51,16,35,27,40,39,5
3,10,20,6,52,15,10,10,1,1,1,30,65,58,25,46,26,3,1,6
1,5,6,5,3,13,43,27,10,55,1,1,17,4,17,74,8,78,39,45
41,27,39,1,2,1,52,1,58,55,6,40,55,21,39,27,5,39,1,1
9,5,6,1,12,19,38,4,4,4,4,4,4,4,4,2,41,25,26,74
34,13,5,5,38,7,20,2,2,2,7,33,52,13,10,36,25,26,21,25
9,17,3,36,11,1,3,8,55,2

FirstStopEventOfRoute: 1611
---------------------------------------------------------------
0,988,2288,2312,3456,3536,3961,4947,4974,6586,7586,8164,8504,9406,9422,10357,11833,11885,13495,15281
15939,16092,16316,16658,19658,19700,19786,20701,21571,21583,21603,21623,21665,23265,29158,30610,30930,31098,31362,31394
31498,31678,31722,31736,31741,31945,33214,33952,34037,34073,34719,40413,41029,41524,41568,41661,43030,43335,44490,45995
46331,48506,48534,48662,49036,49059,49136,49718,54794,55910,55936,55940,57533,60380,60468,61924,62035,62062,62103,62122
62162,62246,63921,67695,68125,72797,74012,74070,74375,75383,75413,77181,78106,78442,78508,78869,82272,82310,86909,87434
88930,89542,90742,92137,92297,93725,93797,97537,97544,97567,98692,98715,98817,99767,102735,105192,107777,109273,109525,109661
109777,111457,111695,111975,114413,114503,114541,114555,114566,116640,116674,118008,118152,118761,118769,118805,119405,121241,121388,121512
122541,122871,125249,125272,128408,128452,130064,130504,131164,131324,132349,132400,134410,134428,138003,138063,139949,139989,140002,141692
141733,143357,143387,143409,143429,144115,145435,145552,145597,145634,145643,145830,145890,147658,148978,150658,150682,151176,151210,151294
151334,151373,152939,154595,158390,158428,163548,163614,164004,166423,166843,168543,170254,172234,179388,181620,181668,181834,183421,185677
187557,189732,189750,189807,189820,189848,190296,190692,190902,191427,192627,192705,192735,192978,193275,193293,193557,193722,194282,200457
202153,203858,203904,206790,208248,208295,208355,208470,208526,208550,209723,209743,209787,209821,209866,210074,210129,210132,210187,210231
211739,211755,213026,214346,214400,214450,215980,215996,216068,216874,216886,220230,222678,227094,227117,227137,229387,230779,230863,230989
231029,231052,232922,234560,234620,236132,236297,236332,236377,236384,236627,238785,238995,241141,241265,241278,241316,241784,242652,242704
243264,243284,245256,245704,245735,246975,246991,248603,248807,251095,251299,251312,251368,251420,251864,252032,252274,252399,252429,252513
252543,252570,252590,252686,252811,252911,253145,253270,254535,254547,255562,255913,256849,256904,256976,257084,257103,257247,258021,258201
258726,259185,260928,261830,261955,261974,262358,262550,263750,263766,266262,266313,268055,273047,276872,276880,277078,278902,280862,281357
281972,281996,286468,286520,286600,288220,288292,288344,290601,290628,290653,290765,292408,294144,294156,294183,294195,294210,294255,294291
294336,294344,294398,294404,294495,294522,294530,294557,294697,297324,297700,298780,298789,298828,298862,298891,298914,299900,299921,299945
301020,301440,301575,301588,301608,303377,304131,304527,306711,306767,306837,308538,308572,311822,311868,313860,314352,314390,314418,314832
314856,315150,315444,315654,315766,315805,315829,315924,315960,315968,315982,316032,316352,316382,316396,317170,317266,317343,317391,318103
318628,318700,318860,319346,319362,319830,319860,319869,319928,320022,320060,320519,320654,320874,320932,321190,321216,321233,321263,321285
321349,321594,321664,321672,321681,321687,321708,321754,322722,323604,323766,323788,324426,324467,325043,325047,325062,325081,325111,325207
325211,325214,325242,325244,325262,325277,325279,325297,325329,325349,325352,325354,325356,325726,325728,325744,325746,325772,326897,326978
327065,327095,327131,327171,328431,329556,329561,329613,329641,329649,329775,329779,330769,330823,330859,330864,330922,331055,331247,331298
331347,331900,332318,332344,332397,332508,333508,334993,336657,336696,337044,337212,337260,337305,337539,337557,337571,337690,339614,339640
340342,341238,341982,342137,342380,342866,343664,343727,343745,343925,344055,344071,344188,344248,344584,345527,346647,346731,346783,347767
348260,348617,348680,348848,350512,350516,351531,352133,352490,352847,353514,353659,353749,353767,353809,353865,353880,353976,354041,354065
354130,355378,355588,355958,355992,356120,356180,356882,357014,358614,359394,361651,361921,362225,362248,362968,363040,364311,364437,364597
364624,366055,366171,366243,366607,368157,369357,369417,371674,371698,371986,372826,372952,372956,373836,373902,375120,375166,375190,375528
375538,375824,375842,376089,376621,376855,376888,376904,376925,376952,376963,376979,377000,377017,377409,377413,377427,377463,377487,377505
377517,377522,377528,377906,377917,377937,377960,377966,378094,378096,378104,378109,378145,378270,378306,378326,378334,378600,378908,379202
379488,379509,379854,380309,380321,380993,381029,381666,381686,381860,381875,382975,383425,384433,385393,385981,386053,386560,387154,387704
387730,387746,387780,387996,388025,388055,388406,388938,389268,389404,389422,389669,389763,389787,390222,390898,391021,391057,391095,391875
391890,391909,391920,392932,393284,393844,393858,393978,394605,394797,394820,394864,394880,394924,395006,395026,395446,396903,397255,397342
399793,399806,399842,399868,400213,400301,400311,400325,400341,401097,401203,401317,401353,401417,401435,401459,401468,401522,401956,401995
402035,402387,402562,403666,403678,403711,403746,403772,404567,404657,404704,405354,405504,407634,407642,407696,410571,411578,411611,412827
413267,414858,415628,415837,416483,416507,416617,417046,417350,417844,418252,418283,418320,418343,418365,419465,419495,419529,419558,419576
421160,421183,421201,421216,421232,421286,421302,421328,421344,421378,421397,421414,421432,421454,421475,421490,421497,422277,423649,423724
423868,423964,423984,424054,424096,425524,426189,426216,426240,426308,426342,426384,426404,426425,426431,426471,426507,426529,426539,426575
426625,426673,426943,427059,432075,432086,432239,432259,432266,432281,432297,432305,432316,432348,432372,432395,432416,432437,432452,433880
434156,434348,434636,434804,435980,438560,439257,439988,440372,440424,440774,440836,440870,440905,441665,442073,442450,442582,443128,443164
443332,443368,443432,443567,443590,443596,443636,443639,444136,444556,444658,444693,444697,444715,444720,444750,444822,444826,444898,444988
445004,445009,445035,445075,445115,445123,445132,445138,445176,445183,445326,445335,445629,447607,447631,447761,447768,447872,448048,448088
448095,448135,448137,448143,448156,448198,448240,448246,448291,448294,448348,448376,448390,448420,448440,448449,448469,448479,448488,448613
448619,448699,448731,448734,448906,448912,448921,448961,449011,449035,449100,449165,449174,449224,449235,449246,449294,449349,449403,449463
449517,449541,449552,449555,449571,449575,449623,449631,449633,449661,449681,449685,449689,449692,449694,449696,449708,449724,449730,449736
449748,449754,449757,449763,449811,449817,449835,449839,449845,449914,449940,449954,450134,450323,450393,450465,451015,451711,452008,452148
452884,453388,453532,453540,453665,453678,456248,456624,457920,457974,458374,458770,459166,459182,459190,459198,459234,459258,459370,459502
459586,459754,459866,459894,459984,460012,460040,460766,461470,462010,462416,462592,462736,462816,463177,463424,463928,464132,464828,469902
473375,474363,474543,474564,474860,474968,475852,477302,477324,477396,477552,477816,479928,480000,481595,481636,485790,486805,487212,495237
495411,497763,497899,498319,499567,502031,507983,508763,509043,510249,510273,510665,510791,510815,512088,513045,513060,513082,515194,515365
516145,521137,526983,532167,534342,535122,535332,536014,536029,536449,538969,541321,541713,542041,542188,543786,543970,544901,545071,551736
551836,552214,560314,561334,565075,565365,565394,565654,566572,567212,567327,567407,567560,568580,571268,574238,578861,580397,580586,585626
586044,586435,586483,586595,586672,587224,587269,587295,587325,587725,594160,594262,597220,597246,599697,599816,601972,602764,602862,608505
608565,608605,610287,610693,611463,612035,612119,612234,615498,615550,616585,621991,622589,622591,622646,622986,623002,626170,627565,627635
629374,631134,636459,636504,639325,640081,642412,642474,642480,649286,650486,651416,651663,652447,652492,652786,653941,654032,656232,656316
656386,656484,656708,657060,657108,657528,657636,658795,658807,658817,658847,658875,658889,658901,658946,659338,665538,666308,666959,669115
674835,674945,674992,675496,682630,683370,686613,686644,687171,687711,687791,692091,694611,697102,699235,699250,701186,704568,704579,704675
707503,709458,710342,710395,712281,712353,714145,714535,714706,714724,716856,716964,718844,718886,719066,720766,720906,720954,720979,724015
724111,730183,730327,731391,731483,731873,734001,735485,741225,741385,741757,741857,744069,746019,753332,753404,755313,755413,755434,755512
755552,755696,756320,756364,756427,757051,759641,759655,762325,762493,762589,762643,763795,763914,765318,765373,767245,769352,771832,772042
778008,778437,779760,780624,780964,781016,781076,781886,781950,784206,784356,784380,784398,784573,784596,785028,785518,785542,785558,785564
785699,785861,785996,786171,786256,786321,786366,786416,786551,786611,786632,786656,787034,787040,787079,787135,787152,787172,787213,789157
789192,789220,789598,791017,791947,791953,792017,792034,792053,792107,792136,792154,792181,792461,792473,792501,792549,792572,792604,794108
794128,794147,794183,796283,796318,796329,796347,796763,797067,797472,797524,797720,797749,798230,798241,798923,798939,801069,801073,801505
801541,801775,803155,803185,803549,803575,803586,803620,803622,805884,805921,805991,806043,806071,806102,806122,811722,812041,812059,812074
812282,812300,812318,812326,812341,812356,812396,812668,812699,812713,812725,812781,812803,813459,813513,814474,814484,814568,814595,814608
814912,814940,815036,815090,815119,815143,815799,815823,818847,819335,819447,819463,819466,819509,819553,819811,819886,820726,820738,820852
820912,821892,821970,823023,823529,823713,823773,824013,824085,824349,824613,824973,825341,825617,825876,825911,825943,825969,825986,827405
827444,827457,827488,827818,827829,827848,827866,827900,827932,829340,829367,829517,829612,829774,829800,829803,829806,829814,829822,829843
829855,829865,830217,830238,830282,830358,830426,830501,830741,832901,833356,833394,833799,834331,834500,834682,834703,834707,834711,834750
834782,834815,835025,835365,835423,835453,835739,835787,835807,835819,835844,835873,835985,836128,836140,836153,836361,837353,838761,839080
839102,839126,841292,842597,844101,844112,844124,844148,844183,844201,844225,847263,847711,848191,848235,848419,848671,848821,849101,849171
849231,849490,849682,849962,850032,850192,850240,851095,851255,851303,851495,853731,853875,856868,858755,859379,861024,861726,864926,867890
868035,868221,868851,870331,870475,874271,874571,874911,875251,875268,875286,875291,876101,877791,880749,882074,885248,886678,886762,886798
887014,887017,887187,887541,887641,887677,888041,889288,890719,891089,894169,894202,894243,895263,895379,896603,901783,902127,905403,907665
908880,910028,910730,913733,913751,913779,913800,915776,915817,917035,919015,919225,921305,922405,922867,924895,926515,926635,928741,928769
928790,929582,929662,930076,930121,930205,930395,930661,930701,930781,930845,930937,930993,931045,931105,931201,931247,933461,934886,936264
941592,943020,943319,943374,943799,945509,945677,946677,946711,946757,946797,946993,948544,952496,952704,953134,954970,956095,957837,958341
959791,959935,960564,960606,962370,962755,962778,962823,962903,966038,966100

FirstRouteSegmentOfStop: 21713
---------------------------------------------------------------
0,0,0,0,0,0,0,0,0,0,0,0,0,0,0,0,0,0,0,0
0,0,0,0,0,0,0,0,0,0,0,0,0,0,0,0,0,0,0,0
0,0,0,0,0,0,0,0,0,0,0,0,0,0,0,0,0,0,0,0
0,0,0,0,0,0,0,0,0,0,0,0,0,0,0,0,0,0,0,0
0,0,0,0,0,0,0,0,0,0,0,0,0,0,0,0,0,0,0,0
0,0,0,0,0,0,0,0,0,0,0,0,0,0,0,0,0,0,0,0
0,0,0,0,0,0,0,0,0,0,0,0,0,0,0,0,0,0,0,0
0,0,0,0,0,0,0,0,0,0,0,0,0,0,0,0,0,0,0,0
0,0,0,0,0,0,0,0,0,0,0,0,0,0,0,0,0,0,0,0
0,0,0,0,0,0,0,0,0,0,0,0,0,0,0,0,0,0,0,0
0,0,0,0,0,0,0,0,0,0,0,0,0,0,0,0,0,0,0,0
0,0,0,0,0,0,0,0,0,0,0,0,0,0,0,0,0,0,0,0
0,0,0,0,0,0,0,0,0,0,0,0,0,0,0,0,0,0,0,0
0,0,0,0,0,0,0,0,0,0,0,0,0,0,0,0,0,0,0,0
0,0,0,0,0,0,0,0,0,0,0,0,0,0,0,0,0,0,0,0
0,0,0,0,0,0,0,0,0,0,0,0,0,0,8,17,23,27,31,33
35,41,44,46,46,46,46,46,52,57,57,57,57,57,57,57,57,57,57,57
57,57,57,57,57,57,57,57,57,57,57,57,57,57,57,57,57,57,57,59
62,64,64,64,64,64,64,64,64,64,64,64,64,64,64,64,66,68,70,72
75,77,83,85,86,90,105,105,105,105,105,105,105,105,105,105,105,105,105,105
105,105,105,105,108,112,114,115,118,119,119,119,119,119,119,119,119,119,119,119
119,119,119,119,119,119,119,119,119,119,119,119,119,119,119,119,119,119,119,119
119,119,119,119,119,119,119,119,119,119,119,119,119,119,119,119,119,119,119,119
119,119,119,119,119,119,119,119,119,119,124,130,133,134,137,138,140,143,145,149
154,154,154,154,154,154,154,154,154,154,154,154,154,154,154,154,154,154,154,154
154,154,154,154,154,154,154,154,154,154,154,154,154,154,155,158,168,168,168,168
168,168,168,168,168,168,168,168,168,168,168,168,168,168,168,168,168,168,168,168
168,168,168,168,168,168,168,168,168,168,168,168,168,168,168,168,168,168,168,168
168,168,168,168,168,168,168,168,168,168,168,168,168,168,168,168,171,173,173,174
175,177,178,179,180,180,180,180,180,180,180,180,180,180,180,180,180,180,180,180
180,180,184,190,190,190,190,190,190,190,190,190,190,190,190,190,190,190,190,190
190,190,190,190,190,190,190,190,190,190,190,190,190,190,190,190,190,190,190,190
190,190,190,190,190,190,190,190,190,190,190,190,190,190,190,190,196,227,253,253
253,253,253,253,253,253,253,253,253,253,260,266,286,290,290,290,290,290,290,290
290,290,290,290,290,290,290,290,290,290,290,290,290,290,290,290,290,290,290,290
290,290,290,290,290,290,290,290,290,290,290,290,290,290,290,290,290,290,290,290
290,290,290,290,290,290,290,290,290,290,290,290,290,290,290,290,290,290,290,290
290,290,290,290,290,290,290,290,290,290,290,290,290,290,290,290,290,290,290,290
290,290,290,290,290,290,290,290,290,290,290,290,290,290,290,290,290,290,290,290
290,290,290,290,290,290,290,290,290,290,290,290,290,290,290,290,290,290,290,290
290,290,290,290,290,290,290,290,290,290,290,290,290,290,290,290,290,290,290,290
290,290,290,290,290,290,290,290,300,300,300,300,300,300,300,300,300,300,300,300
300,300,300,300,300,300,300,300,300,300,300,300,300,300,300,300,300,300,300,300
300,300,300,300,300,300,300,300,300,300,300,300,300,300,300,300,300,300,300,300
308,317,317,317,317,317,317,317,317,317,317,317,317,317,317,317,317,317,317,317
317,317,317,317,317,317,317,317,317,317,317,317,317,317,317,317,317,317,317,317
317,317,317,317,317,317,317,317,317,317,317,317,317,325,329,336,336,336,353,353
353,353,361,370,370,370,370,370,370,370,370,370,370,370,370,370,370,370,370,370
370,370,370,370,370,370,370,370,370,370,370,370,370,370,370,370,370,370,370,370
370,370,370,370,370,370,370,370,370,370,370,370,370,370,370,370,370,370,370,370
370,372,372,372,372,372,372,372,372,372,372,372,372,372,372,372,372,372,372,372
372,372,372,372,372,372,372,375,378,379,381,387,392,392,392,392,392,392,392,392
394,396,398,400,402,404,406,410,412,414,414,414,414,414,414,414,414,414,414,414
414,414,414,414,414,414,425,427,431,432,436,461,461,461,461,461,461,461,461,461
461,461,461,461,461,461,461,461,461,461,461,461,461,461,461,461,463,465,471,478
480,483,487,488,492,492,492,492,492,492,492,492,492,492,492,492,492,492,492,492
492,492,492,492,492,492,492,492,492,492,492,492,492,492,492,492,492,492,492,492
492,492,492,492,492,492,492,492,492,492,492,492,492,492,492,492,492,492,492,492
492,492,492,492,492,492,492,492,492,492,492,492,492,492,492,492,492,492,492,492
492,492,492,492,492,492,492,492,497,501,503,505,508,512,515,517,519,521,521,521
521,521,521,521,521,521,521,521,521,521,521,521,521,521,521,521,521,521,521,521
521,521,521,521,521,521,521,521,521,523,523,524,526,535,537,540,542,542,544,548
548,548,548,548,548,548,548,548,548,548,548,548,548,548,548,548,548,548,548,548
548,548,548,548,548,548,548,548,548,548,548,548,548,548,548,548,548,548,548,548
548,548,548,548,548,548,548,548,548,548,548,548,548,548,548,548,548,548,548,548
548,548,548,548,548,548,548,548,548,548,556,556,556,556,556,556,556,556,556,556
556,556,556,556,556,556,556,556,556,556,556,556,556,556,560,561,565,567,570,571
571,571,571,571,571,571,571,571,571,576,576,576,583,591,604,610,613,615,615,615
615,615,615,615,617,617,617,617,617,617,617,617,617,617,617,620,621,621,621,621
621,621,621,621,621,621,621,621,629,636,636,636,636,640,640,640,640,640,640,640
640,640,640,640,640,640,640,640,640,640,645,645,645,645,645,645,645,645,645,645
645,645,645,645,645,645,645,647,647,647,647,647,647,647,647,647,647,647,647,647
647,647,647,647,647,647,647,647,647,647,647,647,647,648,649,650,657,658,659,660
661,662,664,666,670,671,672,674,681,689,693,703,707,707,707,707,707,707,707,707
707,707,707,707,707,713,722,737,737,737,737,737,737,737,737,737,737,737,737,737
737,737,737,737,737,737,737,737,737,737,737,737,737,737,737,737,737,737,737,737
737,737,737,737,737,737,737,737,737,737,737,737,737,737,737,737,737,737,737,737
737,737,737,737,737,737,737,737,737,737,737,737,737,737,737,737,737,737,737,737
737,737,737,737,737,737,737,737,737,737,737,737,737,737,737,737,737,737,737,737
737,737,737,737,737,737,737,737,737,737,737,737,737,737,737,737,737,737,737,737
737,737,737,737,737,737,737,737,737,737,737,737,738,739,747,752,758,763,771,777
785,791,796,798,803,807,811,815,819,821,825,831,831,835,846,855,865,867,874,882
887,891,902,913,917,917,928,930,941,944,946,954,965,976,987,991,1002,1006,1012,1017
1019,1019,1025,1036,1038,1038,1040,1040,1040,1042,1046,1051,1056,1061,1067,1068,1070,1071,1073,1093
1109,1122,1124,1126,1127,1134,1135,1139,1142,1145,1147,1150,1154,1154,1161,1167,1171,1177,1184,1188
1188,1188,1188,1188,1188,1188,1188,1188,1188,1188,1194,1194,1199,1199,1199,1199,1199,1199,1199,1199
1202,1204,1204,1204,1204,1204,1204,1204,1204,1204,1204,1204,1204,1204,1215,1226,1237,1248,1248,1248
1248,1248,1248,1248,1248,1248,1248,1248,1248,1248,1248,1248,1254,1256,1260,1260,1260,1260,1260,1260
1260,1260,1260,1260,1260,1260,1271,1282,1292,1297,1297,1302,1304,1307,1310,1316,1321,1326,1332,1334
1338,1338,1338,1338,1338,1338,1338,1338,1342,1344,1344,1344,1348,1352,1363,1374,1377,1383,1383,1389
1394,1402,1407,1407,1407,1407,1407,1407,1407,1407,1407,1407,1407,1407,1409,1413,1419,1423,1423,1423
1423,1429,1434,1440,1444,1447,1450,1450,1455,1461,1467,1472,1480,1485,1485,1485,1485,1488,1494,1499
1505,1505,1505,1505,1505,1505,1505,1505,1508,1511,1511,1511,1511,1522,1533,1533,1534,1536,1538,1540
1542,1544,1545,1546,1547,1549,1553,1559,1566,1570,1575,1580,1581,1584,1589,1592,1593,1597,1601,1604
1607,1610,1613,1614,1615,1616,1617,1618,1619,1620,1621,1622,1623,1624,1625,1626,1630,1631,1632,1633
1637,1641,1643,1647,1649,1650,1651,1653,1654,1656,1657,1659,1661,1663,1668,1673,1676,1678,1680,1685
1687,1691,1694,1696,1698,1703,1708,1710,1712,1714,1717,1720,1723,1728,1730,1732,1735,1736,1740,1744
1747,1750,1752,1754,1755,1758,1759,1760,1761,1762,1764,1766,1768,1770,1772,1774,1776,1778,1780,1782
1784,1786,1788,1790,1792,1794,1796,1798,1800,1802,1804,1806,1807,1813,1815,1818,1823,1830,1833,1835
1838,1841,1845,1850,1852,1854,1856,1859,1863,1867,1870,1877,1879,1882,1886,1889,1892,1895,1900,1902
1905,1908,1910,1914,1917,1919,1922,1926,1929,1934,1937,1941,1942,1943,1947,1948,1950,1951,1952,1953
1954,1955,1956,1957,1958,1959,1960,1961,1962,1963,1964,1965,1966,1967,1972,1981,1987,1988,1994,1995
1996,1997,1998,1999,2000,2001,2006,2011,2017,2022,2025,2028,2033,2038,2043,2046,2048,2052,2055,2060
2061,2066,2069,2070,2075,2079,2082,2087,2090,2095,2096,2101,2108,2111,2115,2118,2122,2125,2129,2134
2137,2142,2144,2147,2150,2151,2153,2156,2158,2160,2163,2165,2167,2170,2175,2178,2184,2187,2188,2192
2195,2199,2205,2209,2213,2217,2221,2225,2226,2227,2228,2229,2230,2231,2232,2233,2234,2235,2236,2237
2238,2239,2243,2247,2255,2263,2268,2275,2279,2283,2287,2288,2289,2292,2295,2298,2301,2303,2304,2307
2309,2311,2314,2319,2322,2323,2326,2327,2330,2331,2333,2335,2338,2340,2341,2348,2356,2358,2359,2361
2364,2368,2369,2372,2374,2377,2380,2388,2397,2399,2402,2406,2408,2419,2425,2429,2433,2437,2441,2452
2456,2465,2468,2470,2472,2475,2476,2481,2484,2486,2489,2491,2492,2493,2495,2497,2499,2501,2505,2509
2513,2517,2518,2520,2522,2524,2526,2528,2530,2532,2534,2536,2538,2540,2542,2544,2546,2548,2550,2552
2554,2557,2559,2561,2563,2565,2567,2568,2574,2576,2582,2588,2594,2600,2602,2605,2607,2612,2613,2615
2618,2620,2629,2631,2632,2634,2649,2659,2661,2662,2665,2668,2671,2672,2673,2674,2675,2677,2679,2680
2682,2684,2685,2686,2689,2690,2691,2692,2693,2697,2698,2699,2701,2703,2707,2709,2710,2711,2713,2714
2716,2717,2718,2720,2721,2722,2723,2724,2726,2727,2728,2730,2731,2733,2735,2737,2739,2741,2742,2743
2744,2745,2746,2748,2749,2753,2754,2755,2762,2766,2771,2775,2780,2782,2783,2784,2786,2788,2790,2792
2794,2796,2798,2799,2800,2801,2802,2804,2805,2806,2807,2810,2811,2812,2814,2816,2818,2820,2822,2824
2826,2828,2830,2831,2833,2835,2837,2839,2841,2843,2845,2847,2850,2852,2854,2856,2858,2859,2860,2861
2863,2865,2867,2868,2869,2870,2871,2872,2874,2875,2876,2878,2880,2887,2889,2891,2893,2895,2897,2899
2901,2903,2905,2907,2909,2911,2913,2915,2917,2919,2921,2923,2925,2927,2931,2935,2939,2943,2947,2951
2955,2959,2961,2963,2965,2967,2969,2971,2973,2975,2977,2978,2983,2985,2997,3002,3005,3011,3015,3022
3029,3036,3038,3043,3047,3053,3058,3062,3065,3067,3069,3074,3082,3084,3088,3090,3094,3107,3108,3109
3110,3111,3112,3113,3114,3117,3119,3121,3123,3125,3127,3129,3131,3133,3138,3141,3142,3143,3144,3145
3147,3148,3150,3151,3152,3156,3157,3158,3159,3160,3161,3162,3163,3164,3165,3166,3167,3168,3169,3170
3172,3177,3180,3185,3188,3193,3195,3196,3198,3200,3203,3205,3207,3209,3211,3213,3215,3217,3220,3222
3223,3224,3225,3226,3227,3228,3229,3230,3231,3232,3233,3234,3235,3236,3237,3238,3239,3240,3241,3242
3243,3244,3245,3246,3247,3248,3249,3250,3251,3254,3257,3260,3261,3262,3263,3264,3265,3266,3267,3268
3269,3271,3272,3273,3274,3275,3279,3283,3285,3286,3290,3303,3306,3309,3313,3316,3319,3322,3325,3328
3331,3334,3337,3340,3343,3346,3349,3352,3355,3358,3362,3365,3367,3369,3372,3375,3378,3381,3384,3386
3387,3389,3390,3393,3398,3399,3400,3401,3403,3406,3408,3409,3410,3411,3412,3414,3416,3417,3418,3419
3420,3422,3424,3427,3430,3431,3432,3433,3434,3435,3436,3439,3442,3444,3447,3449,3451,3452,3453,3457
3462,3463,3464,3467,3470,3471,3472,3473,3474,3478,3479,3481,3485,3487,3491,3495,3499,3503,3504,3505
3507,3509,3511,3515,3519,3523,3527,3531,3535,3539,3544,3548,3552,3557,3562,3566,3570,3574,3578,3582
3586,3590,3596,3600,3606,3610,3614,3618,3622,3626,3630,3636,3638,3639,3640,3641,3643,3644,3645,3647
3648,3650,3653,3655,3657,3660,3662,3665,3668,3671,3674,3677,3679,3681,3684,3687,3689,3691,3694,3696
3699,3701,3704,3706,3709,3712,3715,3717,3718,3719,3720,3721,3722,3724,3725,3726,3727,3731,3733,3735
3737,3739,3741,3743,3745,3747,3749,3751,3753,3755,3757,3760,3764,3767,3772,3776,3777,3778,3784,3786
3788,3792,3794,3798,3800,3805,3808,3813,3816,3819,3822,3825,3828,3831,3834,3838,3841,3844,3849,3852
3855,3858,3860,3862,3864,3866,3868,3870,3872,3874,3876,3878,3880,3882,3886,3888,3890,3893,3895,3897
3901,3903,3904,3905,3906,3908,3910,3912,3913,3916,3919,3922,3923,3924,3927,3932,3934,3936,3938,3943
3948,3953,3958,3960,3962,3964,3969,3974,3979,3984,3991,3999,4000,4001,4002,4003,4004,4005,4006,4007
4008,4009,4010,4011,4012,4013,4014,4015,4016,4017,4019,4020,4021,4022,4024,4026,4027,4028,4029,4031
4032,4033,4034,4035,4039,4043,4046,4051,4055,4059,4063,4067,4071,4075,4079,4083,4087,4091,4092,4096
4100,4105,4110,4114,4118,4120,4121,4123,4124,4126,4128,4130,4132,4133,4134,4135,4136,4138,4141,4142
4143,4146,4148,4149,4150,4153,4159,4160,4162,4164,4165,4166,4167,4168,4169,4170,4171,4172,4173,4175
4177,4178,4179,4180,4181,4182,4183,4184,4185,4186,4190,4194,4195,4196,4197,4198,4199,4200,4201,4202
4203,4204,4205,4210,4214,4215,4216,4220,4224,4225,4226,4227,4228,4229,4230,4231,4232,4233,4234,4235
4236,4237,4238,4239,4240,4243,4246,4248,4250,4252,4256,4258,4260,4265,4269,4272,4276,4280,4284,4288
4292,4296,4298,4302,4306,4309,4313,4317,4319,4323,4327,4332,4333,4334,4335,4336,4339,4343,4344,4345
4347,4349,4352,4353,4355,4356,4357,4359,4360,4361,4362,4363,4365,4366,4367,4368,4369,4370,4371,4372
4373,4374,4375,4376,4377,4379,4380,4381,4382,4384,4385,4386,4387,4388,4389,4390,4392,4395,4396,4397
4398,4399,4400,4401,4402,4403,4404,4405,4406,4410,4411,4416,4419,4420,4425,4428,4431,4434,4437,4438
4439,4440,4441,4442,4443,4448,4449,4450,4451,4452,4454,4456,4457,4458,4459,4460,4461,4462,4463,4464
4465,4466,4467,4472,4474,4476,4479,4481,4484,4486,4488,4491,4493,4496,4499,4501,4504,4506,4509,4512
4514,4517,4520,4522,4525,4527,4530,4532,4534,4537,4539,4541,4544,4546,4548,4550,4552,4555,4558,4560
4563,4565,4567,4569,4575,4576,4577,4579,4581,4583,4585,4587,4589,4591,4593,4595,4596,4597,4598,4599
4600,4601,4602,4603,4605,4606,4608,4610,4611,4612,4613,4614,4615,4616,4618,4620,4621,4622,4624,4625
4626,4627,4628,4629,4630,4631,4632,4633,4634,4635,4636,4637,4638,4639,4640,4641,4642,4643,4644,4645
4646,4647,4648,4649,4650,4651,4652,4658,4659,4661,4662,4663,4665,4667,4669,4671,4672,4673,4674,4684
4685,4686,4687,4692,4696,4700,4705,4709,4714,4718,4723,4727,4732,4736,4741,4746,4750,4755,4759,4763
4768,4773,4777,4781,4786,4790,4796,4802,4808,4813,4819,4827,4835,4841,4845,4847,4851,4859,4865,4873
4878,4882,4888,4892,4900,4902,4905,4908,4911,4914,4917,4920,4923,4926,4929,4931,4933,4935,4939,4943
4948,4953,4957,4961,4966,4971,4975,4979,4983,4987,4991,4995,4999,5002,5005,5009,5012,5016,5020,5025
5028,5030,5036,5041,5045,5050,5057,5062,5066,5072,5076,5080,5087,5092,5099,5104,5108,5115,5120,5127
5133,5138,5143,5147,5153,5159,5163,5169,5175,5180,5184,5188,5193,5198,5203,5208,5213,5217,5218,5224
5230,5234,5238,5241,5243,5249,5255,5259,5264,5270,5276,5282,5288,5293,5297,5302,5307,5311,5314,5316
5322,5325,5329,5331,5332,5334,5336,5338,5340,5342,5344,5347,5350,5353,5354,5357,5360,5363,5364,5367
5370,5371,5374,5377,5378,5380,5382,5384,5386,5388,5394,5395,5401,5403,5404,5405,5407,5413,5419,5421
5423,5424,5425,5427,5428,5429,5430,5432,5434,5436,5438,5441,5444,5446,5448,5449,5450,5455,5459,5463
5464,5465,5467,5469,5471,5473,5475,5477,5479,5481,5483,5485,5487,5489,5491,5493,5495,5496,5499,5501
5503,5505,5507,5509,5511,5513,5517,5520,5521,5522,5525,5528,5531,5532,5533,5534,5535,5536,5537,5543
5545,5548,5549,5552,5559,5562,5565,5568,5571,5572,5573,5580,5583,5584,5586,5588,5590,5592,5594,5596
5597,5599,5601,5602,5604,5606,5608,5610,5612,5614,5620,5622,5624,5626,5627,5629,5631,5633,5635,5636
5637,5639,5641,5643,5645,5648,5650,5652,5654,5657,5659,5661,5665,5666,5667,5668,5669,5670,5671,5673
5675,5676,5678,5679,5681,5683,5684,5685,5686,5687,5688,5689,5690,5691,5695,5699,5703,5707,5711,5713
5715,5716,5718,5720,5722,5725,5726,5728,5730,5732,5734,5736,5740,5741,5744,5746,5749,5752,5754,5755
5756,5763,5764,5765,5766,5767,5768,5769,5770,5771,5773,5775,5781,5785,5789,5793,5797,5801,5805,5809
5813,5817,5821,5825,5829,5833,5837,5841,5845,5849,5853,5857,5861,5865,5869,5872,5875,5878,5881,5885
5889,5893,5897,5901,5905,5906,5907,5909,5911,5912,5914,5918,5921,5923,5925,5927,5931,5935,5939,5942
5945,5948,5959,5962,5966,5968,5971,5973,5977,5979,5981,5984,5986,5989,5991,5993,5997,6001,6005,6006
6007,6011,6015,6020,6028,6029,6030,6034,6035,6036,6037,6038,6039,6041,6042,6043,6044,6045,6047,6049
6055,6061,6067,6072,6079,6080,6081,6082,6083,6084,6085,6087,6089,6091,6093,6094,6096,6098,6100,6102
6104,6105,6107,6108,6109,6110,6111,6112,6113,6114,6115,6116,6117,6118,6119,6122,6124,6126,6128,6130
6131,6132,6133,6135,6138,6140,6143,6144,6145,6146,6147,6150,6151,6155,6158,6161,6163,6166,6168,6170
6173,6175,6177,6180,6182,6183,6185,6186,6187,6188,6189,6190,6191,6192,6194,6196,6197,6200,6204,6208
6211,6213,6215,6216,6217,6218,6219,6221,6223,6224,6225,6228,6232,6233,6234,6235,6238,6241,6245,6247
6248,6251,6256,6258,6262,6264,6269,6275,6277,6281,6286,6292,6296,6299,6301,6305,6310,6317,6322,6328
6330,6331,6334,6337,6348,6360,6370,6382,6391,6400,6406,6415,6425,6434,6435,6445,6454,6455,6465,6475
6485,6494,6499,6505,6511,6514,6516,6518,6522,6526,6528,6534,6543,6544,6550,6556,6562,6568,6578,6579
6589,6595,6604,6606,6612,6621,6630,6635,6637,6643,6647,6648,6652,6661,6668,6673,6677,6687,6697,6704
6706,6708,6709,6710,6711,6712,6716,6719,6720,6721,6722,6724,6727,6728,6729,6731,6733,6735,6737,6739
6741,6743,6745,6747,6749,6751,6753,6754,6755,6756,6757,6759,6761,6763,6765,6767,6768,6769,6775,6779
6785,6793,6801,6807,6811,6816,6821,6827,6835,6841,6848,6853,6859,6865,6869,6876,6882,6883,6885,6886
6888,6890,6891,6898,6904,6911,6917,6924,6933,6936,6941,6946,6949,6952,6957,6958,6959,6960,6961,6962
6963,6964,6965,6969,6971,6974,6978,6980,6982,6984,6991,6996,6998,7002,7005,7009,7013,7015,7017,7022
7027,7029,7031,7034,7037,7043,7047,7050,7053,7056,7059,7063,7067,7068,7069,7070,7071,7075,7079,7080
7081,7084,7086,7089,7092,7095,7098,7101,7104,7107,7111,7114,7118,7120,7123,7126,7130,7134,7138,7140
7143,7146,7148,7150,7152,7156,7160,7164,7166,7171,7173,7175,7179,7183,7186,7191,7196,7198,7202,7206
7212,7217,7218,7219,7222,7225,7229,7231,7233,7236,7239,7243,7247,7250,7254,7257,7260,7264,7265,7267
7269,7273,7276,7278,7280,7282,7284,7286,7289,7290,7292,7293,7294,7296,7299,7300,7301,7302,7303,7304
7305,7306,7307,7308,7309,7310,7311,7312,7313,7314,7315,7317,7318,7320,7322,7324,7326,7328,7330,7331
7332,7333,7334,7335,7336,7337,7338,7339,7341,7345,7347,7351,7354,7358,7361,7364,7365,7369,7373,7377
7381,7385,7389,7393,7394,7395,7396,7397,7398,7399,7400,7401,7402,7403,7404,7405,7406,7407,7408,7409
7410,7411,7412,7413,7414,7415,7421,7427,7428,7429,7431,7436,7442,7443,7444,7451,7457,7459,7461,7466
7470,7474,7478,7481,7483,7486,7489,7490,7491,7493,7495,7500,7505,7509,7513,7517,7519,7522,7527,7532
7537,7538,7542,7546,7550,7555,7557,7560,7568,7573,7578,7583,7584,7588,7592,7593,7597,7601,7606,7611
7616,7623,7629,7635,7642,7649,7656,7658,7660,7662,7664,7667,7669,7671,7673,7674,7675,7676,7677,7678
7679,7681,7683,7685,7687,7689,7691,7693,7695,7697,7699,7701,7703,7705,7707,7709,7711,7713,7715,7717
7717,7719,7721,7723,7725,7726,7729,7736,7744,7747,7750,7754,7757,7761,7764,7767,7771,7773,7781,7786
7793,7796,7799,7807,7813,7821,7825,7831,7835,7839,7841,7843,7846,7848,7850,7854,7857,7860,7864,7868
7871,7873,7876,7879,7882,7885,7886,7889,7892,7895,7898,7901,7904,7907,7909,7913,7915,7917,7921,7923
7927,7928,7931,7936,7941,7944,7947,7951,7954,7958,7961,7965,7969,7972,7976,7980,7983,7987,7990,7994
7999,8002,8003,8004,8006,8008,8009,8011,8012,8013,8014,8017,8018,8021,8024,8025,8026,8027,8028,8029
8030,8031,8032,8033,8036,8039,8040,8041,8042,8043,8044,8048,8051,8054,8055,8056,8057,8058,8059,8060
8061,8062,8063,8064,8065,8066,8067,8068,8069,8070,8071,8073,8075,8079,8082,8085,8089,8091,8095,8100
8102,8105,8109,8113,8116,8119,8121,8124,8126,8128,8130,8132,8134,8136,8138,8140,8142,8144,8146,8148
8150,8152,8156,8161,8167,8173,8180,8187,8193,8201,8209,8221,8225,8230,8237,8243,8250,8253,8255,8256
8259,8263,8267,8270,8273,8277,8281,8284,8288,8292,8295,8298,8301,8305,8309,8312,8313,8316,8320,8323
8327,8330,8334,8337,8340,8344,8348,8351,8352,8353,8354,8355,8356,8357,8360,8361,8362,8363,8364,8365
8366,8368,8369,8370,8371,8372,8373,8375,8377,8379,8381,8384,8385,8388,8392,8396,8399,8403,8406,8410
8412,8416,8418,8422,8424,8426,8430,8433,8434,8437,8438,8439,8442,8443,8444,8446,8447,8448,8450,8452
8454,8456,8458,8460,8462,8465,8470,8473,8478,8480,8482,8484,8486,8487,8489,8491,8493,8494,8496,8497
8498,8500,8502,8503,8504,8505,8506,8507,8508,8509,8510,8511,8512,8513,8519,8525,8531,8532,8533,8534
8535,8537,8540,8542,8544,8546,8548,8550,8553,8558,8560,8562,8567,8570,8571,8572,8573,8574,8575,8576
8577,8578,8579,8580,8581,8582,8583,8584,8585,8588,8589,8591,8593,8595,8597,8599,8604,8607,8609,8611
8616,8619,8621,8623,8625,8627,8629,8631,8633,8636,8638,8640,8642,8644,8646,8649,8651,8653,8655,8657
8659,8661,8663,8666,8668,8669,8670,8671,8672,8673,8674,8675,8676,8686,8694,8702,8710,8717,8724,8731
8737,8745,8749,8757,8763,8771,8778,8785,8792,8799,8807,8812,8815,8820,8825,8826,8829,8833,8835,8837
8839,8844,8847,8850,8852,8854,8856,8858,8860,8862,8864,8866,8867,8868,8870,8871,8873,8875,8876,8877
8880,8883,8885,8887,8890,8893,8895,8900,8905,8907,8910,8912,8914,8916,8918,8921,8924,8926,8930,8932
8934,8936,8938,8940,8942,8944,8946,8948,8950,8952,8954,8956,8958,8960,8961,8963,8965,8969,8971,8973
8975,8979,8983,8985,8989,8991,8992,8993,8994,8997,8999,9000,9002,9004,9006,9007,9008,9009,9010,9011
9012,9013,9015,9016,9017,9020,9023,9026,9029,9032,9034,9035,9036,9037,9038,9039,9040,9041,9042,9043
9044,9045,9046,9047,9048,9049,9050,9051,9054,9056,9064,9066,9067,9069,9071,9073,9075,9076,9082,9083
9084,9086,9088,9091,9094,9096,9099,9101,9104,9109,9114,9119,9122,9128,9137,9143,9144,9156,9157,9158
9159,9165,9175,9185,9195,9202,9203,9214,9220,9221,9224,9226,9230,9233,9237,9239,9242,9245,9249,9251
9254,9256,9258,9261,9263,9265,9268,9271,9273,9277,9281,9284,9286,9289,9295,9297,9300,9303,9306,9309
9312,9315,9319,9322,9324,9326,9327,9329,9330,9331,9333,9335,9336,9337,9338,9339,9347,9349,9350,9351
9352,9353,9354,9355,9356,9358,9361,9363,9364,9365,9367,9368,9369,9370,9374,9378,9382,9386,9390,9394
9398,9402,9406,9410,9414,9418,9422,9426,9430,9434,9438,9442,9446,9450,9452,9454,9456,9458,9459,9460
9461,9462,9464,9466,9468,9470,9472,9474,9476,9478,9480,9482,9484,9486,9488,9490,9492,9494,9496,9498
9500,9503,9507,9509,9511,9514,9518,9521,9525,9528,9533,9535,9537,9543,9547,9550,9554,9557,9558,9562
9566,9568,9572,9575,9577,9580,9584,9587,9589,9591,9592,9594,9595,9598,9600,9603,9605,9608,9610,9612
9615,9617,9620,9623,9625,9628,9630,9632,9633,9636,9638,9640,9643,9646,9648,9650,9652,9653,9654,9656
9658,9661,9664,9668,9669,9672,9675,9677,9678,9679,9680,9681,9682,9683,9685,9687,9688,9689,9690,9691
9692,9693,9695,9697,9699,9701,9703,9705,9707,9709,9710,9711,9713,9714,9716,9719,9722,9723,9724,9728
9732,9738,9746,9750,9751,9752,9754,9756,9757,9758,9760,9762,9764,9766,9767,9770,9771,9772,9773,9774
9775,9776,9777,9778,9779,9780,9781,9782,9783,9784,9785,9786,9787,9788,9789,9790,9792,9794,9795,9796
9797,9798,9799,9800,9801,9802,9803,9804,9805,9806,9807,9810,9811,9812,9814,9818,9819,9821,9823,9824
9831,9834,9839,9845,9848,9851,9853,9856,9858,9860,9862,9865,9872,9874,9876,9878,9881,9883,9885,9888
9890,9892,9895,9903,9904,9906,9911,9915,9916,9920,9924,9928,9932,9933,9937,9941,9945,9947,9949,9951
9953,9955,9956,9958,9961,9964,9968,9970,9971,9976,9979,9987,9988,9998,9999,10000,10004,10005,10012,10020
10028,10035,10039,10041,10043,10045,10047,10049,10051,10052,10054,10055,10061,10064,10070,10076,10083,10090,10096,10097
10098,10103,10108,10113,10119,10123,10128,10133,10134,10135,10136,10137,10138,10139,10140,10141,10142,10143,10144,10145
10146,10147,10148,10149,10149,10149,10149,10150,10151,10151,10151,10151,10151,10151,10151,10151,10151,10151,10152,10152
10152,10152,10152,10152,10152,10152,10152,10152,10152,10152,10152,10152,10152,10152,10152,10152,10155,10155,10155,10155
10155,10155,10155,10155,10156,10156,10156,10158,10158,10158,10158,10159,10160,10160,10160,10161,10161,10161,10161,10161
10161,10162,10162,10162,10163,10163,10165,10166,10166,10166,10166,10166,10196,10196,10196,10196,10199,10199,10199,10199
10200,10200,10202,10202,10202,10202,10202,10203,10204,10204,10204,10204,10204,10206,10206,10206,10206,10206,10207,10207
10207,10207,10208,10208,10208,10208,10211,10211,10212,10212,10213,10214,10215,10216,10216,10216,10216,10216,10217,10217
10217,10217,10218,10218,10218,10218,10218,10224,10224,10224,10224,10224,10224,10224,10224,10225,10231,10235,10235,10235
10235,10235,10235,10235,10236,10237,10237,10237,10237,10237,10237,10238,10238,10238,10238,10239,10239,10239,10239,10239
10240,10241,10242,10243,10243,10247,10250,10250,10250,10250,10250,10250,10250,10250,10250,10250,10251,10251,10251,10254
10254,10254,10255,10255,10255,10255,10255,10255,10256,10256,10257,10258,10258,10258,10258,10259,10260,10260,10261,10262
10263,10263,10263,10263,10263,10263,10263,10264,10266,10270,10270,10271,10271,10272,10272,10273,10273,10273,10273,10276
10279,10282,10284,10286,10290,10291,10292,10294,10296,10297,10298,10300,10301,10310,10312,10314,10315,10316,10317,10318
10319,10321,10323,10324,10326,10327,10331,10335,10339,10342,10344,10348,10350,10353,10354,10355,10357,10359,10362,10365
10366,10369,10372,10373,10374,10377,10378,10379,10381,10383,10387,10392,10393,10396,10398,10400,10401,10402,10403,10406
10410,10412,10413,10415,10416,10417,10418,10419,10421,10425,10427,10429,10432,10436,10438,10439,10440,10442,10444,10445
10447,10448,10450,10452,10454,10455,10457,10459,10462,10467,10468,10469,10474,10476,10478,10480,10483,10485,10488,10490
10499,10502,10505,10507,10509,10512,10514,10517,10518,10519,10520,10521,10522,10524,10526,10528,10530,10532,10534,10535
10537,10538,10539,10541,10542,10547,10550,10552,10554,10559,10564,10568,10570,10572,10577,10583,10585,10586,10588,10590
10592,10594,10595,10596,10597,10599,10600,10601,10603,10605,10607,10608,10610,10612,10614,10615,10616,10618,10626,10628
10630,10632,10634,10635,10637,10639,10640,10642,10643,10644,10645,10647,10649,10652,10653,10655,10657,10659,10662,10665
10666,10667,10668,10669,10671,10673,10674,10675,10676,10677,10678,10680,10682,10684,10685,10686,10688,10689,10690,10691
10693,10694,10695,10696,10697,10698,10701,10702,10703,10705,10708,10711,10713,10715,10717,10720,10721,10722,10723,10724
10725,10726,10730,10734,10738,10745,10752,10753,10756,10759,10760,10762,10764,10765,10770,10774,10777,10780,10783,10786
10788,10792,10795,10797,10802,10805,10807,10809,10812,10813,10814,10817,10818,10822,10826,10830,10833,10836,10837,10843
10845,10847,10853,10857,10860,10863,10866,10868,10871,10873,10876,10878,10883,10885,10889,10893,10895,10900,10904,10907
10911,10913,10915,10918,10921,10925,10927,10928,10929,10930,10931,10932,10933,10934,10935,10936,10938,10942,10944,10947
10951,10953,10955,10957,10960,10963,10965,10967,10969,10971,10974,10977,10979,10983,10985,10987,10989,10991,10993,10995
10996,10997,10998,10999,11001,11003,11004,11006,11007,11008,11009,11017,11018,11019,11022,11025,11026,11030,11034,11037
11040,11043,11046,11048,11051,11054,11057,11060,11062,11063,11065,11066,11067,11069,11072,11073,11075,11077,11079,11081
11083,11085,11086,11089,11090,11091,11092,11093,11096,11099,11102,11103,11104,11105,11107,11108,11110,11111,11114,11115
11117,11120,11123,11124,11126,11128,11130,11132,11133,11135,11137,11138,11139,11140,11141,11142,11143,11145,11146,11152
11154,11156,11159,11161,11164,11166,11169,11172,11173,11175,11176,11178,11179,11181,11183,11186,11188,11190,11193,11195
11197,11198,11202,11205,11208,11212,11214,11216,11218,11220,11222,11224,11226,11228,11231,11233,11235,11238,11240,11243
11245,11246,11248,11250,11252,11254,11255,11256,11257,11258,11264,11265,11266,11268,11269,11270,11271,11272,11277,11282
11283,11284,11285,11287,11290,11292,11293,11294,11297,11299,11301,11303,11304,11307,11310,11311,11316,11321,11322,11324
11330,11335,11336,11342,11348,11354,11358,11359,11363,11364,11370,11374,11376,11378,11384,11387,11389,11391,11393,11395
11398,11400,11403,11406,11408,11409,11410,11411,11412,11414,11418,11419,11420,11421,11422,11423,11427,11428,11429,11430
11431,11433,11435,11436,11439,11441,11443,11445,11447,11449,11451,11453,11454,11455,11456,11457,11464,11466,11469,11471
11476,11478,11481,11482,11487,11491,11495,11500,11504,11506,11508,11509,11510,11512,11514,11517,11518,11522,11525,11529
11531,11535,11538,11539,11541,11545,11549,11551,11552,11557,11560,11563,11567,11569,11571,11573,11577,11579,11581,11583
11585,11587,11590,11597,11602,11604,11605,11606,11609,11611,11613,11615,11618,11619,11622,11624,11626,11628,11629,11630
11633,11635,11636,11637,11643,11647,11650,11651,11653,11654,11658,11660,11662,11664,11668,11672,11676,11678,11680,11682
11684,11686,11687,11690,11691,11693,11696,11701,11705,11708,11711,11713,11714,11716,11718,11720,11722,11723,11724,11728
11730,11731,11735,11737,11740,11742,11745,11751,11755,11760,11762,11764,11766,11767,11768,11770,11772,11775,11776,11779
11789,11794,11795,11797,11800,11805,11807,11810,11814,11815,11818,11820,11824,11830,11832,11834,11837,11839,11842,11844
11847,11848,11849,11852,11854,11856,11859,11860,11863,11866,11867,11869,11871,11873,11875,11878,11879,11885,11889,11891
11893,11895,11897,11898,11900,11903,11904,11906,11910,11913,11917,11920,11922,11924,11926,11928,11930,11931,11933,11934
11938,11940,11942,11945,11949,11952,11954,11956,11960,11961,11962,11963,11966,11967,11969,11970,11971,11972,11973,11974
11975,11976,11977,11978,11980,11982,11984,11986,11988,11990,11992,11994,11996,11998,12000,12002,12004,12006,12007,12008
12009,12015,12019,12020,12021,12022,12025,12026,12029,12030,12034,12035,12038,12041,12044,12045,12046,12047,12048,12049
12050,12051,12052,12053,12054,12055,12056,12057,12058,12059,12062,12065,12068,12071,12074,12077,12080,12083,12085,12087
12088,12091,12096,12098,12102,12106,12111,12115,12119,12121,12125,12129,12133,12137,12141,12145,12147,12149,12151,12153
12155,12157,12159,12161,12163,12165,12167,12168,12170,12174,12178,12179,12181,12183,12185,12187,12191,12194,12197,12201
12205,12207,12210,12213,12217,12219,12221,12222,12223,12224,12225,12226,12227,12228,12229,12230,12231,12232,12233,12234
12235,12236,12237,12238,12240,12241,12242,12244,12246,12248,12250,12252,12253,12255,12257,12260,12262,12264,12265,12266
12268,12271,12273,12275,12277,12279,12281,12283,12285,12289,12291,12293,12295,12297,12299,12301,12302,12304,12306,12307
12308,12309,12315,12316,12317,12318,12319,12322,12325,12329,12333,12336,12340,12341,12342,12343,12346,12350,12351,12352
12356,12359,12360,12364,12367,12371,12374,12375,12378,12379,12381,12382,12383,12384,12385,12386,12387,12388,12391,12394
12399,12401,12404,12406,12408,12411,12413,12416,12418,12421,12426,12431,12435,12438,12440,12442,12445,12448,12450,12451
12454,12458,12462,12463,12465,12466,12467,12468,12469,12470,12471,12476,12480,12485,12489,12494,12498,12500,12502,12504
12506,12508,12510,12512,12514,12516,12518,12520,12521,12523,12525,12527,12529,12531,12533,12535,12536,12537,12538,12539
12540,12541,12542,12543,12545,12547,12549,12551,12553,12555,12559,12562,12565,12569,12571,12573,12575,12579,12584,12589
12590,12592,12598,12603,12609,12610,12611,12612,12613,12614,12618,12621,12622,12624,12626,12628,12630,12632,12634,12636
12638,12640,12644,12645,12646,12647,12648,12649,12650,12651,12652,12653,12654,12655,12656,12658,12659,12660,12662,12663
12664,12667,12668,12671,12674,12677,12680,12682,12684,12685,12687,12689,12694,12699,12700,12707,12712,12717,12728,12731
12734,12737,12740,12743,12746,12749,12753,12756,12759,12763,12765,12767,12768,12772,12776,12780,12784,12788,12792,12796
12797,12798,12799,12800,12802,12804,12805,12806,12809,12811,12813,12816,12818,12821,12822,12825,12829,12831,12833,12835
12836,12841,12843,12849,12854,12860,12866,12871,12875,12878,12884,12888,12893,12894,12895,12896,12897,12899,12901,12903
12905,12907,12908,12909,12910,12911,12913,12915,12917,12921,12925,12928,12932,12935,12938,12941,12944,12947,12950,12953
12956,12959,12960,12962,12964,12969,12970,12971,12974,12977,12980,12983,12986,12989,12992,12996,12999,13002,13006,13010
13013,13016,13019,13022,13026,13029,13032,13036,13042,13047,13052,13059,13062,13068,13074,13080,13087,13089,13092,13094
13097,13100,13105,13107,13109,13111,13113,13115,13116,13117,13119,13121,13123,13125,13127,13128,13133,13136,13140,13145
13151,13153,13155,13159,13164,13168,13172,13173,13176,13179,13184,13188,13190,13193,13195,13198,13199,13202,13205,13206
13207,13210,13212,13214,13218,13220,13222,13224,13228,13230,13232,13236,13238,13244,13250,13252,13254,13256,13258,13262
13264,13266,13269,13271,13273,13275,13278,13281,13283,13285,13287,13289,13291,13293,13295,13298,13301,13304,13307,13310
13315,13318,13321,13323,13329,13332,13339,13340,13342,13344,13346,13348,13349,13350,13351,13352,13353,13356,13360,13364
13367,13369,13370,13371,13372,13373,13375,13376,13377,13379,13381,13383,13388,13391,13398,13401,13403,13405,13410,13415
13420,13422,13424,13426,13428,13430,13432,13437,13439,13441,13442,13444,13446,13448,13450,13452,13454,13456,13457,13459
13461,13462,13463,13465,13466,13468,13470,13474,13478,13482,13484,13487,13489,13492,13494,13496,13498,13500,13502,13503
13504,13506,13507,13509,13511,13512,13513,13515,13516,13517,13518,13520,13521,13522,13523,13524,13525,13526,13527,13528
13529,13530,13531,13533,13535,13539,13543,13547,13551,13555,13559,13561,13563,13565,13567,13570,13572,13574,13577,13579
13581,13583,13585,13587,13589,13591,13593,13595,13597,13600,13603,13607,13608,13609,13610,13611,13612,13613,13616,13621
13623,13625,13627,13628,13633,13640,13645,13652,13657,13661,13663,13665,13671,13675,13680,13685,13693,13697,13699,13704
13708,13710,13717,13718,13724,13732,13733,13739,13745,13746,13747,13753,13759,13760,13761,13762,13763,13765,13766,13767
13768,13769,13773,13776,13779,13783,13787,13791,13794,13795,13796,13797,13798,13799,13800,13801,13802,13803,13804,13805
13806,13807,13808,13809,13810,13811,13813,13815,13817,13818,13819,13822,13824,13826,13829,13831,13833,13835,13837,13840
13842,13845,13848,13850,13852,13856,13858,13860,13862,13863,13866,13870,13871,13872,13874,13879,13881,13883,13885,13886
13890,13893,13895,13898,13902,13905,13909,13912,13915,13918,13922,13926,13930,13933,13935,13939,13940,13945,13948,13950
13957,13958,13959,13960,13962,13965,13969,13972,13976,13980,13985,13986,13987,13988,13991,13994,13997,13998,13999,14000
14003,14006,14007,14008,14009,14010,14011,14014,14017,14020,14023,14026,14029,14031,14032,14035,14038,14041,14043,14045
14048,14051,14055,14056,14061,14063,14065,14068,14071,14073,14075,14079,14080,14082,14086,14090,14092,14100,14108,14118
14126,14132,14134,14138,14140,14142,14144,14146,14148,14150,14152,14154,14156,14157,14158,14159,14160,14161,14167,14173
14179,14185,14191,14192,14193,14194,14195,14196,14197,14198,14199,14201,14202,14203,14205,14209,14210,14214,14218,14223
14234,14239,14244,14246,14251,14256,14258,14260,14262,14264,14266,14268,14270,14272,14274,14276,14278,14280,14282,14285
14291,14294,14298,14302,14306,14309,14312,14316,14319,14323,14326,14328,14330,14332,14334,14336,14339,14341,14343,14346
14348,14351,14353,14356,14358,14361,14363,14365,14367,14370,14372,14375,14376,14377,14378,14379,14380,14381,14383,14386
14387,14389,14391,14392,14394,14395,14398,14400,14401,14403,14404,14405,14407,14408,14409,14411,14413,14415,14417,14419
14421,14422,14423,14424,14426,14427,14428,14429,14430,14431,14432,14434,14436,14438,14439,14440,14442,14444,14446,14447
14449,14451,14453,14455,14456,14457,14464,14465,14466,14473,14479,14480,14486,14491,14493,14495,14497,14499,14501,14505
14506,14507,14509,14513,14517,14521,14525,14529,14533,14537,14541,14545,14549,14553,14557,14561,14565,14569,14573,14574
14576,14578,14580,14584,14586,14588,14589,14590,14591,14592,14594,14595,14596,14597,14598,14599,14600,14601,14602,14603
14605,14606,14608,14610,14612,14614,14615,14616,14621,14623,14624,14625,14626,14627,14629,14632,14636,14640,14641,14644
14648,14651,14652,14653,14654,14655,14656,14657,14658,14659,14660,14666,14673,14677,14681,14685,14687,14692,14698,14702
14703,14707,14708,14709,14710,14711,14713,14715,14716,14718,14719,14722,14725,14728,14730,14733,14735,14737,14739,14742
14744,14747,14750,14752,14755,14757,14759,14761,14763,14765,14767,14768,14769,14777,14778,14781,14783,14784,14785,14786
14787,14788,14789,14790,14791,14799,14800,14801,14802,14803,14804,14805,14806,14807,14810,14812,14815,14816,14817,14818
14819,14821,14823,14831,14839,14847,14855,14863,14871,14872,14875,14878,14880,14880,14882,14884,14887,14890,14893,14895
14897,14899,14901,14904,14907,14909,14912,14914,14917,14918,14919,14920,14921,14922,14923,14924,14925,14926,14927,14928
14929,14929,14930,14931,14933,14935,14937,14939,14941,14943,14945,14947,14949,14951,14953,14955,14957,14959,14961,14963
14964,14965,14967,14968,14969,14970,14971,14972,14973,14974,14975,14976,14977,14978,14979,14980,14981,14982,14985,14988
14991,14993,14996,14999,15002,15008,15009,15010,15011,15012,15013,15019,15021,15025,15031,15045,15057,15061,15069,15071
15077,15078,15079,15080,15081,15082,15083,15084,15085,15086,15087,15088,15089,15090,15091,15097,15098,15112,15124,15125
15126,15130,15136,15140,15141,15146,15150,15151,15152,15158,15159,15160,15161,15162,15163,15164,15165,15166,15167,15168
15169,15175,15181,15187,15193,15199,15205,15211,15217,15223,15229,15235,15241,15242,15250,15256,15264,15270,15276,15284
15290,15298,15299,15300,15301,15302,15303,15304,15309,15313,15314,15320,15323,15326,15329,15332,15335,15338,15341,15344
15350,15353,15356,15360,15362,15363,15364,15365,15368,15371,15374,15377,15378,15378,15378,15378,15390,15404,15406,15409
15410,15412,15414,15416,15418,15420,15426,15430,15436,15442,15444,15450,15452,15454,15454,15458,15462,15468,15469,15470
15472,15473,15474,15475,15476,15477,15478,15479,15480,15481,15482,15483,15484,15485,15486,15487,15488,15489,15490,15491
15492,15493,15494,15495,15496,15497,15498,15501,15506,15507,15508,15509,15511,15519,15519,15523,15528,15534,15540,15548
15554,15560,15566,15572,15578,15584,15590,15596,15602,15608,15614,15620,15626,15627,15628,15629,15630,15631,15632,15633
15634,15635,15636,15637,15638,15639,15640,15641,15642,15643,15644,15645,15646,15647,15652,15653,15654,15655,15656,15658
15661,15662,15665,15667,15668,15672,15675,15678,15680,15681,15683,15685,15688,15693,15697,15704,15709,15715,15724,15733
15735,15736,15737,15738,15745,15752,15754,15763,15766,15773,15776,15776,15777,15777,15777,15777,15779,15780,15781,15782
15783,15784,15786,15787,15789,15791,15792,15793,15794,15795,15795,15796,15801,15802,15803,15805,15806,15807,15808,15809
15814,15815,15816,15817,15818,15819,15820,15821,15822,15823,15824,15825,15826,15827,15828,15829,15830,15831,15836,15837
15838,15839,15840,15841,15842,15843,15844,15845,15846,15847,15848,15849,15850,15850,15851,15852,15859,15860,15861,15862
15863,15864,15865,15866,15867,15868,15869,15869,15869,15872,15873,15878,15885,15889,15891,15892,15893,15896,15897,15897
15899,15901,15902,15902,15903,15903,15904,15905,15907,15908,15909,15910,15913,15914,15915,15917,15919,15921,15923,15927
15928,15929,15930,15931,15933,15935,15937,15939,15941,15943,15945,15946,15947,15948,15949,15950,15951,15952,15953,15954
15955,15957,15959,15960,15961,15963,15964,15966,15967,15969,15970,15972,15973,15974,15976,15977,15978,15979,15981,15983
15985,15987,15989,15990,15991,15992,15993,15994,15995,15997,15997,15998,15999,16000,16002,16003,16004,16005,16006,16007
16008,16014,16020,16024,16025,16026,16027,16028,16029,16030,16032,16034,16035,16037,16039,16041,16043,16045,16046,16048
16050,16052,16054,16060,16062,16065,16066,16066,16067,16068,16069,16070,16071,16072,16072,16073,16075,16077,16079,16081
16083,16085,16087,16089,16091,16093,16095,16097,16099,16101,16103,16105,16107,16109,16111,16113,16115,16117,16119,16121
16123,16125,16127,16129,16131,16134,16135,16137,16140,16143,16145,16147,16149,16151,16156,16158,16159,16160,16161,16161
16163,16164,16165,16166,16171,16175,16179,16184,16188,16193,16197,16203,16204,16206,16207,16208,16210,16213,16216,16218
16219,16220,16221,16222,16223,16224,16226,16228,16229,16230,16232,16234,16235,16237,16239,16240,16241,16241,16242,16243
16244,16245,16246,16247,16248,16248,16248,16249,16250,16251,16252,16253,16254,16255,16256,16256,16257,16258,16258,16259
16260,16260,16261,16263,16265,16267,16269,16270,16271,16272,16272,16273,16274,16275,16276,16277,16278,16279,16280,16281
16282,16284,16286,16288,16289,16290,16291,16291,16292,16293,16294,16296,16298,16299,16299,16300,16301,16302,16305,16306
16307,16308,16309,16310,16311,16313,16315,16317,16319,16321,16322,16324,16326,16328,16330,16331,16332,16334,16337,16340
16342,16344,16346,16348,16350,16352,16354,16356,16358,16359,16360,16361,16364,16366,16368,16369,16370,16373,16374,16377
16378,16385,16386,16387,16388,16389,16390,16391,16392,16395,16396,16397,16398,16399,16405,16406,16409,16410,16411,16412
16413,16414,16417,16420,16421,16425,16429,16430,16431,16432,16432,16432,16432,16432,16433,16434,16435,16436,16437,16438
16439,16440,16441,16442,16442,16442,16442,16442,16443,16444,16445,16445,16445,16445,16446,16447,16447,16447,16448,16449
16450,16451,16452,16453,16454,16455,16456,16457,16457,16457,16460,16461,16462,16463,16464,16465,16466,16467,16468,16469
16470,16471,16472,16476,16480,16481,16482,16483,16486,16489,16490,16491,16492,16493,16494,16495,16496,16497,16498,16499
16500,16501,16502,16503,16504,16505,16505,16505,16506,16508,16509,16510,16511,16512,16513,16514,16514,16515,16516,16517
16518,16519,16520,16521,16522,16523,16524,16525,16526,16526,16526,16526,16526,16527,16528,16529,16530,16531,16532,16533
16534,16534,16535,16536,16538,16539,16541,16542,16544,16546,16548,16550,16555,16556,16557,16558,16559,16560,16561,16562
16563,16564,16565,16566,16567,16568,16569,16570,16571,16572,16573,16574,16575,16576,16580,16585,16589,16592,16596,16600
16604,16610,16615,16618,16619,16620,16623,16624,16625,16627,16629,16632,16635,16637,16640,16640,16643,16645,16647,16650
16653,16655,16657,16660,16662,16665,16665,16667,16670,16672,16674,16677,16679,16679,16679,16679,16679,16679,16679,16685
16686,16687,16688,16689,16690,16691,16692,16693,16694,16695,16696,16697,16698,16699,16700,16701,16702,16703,16704,16705
16706,16707,16708,16709,16710,16711,16712,16713,16714,16715,16716,16717,16718,16719,16720,16721,16722,16723,16724,16725
16727,16728,16729,16730,16731,16732,16733,16734,16735,16736,16737,16738,16739,16740,16741,16742,16743,16744,16745,16746
16747,16748,16749,16750,16753,16756,16758,16761,16764,16772,16773,16774,16775,16776,16777,16778,16779,16780,16781,16782
16783,16784,16785,16786,16787,16788,16789,16790,16791,16792,16793,16794,16795,16796,16797,16798,16799,16800,16801,16801
16801,16801,16801,16801,16801,16802,16803,16804,16805,16806,16807,16808,16808,16808,16809,16810,16810,16811,16812,16813
16814,16815,16816,16816,16816,16816,16817,16818,16819,16819,16820,16820,16821,16821,16821,16821,16821,16821,16821,16821
16821,16821,16821,16821,16821,16821,16821,16823,16825,16827,16831,16833,16834,16835,16835,16835,16836,16836,16840,16842
16843,16844,16845,16846,16847,16848,16849,16850,16851,16851,16851,16851,16851,16852,16853,16854,16856,16858,16860,16864
16866,16867,16869,16873,16874,16875,16876,16877,16880,16882,16884,16887,16890,16891,16893,16896,16898,16900,16901,16902
16903,16904,16905,16909,16919,16923,16927,16937,16946,16950,16951,16952,16953,16956,16957,16959,16961,16962,16963,16964
16965,16966,16967,16968,16969,16970,16971,16972,16973,16974,16975,16976,16977,16978,16979,16980,16981,16982,16983,16984
16985,16986,16987,16988,16989,16990,16991,16992,16993,16994,16995,16996,16997,16998,16999,17000,17001,17002,17003,17004
17005,17006,17007,17008,17009,17010,17011,17012,17013,17014,17015,17016,17017,17018,17019,17030,17043,17054,17058,17064
17067,17068,17069,17070,17071,17072,17073,17074,17075,17076,17077,17078,17079,17080,17081,17082,17083,17084,17085,17086
17087,17088,17089,17093,17094,17095,17097,17099,17100,17103,17105,17106,17108,17109,17111,17113,17114,17115,17115,17116
17117,17118,17119,17121,17123,17125,17126,17127,17128,17129,17131,17136,17137,17138,17139,17140,17141,17142,17143,17144
17145,17146,17147,17148,17149,17150,17151,17152,17153,17154,17156,17160,17162,17166,17171,17176,17178,17186,17189,17197
17208,17223,17224,17231,17234,17237,17239,17241,17243,17246,17248,17251,17255,17259,17262,17264,17267,17270,17274,17278
17280,17289,17289,17290,17291,17292,17293,17294,17295,17296,17297,17300,17301,17302,17306,17307,17309,17312,17314,17314
17316,17319,17321,17323,17327,17327,17328,17328,17328,17329,17330,17331,17332,17333,17333,17333,17334,17335,17335,17335
17336,17336,17336,17336,17336,17337,17338,17338,17338,17338,17338,17339,17339,17339,17339,17339,17344,17347,17354,17354
17357,17359,17360,17361,17362,17366,17367,17368,17369,17370,17371,17372,17373,17374,17375,17376,17377,17381,17382,17383
17384,17388,17395,17396,17397,17398,17399,17400,17401,17402,17403,17404,17405,17406,17407,17408,17409,17410,17411,17412
17414,17415,17416,17417,17418,17419,17420,17421,17422,17423,17425,17429,17432,17435,17439,17444,17446,17447,17448,17450
17452,17454,17458,17460,17462,17463,17465,17466,17468,17470,17471,17472,17473,17474,17475,17475,17476,17477,17478,17479
17480,17481,17482,17483,17484,17485,17486,17487,17488,17489,17490,17491,17492,17493,17494,17495,17496,17497,17498,17498
17498,17498,17499,17500,17500,17500,17500,17500,17500,17501,17502,17504,17505,17506,17507,17508,17509,17510,17511,17512
17513,17514,17515,17516,17517,17518,17520,17522,17523,17524,17525,17526,17527,17528,17529,17530,17531,17532,17533,17534
17535,17536,17538,17540,17542,17543,17544,17545,17546,17547,17548,17550,17551,17552,17553,17555,17556,17557,17558,17559
17560,17561,17562,17563,17564,17565,17566,17567,17568,17570,17571,17572,17573,17574,17575,17576,17577,17578,17579,17580
17581,17582,17584,17588,17589,17590,17591,17592,17593,17594,17595,17597,17598,17599,17600,17602,17606,17610,17613,17616
17617,17618,17619,17620,17621,17624,17626,17628,17629,17630,17631,17633,17633,17637,17640,17645,17646,17647,17648,17649
17650,17651,17652,17653,17654,17656,17658,17659,17662,17663,17665,17667,17670,17673,17675,17676,17678,17680,17681,17683
17684,17685,17686,17687,17689,17690,17691,17692,17693,17694,17695,17696,17698,17700,17702,17703,17704,17705,17706,17707
17708,17709,17710,17711,17713,17715,17717,17718,17719,17720,17721,17723,17725,17727,17728,17729,17730,17731,17732,17733
17734,17741,17748,17751,17756,17762,17768,17770,17773,17777,17781,17785,17788,17795,17801,17808,17814,17814,17816,17819
17822,17824,17827,17829,17833,17839,17846,17846,17851,17857,17864,17864,17864,17869,17875,17880,17880,17880,17880,17880
17880,17880,17880,17882,17884,17886,17887,17888,17890,17892,17894,17896,17898,17900,17902,17904,17905,17906,17906,17906
17907,17908,17910,17911,17912,17912,17913,17914,17917,17917,17917,17917,17917,17917,17917,17917,17917,17917,17918,17919
17920,17920,17920,17920,17920,17920,17920,17920,17920,17920,17920,17924,17929,17935,17935,17937,17937,17939,17941,17941
17941,17943,17945,17947,17949,17951,17953,17955,17957,17959,17961,17963,17965,17967,17969,17971,17973,17975,17977,17979
17981,17983,17985,17985,17985,17985,17986,17988,17990,17993,17995,17997,17999,18001,18003,18005,18007,18007,18011,18019
18026,18028,18032,18036,18041,18045,18048,18052,18055,18059,18068,18077,18078,18079,18088,18095,18103,18111,18116,18120
18123,18132,18133,18134,18136,18138,18139,18140,18141,18142,18143,18144,18145,18146,18149,18149,18150,18151,18152,18153
18154,18157,18159,18160,18161,18164,18167,18168,18169,18170,18173,18180,18181,18184,18187,18190,18193,18194,18197,18200
18203,18206,18207,18208,18211,18211,18211,18211,18211,18211,18211,18211,18211,18219,18227,18235,18236,18237,18246,18254
18255,18256,18257,18258,18259,18260,18261,18262,18263,18264,18265,18266,18267,18268,18269,18270,18271,18272,18273,18275
18277,18279,18281,18283,18285,18287,18289,18291,18292,18293,18294,18295,18296,18297,18298,18299,18300,18301,18308,18309
18314,18316,18319,18322,18324,18327,18329,18332,18335,18339,18343,18347,18350,18354,18357,18359,18362,18365,18368,18370
18373,18377,18381,18384,18387,18389,18391,18394,18396,18398,18401,18404,18407,18409,18412,18414,18416,18418,18420,18422
18426,18430,18434,18438,18442,18443,18444,18445,18446,18447,18448,18450,18451,18452,18453,18454,18456,18458,18459,18460
18461,18462,18463,18464,18465,18466,18467,18468,18469,18470,18471,18472,18473,18474,18475,18476,18477,18478,18479,18481
18483,18487,18489,18496,18498,18501,18501,18501,18501,18505,18508,18509,18510,18511,18512,18513,18514,18515,18516,18517
18518,18519,18520,18521,18522,18523,18524,18525,18526,18527,18528,18529,18530,18530,18530,18532,18534,18536,18537,18539
18540,18542,18543,18544,18545,18546,18546,18546,18547,18548,18549,18550,18551,18552,18553,18554,18555,18556,18557,18558
18559,18560,18561,18562,18563,18565,18566,18567,18568,18569,18570,18571,18572,18574,18575,18579,18583,18584,18585,18587
18588,18589,18591,18595,18599,18602,18606,18607,18611,18615,18617,18618,18619,18620,18621,18622,18624,18626,18628,18630
18632,18634,18636,18638,18640,18642,18644,18646,18648,18650,18652,18654,18656,18658,18660,18662,18664,18666,18668,18670
18672,18674,18676,18678,18680,18682,18684,18686,18688,18690,18692,18694,18696,18698,18700,18702,18704,18706,18708,18710
18712,18714,18715,18716,18717,18718,18719,18720,18721,18722,18722,18722,18722,18722,18722,18722,18722,18722,18722,18722
18722,18723,18725,18727,18728,18730,18731,18731,18731,18732,18732,18733,18735,18737,18738,18739,18740,18741,18742,18743
18744,18745,18746,18747,18749,18751,18753,18755,18757,18759,18761,18762,18763,18764,18765,18766,18767,18768,18769,18772
18772,18772,18772,18772,18772,18772,18772,18773,18774,18775,18776,18777,18778,18779,18780,18781,18782,18783,18784,18785
18786,18787,18789,18793,18795,18798,18801,18804,18808,18812,18815,18819,18822,18826,18829,18833,18836,18840,18843,18847
18850,18854,18857,18860,18864,18867,18870,18874,18878,18881,18885,18888,18891,18895,18899,18902,18906,18909,18913,18916
18923,18926,18927,18928,18932,18939,18940,18941,18944,18948,18949,18952,18956,18959,18960,18961,18969,18977,18981,18984
18987,18990,18994,18997,19001,19004,19004,19005,19006,19007,19008,19009,19010,19011,19012,19014,19015,19017,19019,19021
19024,19025,19026,19028,19030,19031,19032,19038,19044,19045,19049,19053,19055,19057,19058,19059,19064,19065,19066,19071
19076,19080,19082,19087,19088,19089,19090,19096,19097,19098,19099,19100,19101,19106,19111,19112,19113,19114,19115,19121
19123,19125,19131,19132,19133,19135,19136,19141,19146,19152,19158,19163,19165,19166,19170,19174,19176,19178,19180,19182
19189,19196,19200,19204,19209,19210,19211,19212,19213,19219,19223,19229,19233,19240,19245,19249,19253,19259,19263,19269
19275,19279,19285,19289,19295,19299,19303,19309,19315,19319,19324,19331,19334,19341,19344,19348,19354,19361,19366,19367
19368,19369,19370,19372,19372,19372,19372,19372,19372,19372,19372,19372,19372,19372,19372,19372,19372,19372,19372,19372
19375,19376,19377,19378,19379,19380,19381,19382,19383,19384,19385,19386,19387,19388,19389,19390,19390,19391,19392,19392
19393,19394,19395,19395,19396,19397,19397,19398,19399,19400,19401,19403,19403,19404,19405,19406,19407,19408,19409,19411
19413,19414,19416,19419,19420,19423,19428,19429,19430,19433,19434,19437,19441,19444,19445,19446,19450,19453,19454,19455
19456,19457,19458,19461,19464,19465,19466,19467,19468,19469,19470,19471,19472,19472,19472,19472,19472,19472,19472,19472
19472,19474,19476,19479,19481,19482,19483,19484,19485,19487,19488,19489,19490,19491,19492,19494,19497,19499,19502,19505
19507,19508,19510,19512,19514,19516,19518,19520,19522,19523,19525,19527,19529,19531,19533,19535,19537,19539,19541,19543
19545,19547,19549,19550,19551,19552,19553,19554,19555,19556,19557,19558,19559,19560,19561,19562,19563,19564,19565,19566
19567,19567,19567,19567,19567,19567,19567,19567,19568,19568,19568,19568,19568,19568,19568,19568,19568,19568,19568,19568
19568,19574,19574,19574,19574,19574,19574,19574,19574,19574,19574,19575,19577,19579,19581,19582,19583,19585,19587,19589
19591,19593,19595,19597,19599,19601,19602,19603,19604,19605,19606,19608,19609,19610,19611,19612,19613,19615,19616,19617
19619,19620,19621,19621,19622,19623,19624,19625,19626,19627,19628,19629,19631,19635,19637,19641,19643,19645,19646,19648
19650,19651,19653,19655,19657,19660,19664,19666,19668,19674,19680,19684,19688,19688,19688,19688,19689,19690,19692,19695
19698,19700,19702,19704,19707,19709,19711,19713,19715,19717,19719,19722,19725,19726,19728,19732,19734,19737,19739,19740
19741,19743,19747,19749,19750,19751,19754,19755,19756,19759,19760,19761,19762,19764,19767,19769,19770,19772,19774,19775
19778,19779,19782,19784,19787,19789,19793,19794,19797,19801,19803,19804,19807,19809,19813,19816,19817,19820,19824,19825
19828,19829,19830,19831,19832,19832,19833,19833,19833,19833,19833,19835,19839,19840,19841,19843,19844,19845,19847,19849
19851,19853,19856,19857,19858,19859,19860,19860,19861,19862,19862,19862,19864,19865,19868,19868,19868,19869,19870,19871
19872,19875,19877,19879,19881,19882,19882,19882,19883,19883,19884,19885,19886,19887,19888,19889,19890,19891,19892,19893
19894,19895,19896,19897,19897,19897,19897,19897,19897,19897,19897,19897,19897,19897,19897,19897,19897,19897,19897,19897
19899,19900,19902,19905,19909,19913,19915,19918,19920,19923,19924,19925,19926,19927,19930,19933,19935,19938,19939,19940
19941,19942,19943,19944,19945,19946,19947,19948,19949,19951,19953,19954,19955,19956,19958,19959,19960,19962,19964,19965
19967,19969,19970,19972,19974,19977,19978,19979,19980,19981,19982,19983,19984,19985,19986,19987,19988,19989,19990,19991
19992,20004,20010,20012,20018,20019,20021,20023,20023,20023,20025,20027,20029,20031,20033,20035,20037,20039,20041,20043
20045,20046,20047,20048,20048,20049,20050,20051,20051,20051,20051,20051,20051,20051,20051,20051,20051,20051,20051,20051
20051,20052,20055,20056,20059,20060,20063,20064,20065,20066,20066,20066,20067,20068,20069,20070,20076,20080,20083,20085
20087,20090,20092,20094,20097,20100,20102,20104,20106,20108,20111,20114,20117,20119,20121,20123,20125,20127,20129,20131
20133,20134,20136,20137,20137,20137,20137,20137,20137,20137,20137,20137,20137,20137,20137,20137,20137,20137,20137,20137
20137,20138,20139,20140,20141,20142,20143,20144,20146,20147,20149,20151,20152,20153,20154,20156,20158,20159,20160,20161
20162,20162,20162,20162,20165,20168,20171,20174,20176,20178,20180,20182,20184,20186,20188,20190,20192,20194,20197,20198
20199,20200,20201,20202,20203,20204,20205,20206,20208,20209,20212,20219,20221,20224,20229,20233,20237,20242,20246,20251
20253,20255,20258,20261,20264,20267,20270,20273,20277,20281,20285,20289,20293,20296,20299,20302,20303,20306,20309,20313
20317,20322,20324,20327,20329,20332,20335,20338,20343,20345,20347,20352,20356,20358,20361,20365,20367,20370,20373,20379
20384,20386,20389,20393,20398,20400,20403,20406,20408,20411,20413,20415,20418,20422,20426,20431,20434,20438,20441,20444
20449,20454,20460,20467,20473,20475,20477,20481,20486,20487,20488,20491,20493,20496,20500,20503,20507,20511,20512,20514
20519,20526,20531,20533,20535,20538,20540,20543,20545,20548,20551,20553,20555,20558,20560,20562,20565,20567,20568,20571
20573,20576,20578,20582,20588,20590,20593,20595,20597,20598,20599,20601,20602,20603,20604,20605,20606,20607,20608,20611
20613,20621,20629,20631,20631,20631,20631,20631,20631,20631,20631,20631,20631,20634,20636,20637,20638,20639,20640,20641
20641,20641,20642,20643,20644,20645,20646,20647,20648,20649,20650,20651,20652,20653,20655,20656,20657,20658,20659,20660
20661,20662,20663,20664,20665,20666,20667,20668,20669,20670,20671,20672,20673,20674,20675,20676,20677,20678,20679,20680
20681,20682,20683,20684,20685,20686,20687,20688,20689,20691,20695,20698,20701,20705,20708,20712,20716,20719,20722,20725
20729,20731,20735,20738,20739,20741,20742,20748,20751,20753,20754,20755,20756,20760,20763,20765,20766,20767,20768,20769
20770,20771,20772,20773,20774,20775,20776,20777,20778,20779,20780,20781,20782,20783,20784,20785,20786,20787,20788,20789
20790,20791,20792,20793,20794,20795,20796,20797,20798,20799,20800,20801,20802,20803,20804,20806,20808,20810,20812,20813
20814,20815,20816,20817,20818,20820,20822,20823,20824,20825,20826,20828,20830,20831,20832,20833,20834,20835,20837,20839
20841,20843,20845,20846,20847,20848,20849,20852,20853,20856,20857,20860,20861,20862,20863,20864,20864,20864,20864,20864
20864,20864,20864,20864,20870,20880,20884,20888,20898,20900,20908,20912,20914,20922,20930,20932,20940,20946,20952,20962
20962,20963,20964,20965,20966,20967,20969,20970,20971,20972,20973,20974,20975,20977,20979,20980,20981,20982,20983,20985
20986,20987,20989,20990,20991,20992,20995,20995,20996,20997,20998,20999,21000,21001,21002,21003,21011,21013,21014,21017
21019,21021,21024,21025,21028,21030,21032,21035,21037,21040,21042,21045,21046,21047,21049,21052,21055,21056,21058,21061
21064,21066,21069,21071,21073,21074,21075,21077,21079,21081,21082,21084,21087,21089,21092,21095,21097,21099,21100,21102
21105,21106,21107,21110,21112,21115,21117,21120,21123,21125,21127,21129,21131,21132,21134,21136,21137,21138,21140,21143
21144,21145,21148,21149,21152,21154,21156,21157,21158,21159,21160,21162,21165,21167,21169,21171,21173,21175,21178,21180
21182,21183,21184,21187,21189,21191,21194,21196,21199,21201,21204,21206,21208,21211,21213,21215,21217,21219,21222,21224
21226,21228,21228,21228,21228,21229,21230,21231,21233,21236,21238,21238,21238,21239,21240,21240,21240,21240,21240,21242
21243,21244,21245,21246,21247,21247,21247,21247,21247,21247,21247,21247,21247,21247,21247,21247,21247,21247,21247,21248
21249,21249,21249,21249,21249,21249,21249,21249,21251,21252,21253,21253,21253,21255,21257,21257,21257,21257,21257,21257
21257,21258,21262,21263,21264,21265,21266,21269,21271,21275,21277,21280,21281,21282,21283,21284,21285,21286,21289,21291
21294,21297,21299,21300,21301,21303,21305,21308,21311,21313,21314,21316,21319,21320,21321,21322,21323,21324,21325,21326
21327,21328,21329,21330,21330,21330,21330,21330,21331,21332,21333,21334,21335,21337,21339,21340,21341,21343,21344,21345
21346,21348,21349,21355,21356,21358,21361,21363,21365,21368,21370,21373,21376,21378,21381,21383,21385,21386,21388,21390
21392,21395,21396,21397,21398,21402,21403,21404,21408,21410,21411,21412,21413,21414,21415,21416,21417,21418,21419,21420
21420,21421,21423,21424,21425,21427,21429,21431,21433,21435,21437,21439,21441,21443,21445,21447,21449,21451,21452,21453
21453,21457,21458,21459,21460,21461,21463,21464,21466,21468,21471,21473,21475,21475,21475,21475,21475,21475,21475,21476
21477,21478,21479,21480,21481,21486,21489,21492,21499,21502,21505,21508,21513,21516,21519,21522,21524,21527,21529,21533
21534,21535,21538,21541,21542,21543,21544,21547,21548,21549,21550,21551,21554,21557,21560,21563,21564,21565,21568,21571
21572,21573,21575,21576,21577,21578,21580,21582,21584,21586,21588,21590,21592,21594,21596,21598,21599,21601,21603,21604
21605,21606,21607,21609,21610,21611,21613,21615,21617,21617,21617,21617,21617,21617,21623,21629,21635,21639,21645,21651
21656,21657,21664,21669,21676,21680,21686,21686,21686,21687,21688,21689,21690,21691,21692,21693,21694,21695,21696,21697
21698,21701,21704,21707,21709,21712,21713,21714,21716,21717,21720,21723,21726,21729,21731,21732,21733,21736,21739,21742
21743,21744,21748,21751,21754,21755,21759,21760,21761,21762,21763,21765,21767,21768,21772,21776,21777,21778,21779,21781
21783,21784,21785,21786,21787,21788,21789,21793,21794,21798,21799,21802,21805,21809,21810,21813,21815,21816,21817,21820
21823,21825,21828,21829,21830,21831,21833,21836,21839,21842,21844,21847,21849,21851,21854,21856,21859,21861,21864,21866
21868,21869,21873,21874,21875,21876,21877,21878,21879,21880,21881,21882,21886,21887,21888,21889,21890,21891,21892,21893
21894,21895,21896,21897,21898,21899,21900,21901,21902,21903,21904,21905,21906,21907,21908,21908,21908,21908,21908,21912
21915,21916,21919,21920,21921,21922,21923,21924,21925,21927,21929,21930,21931,21932,21933,21934,21935,21937,21939,21941
21942,21944,21946,21946,21946,21947,21948,21949,21950,21952,21953,21954,21955,21956,21957,21958,21960,21962,21964,21966
21967,21969,21970,21972,21974,21975,21976,21977,21978,21979,21980,21981,21982,21983,21984,21985,21986,21987,21988,21989
21990,21991,21992,21994,21996,22000,22000,22001,22002,22003,22004,22014,22018,22026,22030,22034,22044,22054,22058,22059
22060,22061,22062,22063,22064,22067,22068,22069,22070,22071,22072,22073,22074,22075,22076,22077,22078,22079,22080,22081
22082,22083,22084,22085,22086,22087,22088,22089,22090,22091,22092,22092,22093,22094,22095,22096,22097,22099,22100,22103
22104,22105,22107,22109,22111,22112,22114,22116,22116,22117,22118,22119,22120,22122,22124,22125,22126,22126,22128,22130
22131,22132,22132,22132,22134,22134,22135,22136,22138,22140,22142,22144,22147,22151,22153,22154,22155,22156,22157,22158
22159,22160,22161,22162,22164,22165,22166,22167,22168,22171,22174,22178,22181,22184,22187,22190,22194,22198,22201,22204
22207,22210,22213,22216,22219,22222,22225,22228,22232,22235,22238,22241,22245,22248,22251,22255,22259,22262,22265,22266
22267,22271,22274,22277,22280,22285,22290,22293,22297,22301,22304,22308,22312,22314,22317,22320,22321,22322,22323,22326
22331,22332,22333,22337,22341,22345,22349,22353,22357,22360,22363,22363,22366,22369,22375,22381,22384,22387,22391,22395
22398,22401,22404,22408,22409,22410,22413,22414,22418,22422,22426,22430,22435,22440,22441,22445,22446,22447,22450,22455
22460,22465,22469,22470,22473,22476,22480,22484,22488,22491,22494,22497,22502,22507,22510,22511,22512,22513,22516,22517
22519,22522,22526,22530,22534,22538,22542,22547,22550,22554,22557,22561,22564,22566,22568,22573,22577,22580,22584,22588
22590,22591,22591,22591,22592,22593,22594,22595,22597,22599,22600,22600,22602,22604,22604,22604,22604,22605,22605,22605
22607,22608,22609,22609,22610,22610,22611,22615,22617,22618,22619,22624,22627,22630,22634,22639,22642,22643,22644,22648
22651,22656,22657,22661,22663,22665,22666,22671,22674,22677,22682,22685,22690,22691,22692,22696,22698,22703,22706,22711
22712,22713,22714,22715,22716,22717,22718,22718,22718,22718,22718,22719,22720,22721,22722,22722,22723,22724,22725,22726
22727,22728,22728,22728,22728,22728,22728,22729,22730,22731,22732,22733,22734,22735,22736,22738,22739,22740,22741,22742
22743,22744,22745,22746,22747,22748,22749,22750,22751,22752,22753,22754,22755,22756,22757,22758,22759,22760,22761,22762
22762,22762,22762,22762,22762,22762,22762,22762,22762,22762,22763,22764,22765,22766,22767,22768,22769,22770,22771,22773
22774,22775,22776,22777,22778,22779,22780,22781,22782,22783,22784,22785,22786,22787,22789,22790,22792,22793,22794,22795
22796,22797,22798,22799,22800,22801,22802,22803,22804,22805,22806,22822,22829,22830,22831,22834,22837,22840,22843,22846
22851,22859,22865,22872,22878,22882,22889,22904,22905,22906,22912,22919,22925,22928,22931,22934,22936,22938,22939,22940
22943,22946,22951,22954,22957,22959,22963,22969,22970,22975,22976,22976,22976,22977,22977,22980,22983,22986,22987,22988
22989,22989,22989,22991,22991,22991,22992,22993,22993,22994,22995,22995,22995,22996,22997,22998,22999,22999,23000,23000
23001,23002,23003,23004,23005,23006,23007,23008,23009,23010,23011,23011,23011,23011,23011,23011,23011,23011,23011,23014
23017,23019,23021,23023,23025,23027,23029,23031,23033,23035,23037,23039,23041,23043,23045,23047,23048,23051,23054,23055
23056,23057,23058,23060,23062,23065,23067,23068,23069,23070,23071,23072,23074,23075,23076,23077,23078,23079,23080,23081
23082,23084,23085,23086,23087,23088,23089,23090,23091,23092,23093,23094,23095,23096,23097,23098,23099,23100,23101,23102
23103,23107,23110,23114,23117,23121,23125,23128,23132,23136,23137,23138,23139,23140,23141,23141,23142,23142,23143,23144
23145,23146,23147,23148,23149,23150,23151,23152,23153,23154,23155,23156,23157,23158,23159,23160,23161,23162,23163,23164
23164,23167,23170,23172,23173,23173,23173,23173,23173,23174,23175,23176,23177,23178,23180,23184,23188,23190,23194,23196
23198,23202,23204,23208,23210,23214,23216,23220,23224,23226,23230,23232,23236,23238,23239,23240,23243,23244,23245,23246
23247,23251,23255,23259,23261,23265,23266,23267,23270,23274,23277,23278,23280,23281,23283,23284,23285,23287,23292,23297
23297,23297,23298,23299,23300,23301,23302,23303,23304,23305,23307,23309,23310,23311,23312,23313,23314,23315,23316,23316
23317,23318,23319,23319,23319,23319,23319,23319,23319,23319,23319,23321,23322,23323,23324,23325,23325,23326,23327,23328
23329,23330,23331,23333,23335,23336,23337,23338,23339,23340,23341,23342,23343,23344,23345,23347,23349,23353,23355,23358
23361,23363,23367,23369,23370,23375,23380,23384,23387,23391,23395,23397,23398,23403,23407,23411,23416,23421,23427,23428
23429,23430,23438,23443,23450,23455,23456,23461,23466,23471,23477,23478,23479,23480,23485,23489,23495,23496,23498,23499
23500,23501,23501,23502,23503,23503,23504,23504,23504,23505,23506,23506,23507,23509,23512,23516,23517,23518,23519,23520
23521,23522,23527,23528,23529,23535,23539,23541,23546,23549,23553,23556,23560,23563,23566,23570,23573,23577,23580,23584
23587,23591,23594,23596,23598,23602,23605,23609,23612,23616,23618,23619,23623,23624,23625,23626,23627,23628,23629,23630
23631,23632,23633,23634,23635,23636,23637,23638,23639,23640,23641,23642,23643,23644,23645,23646,23647,23648,23649,23650
23651,23652,23653,23654,23657,23660,23663,23666,23669,23676,23682,23690,23695,23703,23711,23715,23722,23731,23737,23739
23741,23743,23745,23747,23749,23751,23752,23753,23756,23758,23762,23764,23766,23768,23770,23771,23772,23773,23774,23775
23776,23778,23780,23782,23784,23786,23787,23788,23789,23790,23791,23792,23793,23794,23795,23796,23797,23798,23799,23800
23801,23802,23803,23804,23805,23806,23807,23808,23809,23810,23811,23812,23813,23814,23815,23816,23817,23820,23823,23824
23827,23830,23833,23834,23835,23836,23837,23838,23839,23841,23842,23843,23845,23848,23849,23850,23851,23852,23852,23853
23854,23856,23858,23862,23864,23866,23868,23870,23871,23873,23875,23879,23882,23885,23886,23887,23889,23891,23892,23895
23899,23900,23902,23904,23907,23911,23914,23916,23920,23924,23926,23928,23929,23930,23931,23932,23933,23934,23935,23936
23937,23938,23939,23940,23941,23943,23945,23946,23947,23948,23949,23950,23951,23952,23953,23954,23955,23956,23957,23958
23959,23960,23961,23962,23964,23966,23968,23970,23972,23974,23976,23978,23979,23980,23982,23984,23985,23986,23988,23989
23990,23991,23994,23997,24000,24003,24004,24005,24006,24009,24010,24011,24014,24017,24020,24021,24024,24027,24030,24033
24038,24040,24042,24043,24044,24046,24048,24050,24051,24054,24056,24058,24059,24061,24062,24063,24064,24066,24068,24070
24071,24075,24082,24083,24085,24088,24089,24091,24092,24094,24095,24097,24103,24105,24109,24111,24112,24115,24116,24117
24119,24120,24122,24124,24127,24129,24131,24132,24133,24135,24138,24140,24141,24144,24150,24151,24156,24161,24165,24167
24174,24179,24185,24191,24198,24201,24206,24210,24216,24218,24220,24222,24224,24226,24228,24230,24232,24234,24237,24239
24241,24244,24248,24250,24252,24254,24256,24258,24259,24260,24261,24262,24263,24264,24265,24267,24268,24269,24271,24272
24274,24275,24277,24281,24285,24289,24293,24297,24301,24305,24306,24307,24308,24309,24310,24311,24312,24313,24314,24315
24316,24317,24318,24321,24324,24326,24327,24330,24332,24335,24337,24339,24341,24342,24343,24346,24348,24349,24350,24351
24356,24357,24358,24359,24362,24363,24364,24366,24369,24372,24374,24375,24376,24377,24378,24379,24381,24384,24387,24389
24391,24393,24395,24397,24399,24401,24403,24406,24410,24412,24414,24420,24426,24430,24432,24434,24436,24437,24439,24441
24443,24444,24446,24449,24451,24453,24455,24457,24460,24462,24472,24476,24479,24480,24482,24486,24487,24489,24489,24489
24489,24489,24489,24489,24493,24493,24493,24497,24500,24502,24504,24505,24507,24508,24510,24513,24515,24516,24518,24521
24522,24523,24524,24525,24526,24527,24529,24530,24531,24532,24533,24534,24535,24539,24544,24545,24547,24552,24554,24557
24559,24560,24562,24564,24569,24573,24576,24580,24583,24591,24594,24596,24598,24599,24600,24602,24605,24608,24610,24613
24615,24617,24620,24622,24629,24630,24632,24635,24637,24640,24642,24643,24645,24648,24650,24652,24654,24657,24661,24666
24668,24670,24671,24672,24674,24676,24678,24680,24685,24687,24690,24691,24693,24694,24696,24702,24704,24710,24712,24713
24716,24720,24723,24724,24726,24735,24737,24739,24741,24744,24746,24749,24751,24754,24757,24759,24762,24764,24766,24769
24771,24775,24779,24780,24783,24785,24789,24790,24792,24794,24798,24800,24804,24808,24810,24812,24814,24816,24818,24820
24823,24824,24825,24826,24827,24831,24833,24835,24838,24840,24843,24845,24848,24850,24853,24855,24858,24860,24863,24866
24868,24870,24873,24875,24878,24880,24883,24886,24887,24890,24892,24895,24897,24900,24902,24904,24907,24909,24911,24914
24916,24918,24920,24923,24925,24928,24931,24934,24938,24941,24943,24946,24949,24951,24953,24955,24959,24961,24961,24964
24966,24969,24972,24974,24975,24976,24978,24979,24981,24982,24983,24985,24987,24988,24990,24991,24993,24997,24999,25000
25002,25005,25008,25012,25014,25017,25019,25022,25025,25027,25030,25033,25035,25038,25040,25042,25044,25046,25048,25050
25052,25053,25055,25057,25059,25061,25061,25063,25065,25067,25069,25071,25073,25075,25077,25079,25080,25081,25082,25085
25088,25090,25091,25093,25094,25096,25097,25098,25099,25100,25101,25103,25107,25110,25114,25117,25126,25134,25137,25141
25146,25152,25156,25160,25163,25168,25173,25177,25180,25186,25187,25190,25193,25196,25198,25201,25203,25205,25207,25209
25211,25214,25216,25219,25221,25223,25225,25228,25230,25232,25234,25236,25239,25242,25245,25248,25249,25250,25252,25254
25256,25257,25258,25259,25260,25261,25263,25265,25267,25269,25271,25273,25275,25277,25279,25281,25283,25285,25287,25289
25291,25293,25295,25297,25299,25301,25306,25308,25310,25312,25314,25316,25318,25320,25322,25324,25330,25332,25336,25337
25338,25344,25349,25350,25352,25353,25359,25360,25362,25366,25367,25368,25370,25374,25376,25378,25384,25388,25389,25389
25391,25394,25395,25399,25400,25404,25406,25408,25409,25410,25414,25418,25421,25426,25431,25436,25441,25446,25448,25452
25455,25458,25459,25460,25463,25463,25467,25471,25476,25476,25476,25476,25476,25476,25476,25476,25476,25476,25478,25480
25482,25484,25486,25489,25491,25493,25496,25498,25500,25506,25510,25512,25516,25522,25523,25524,25525,25526,25527,25528
25529,25530,25531,25532,25533,25534,25535,25539,25542,25546,25549,25551,25554,25557,25560,25562,25565,25567,25571,25575
25579,25586,25592,25593,25593,25597,25600,25606,25609,25611,25613,25613,25614,25615,25616,25618,25621,25622,25623,25624
25625,25627,25629,25633,25636,25640,25643,25645,25647,25649,25651,25653,25655,25657,25659,25661,25663,25665,25667,25669
25671,25673,25675,25677,25679,25681,25683,25685,25687,25689,25691,25693,25695,25697,25699,25701,25703,25705,25707,25709
25711,25712,25714,25716,25718,25720,25722,25724,25725,25729,25731,25733,25736,25737,25738,25739,25741,25742,25744,25745
25746,25752,25754,25755,25759,25760,25762,25764,25768,25772,25776,25780,25781,25783,25784,25785,25786,25788,25791,25791
25794,25799,25802,25807,25810,25813,25818,25823,25828,25831,25836,25839,25839,25839,25845,25847,25849,25852,25856,25862
25864,25866,25870,25872,25874,25875,25877,25879,25881,25882,25884,25886,25888,25890,25891,25893,25895,25896,25897,25899
25900,25902,25904,25905,25908,25912,25913,25915,25916,25918,25919,25920,25922,25923,25924,25925,25928,25930,25931,25933
25934,25936,25938,25939,25941,25945,25946,25948,25950,25953,25955,25957,25961,25965,25972,25974,25975,25976,25977,25979
25980,25981,25982,25984,25985,25986,25988,25989,25990,25992,25993,25994,25995,25998,25999,26003,26004,26005,26006,26008
26013,26014,26015,26016,26019,26021,26022,26024,26025,26027,26031,26033,26034,26035,26036,26037,26039,26041,26042,26046
26048,26049,26051,26055,26057,26058,26060,26064,26065,26066,26068,26069,26070,26073,26074,26076,26080,26082,26083,26086
26087,26088,26089,26090,26091,26092,26093,26094,26095,26096,26097,26098,26100,26102,26104,26107,26109,26112,26115,26119
26123,26128,26132,26135,26140,26143,26145,26148,26151,26155,26158,26160,26163,26167,26168,26169,26170,26171,26175,26179
26182,26185,26190,26194,26199,26202,26203,26207,26210,26214,26215,26219,26223,26226,26228,26230,26231,26234,26237,26239
26242,26244,26246,26248,26250,26252,26254,26256,26258,26261,26266,26268,26270,26273,26277,26281,26285,26289,26291,26292
26294,26295,26297,26299,26302,26303,26306,26310,26313,26316,26319,26323,26327,26333,26337,26343,26347,26353,26358,26366
26368,26370,26372,26374,26376,26377,26380,26381,26383,26386,26388,26390,26394,26396,26398,26402,26406,26408,26409,26411
26412,26414,26415,26419,26422,26425,26431,26435,26438,26442,26445,26448,26452,26456,26460,26463,26466,26470,26474,26477
26480,26484,26487,26488,26490,26493,26496,26501,26505,26509,26510,26512,26517,26522,26524,26526,26530,26534,26536,26541
26546,26548,26551,26553,26554,26555,26556,26557,26558,26559,26562,26565,26568,26571,26574,26577,26580,26581,26582,26585
26586,26589,26592,26593,26596,26597,26600,26601,26604,26605,26608,26611,26612,26615,26616,26617,26618,26620,26622,26624
26626,26628,26630,26633,26635,26638,26640,26642,26644,26646,26648,26650,26653,26656,26658,26660,26662,26664,26667,26671
26673,26675,26678,26681,26683,26686,26689,26692,26693,26697,26699,26701,26703,26706,26710,26712,26717,26722,26727,26732
26737,26742,26747,26752,26755,26758,26761,26764,26767,26770,26772,26773,26774,26777,26779,26781,26783,26786,26789,26791
26793,26795,26797,26799,26801,26803,26805,26807,26809,26811,26813,26815,26817,26819,26821,26823,26825,26827,26829,26831
26833,26835,26837,26839,26841,26843,26845,26849,26853,26857,26861,26866,26871,26876,26880,26884,26889,26890,26891,26892
26893,26896,26899,26902,26903,26905,26906,26909,26910,26911,26913,26914,26916,26917,26919,26920,26921,26923,26925,26927
26928,26931,26933,26936,26938,26939,26941,26942,26943,26945,26947,26948,26951,26954,26955,26957,26958,26960,26968,26977
26979,26981,26983,26985,26987,26989,26992,26994,26996,26998,27001,27004,27006,27008,27011,27013,27015,27019,27023,27027
27031,27035,27039,27043,27047,27051,27055,27059,27063,27067,27071,27075,27079,27083,27087,27091,27095,27099,27103,27109
27112,27114,27117,27119,27122,27123,27125,27128,27131,27134,27137,27140,27143,27146,27149,27152,27155,27158,27161,27164
27167,27168,27172,27174,27181,27187,27194,27201,27205,27211,27215,27221,27225,27227,27230,27233,27236,27238,27241,27243
27246,27248,27250,27253,27256,27258,27261,27263,27266,27268,27271,27273,27275,27276,27277,27278,27279,27280,27283,27284
27285,27286,27287,27288,27289,27293,27297,27298,27301,27303,27304,27305,27308,27311,27313,27316,27320,27324,27326,27327
27330,27333,27335,27336,27337,27339,27340,27341,27342,27345,27347,27350,27352,27354,27357,27360,27362,27363,27365,27369
27373,27376,27378,27380,27383,27385,27387,27389,27391,27396,27399,27401,27402,27405,27413,27418,27426,27434,27442,27443
27444,27445,27446,27447,27448,27449,27455,27456,27457,27462,27467,27470,27471,27472,27474,27476,27479,27482,27485,27486
27490,27492,27493,27494,27495,27496,27497,27498,27499,27500,27501,27502,27503,27504,27505,27506,27507,27508,27509,27510
27511,27512,27513,27514,27515,27517,27518,27520,27521,27523,27526,27528,27530,27533,27533,27533,27536,27538,27540,27543
27545,27547,27549,27551,27553,27555,27557,27559,27561,27563,27565,27567,27569,27571,27573,27575,27577,27577,27579,27581
27583,27583,27583,27583,27583,27583,27583,27583,27583,27583,27583,27583,27583,27584,27585,27589,27593,27597,27601,27605
27609,27610,27611,27614,27615,27618,27621,27622,27623,27627,27628,27632,27636,27640,27645,27649,27651,27654,27656,27658
27659,27661,27662,27664,27667,27669,27671,27673,27674,27676,27678,27680,27681,27683,27684,27686,27689,27691,27695,27697
27699,27701,27703,27706,27709,27711,27713,27716,27717,27719,27721,27722,27725,27728,27730,27732,27734,27736,27740,27741
27743,27745,27748,27750,27753,27755,27758,27760,27763,27765,27768,27771,27773,27775,27779,27782,27785,27787,27788,27789
27793,27794,27795,27796,27797,27799,27802,27804,27806,27810,27813,27815,27817,27820,27822,27824,27828,27831,27833,27835
27839,27840,27841,27842,27843,27844,27845,27846,27847,27848,27850,27851,27852,27854,27855,27858,27861,27862,27863,27864
27867,27870,27872,27874,27877,27880,27883,27886,27889,27892,27895,27898,27901,27904,27907,27910,27913,27916,27919,27922
27924,27930,27931,27933,27934,27935,27937,27938,27940,27942,27943,27944,27946,27947,27949,27950,27951,27953,27955,27956
27958,27959,27961,27962,27964,27966,27967,27968,27970,27972,27974,27975,27976,27978,27979,27981,27983,27985,27986,27986
27986,27994,27994,27994,27995,27996,27996,27996,27996,27996,27996,27996,27996,27996,27996,27996,27998,28000,28002,28004
28006,28008,28014,28022,28024,28026,28028,28030,28032,28034,28036,28038,28040,28046,28048,28050,28052,28054,28056,28058
28060,28062,28064,28066,28068,28070,28072,28074,28076,28078,28080,28082,28084,28086,28088,28090,28092,28094,28096,28098
28100,28102,28104,28106,28108,28110,28118,28120,28122,28124,28126,28128,28132,28134,28139,28142,28145,28148,28151,28152
28155,28158,28161,28164,28167,28170,28173,28176,28179,28182,28185,28188,28191,28194,28197,28200,28203,28206,28209,28212
28215,28218,28221,28224,28227,28230,28232,28235,28241,28242,28245,28248,28253,28255,28258,28260,28263,28266,28268,28271
28273,28276,28278,28280,28283,28286,28288,28289,28291,28293,28295,28297,28299,28301,28303,28305,28307,28311,28314,28318
28321,28321,28323,28323,28333,28337,28340,28343,28347,28351,28354,28358,28361,28364,28365,28366,28367,28374,28381,28388
28395,28399,28403,28410,28414,28415,28417,28419,28421,28424,28427,28429,28433,28436,28439,28441,28446,28450,28454,28459
28463,28465,28468,28470,28472,28475,28478,28480,28483,28485,28488,28492,28497,28502,28506,28511,28512,28513,28514,28518
28520,28522,28523,28524,28528,28529,28530,28532,28536,28537,28540,28542,28546,28550,28552,28553,28556,28559,28560,28565
28567,28568,28571,28573,28581,28590,28591,28593,28596,28597,28603,28606,28607,28610,28611,28612,28616,28617,28620,28626
28627,28628,28631,28632,28636,28637,28641,28644,28645,28648,28649,28653,28659,28666,28668,28673,28674,28678,28681,28682
28687,28693,28695,28699,28706,28710,28713,28714,28715,28716,28717,28718,28721,28722,28724,28728,28732,28733,28736,28737
28743,28746,28747,28748,28754,28757,28760,28766,28770,28775,28783,28786,28794,28799,28805,28808,28810,28813,28814,28817
28821,28822,28823,28826,28828,28833,28845,28853,28860,28868,28874,28877,28881,28889,28894,28896,28902,28905,28911,28912
28916,28920,28924,28925,28929,28931,28933,28934,28937,28942,28947,28950,28952,28954,28956,28958,28960,28962,28964,28966
28968,28970,28972,28973,28974,28975,28976,28977,28978,28980,28982,28983,28985,28988,28990,28992,28995,28997,29000,29002
29004,29006,29008,29010,29014,29016,29018,29020,29022,29024,29027,29029,29031,29034,29036,29038,29040,29043,29046,29048
29050,29053,29055,29057,29059,29062,29064,29068,29072,29076,29078,29080,29082,29085,29088,29089,29090,29091,29095,29102
29106,29109,29111,29112,29113,29119,29120,29121,29122,29123,29124,29127,29129,29131,29134,29137,29141,29143,29144,29146
29151,29153,29158,29163,29168,29173,29177,29178,29181,29184,29187,29189,29191,29194,29197,29199,29202,29204,29206,29208
29211,29213,29216,29218,29220,29221,29222,29223,29226,29227,29228,29229,29230,29231,29232,29233,29234,29235,29236,29237
29240,29241,29242,29244,29247,29248,29249,29250,29251,29252,29253,29254,29255,29256,29257,29258,29259,29260,29261,29262
29263,29264,29265,29266,29267,29268,29269,29270,29272,29274,29275,29276,29277,29278,29279,29281,29283,29285,29286,29287
29288,29289,29291,29292,29294,29295,29296,29297,29298,29300,29302,29304,29307,29309,29312,29315,29317,29318,29324,29325
29326,29327,29328,29333,29338,29339,29340,29341,29342,29343,29344,29345,29346,29347,29348,29349,29351,29353,29355,29357
29358,29360,29362,29363,29365,29366,29367,29369,29370,29372,29374,29375,29377,29379,29380,29382,29384,29386,29388,29390
29392,29394,29396,29398,29400,29404,29406,29407,29409,29411,29414,29417,29419,29422,29424,29426,29429,29432,29433,29435
29438,29440,29442,29444,29446,29448,29450,29452,29454,29456,29458,29460,29462,29464,29466,29469,29471,29476,29481,29486
29491,29493,29494,29496,29498,29502,29504,29506,29508,29510,29511,29512,29513,29514,29515,29516,29518,29520,29526,29530
29534,29537,29541,29544,29547,29551,29554,29558,29561,29565,29568,29572,29574,29575,29577,29578,29579,29581,29583,29584
29585,29586,29587,29591,29592,29595,29597,29604,29606,29608,29609,29610,29612,29615,29622,29625,29627,29629,29630,29633
29637,29641,29642,29644,29646,29648,29649,29650,29652,29654,29658,29662,29666,29670,29672,29674,29678,29680,29682,29686
29688,29690,29692,29694,29696,29698,29700,29702,29708,29712,29714,29716,29718,29720,29723,29725,29727,29729,29730,29731
29732,29733,29734,29735,29736,29737,29738,29740,29742,29747,29749,29750,29752,29754,29756,29758,29760,29762,29764,29766
29770,29773,29777,29780,29784,29790,29798,29801,29804,29808,29814,29818,29821,29825,29831,29836,29853,29870,29876,29882
29888,29896,29905,29917,29919,29927,29933,29939,29947,29951,29957,29959,29961,29963,29965,29967,29969,29971,29973,29974
29977,29980,29981,29984,29985,29988,29989,29992,29993,30003,30004,30009,30010,30013,30014,30023,30024,30027,30028,30032
30034,30037,30038,30041,30045,30046,30049,30052,30053,30054,30057,30060,30061,30064,30065,30067,30072,30073,30075,30079
30082,30084,30088,30089,30092,30093,30095,30096,30098,30100,30102,30104,30107,30109,30110,30114,30115,30116,30117,30118
30121,30125,30126,30127,30128,30129,30130,30131,30134,30135,30137,30140,30141,30143,30146,30148,30151,30154,30156,30159
30161,30162,30163,30164,30165,30167,30168,30169,30171,30173,30175,30176,30178,30179,30180,30181,30183,30184,30185,30187
30189,30190,30192,30193,30196,30197,30198,30200,30203,30204,30205,30207,30209,30213,30215,30217,30219,30222,30224,30226
30230,30233,30235,30237,30238,30239,30241,30245,30247,30249,30253,30255,30257,30259,30261,30264,30265,30268,30271,30272
30281,30282,30285,30289,30290,30299,30305,30314,30320,30321,30322,30325,30336,30339,30345,30347,30348,30351,30352,30355
30356,30365,30371,30376,30383,30386,30391,30392,30395,30396,30399,30401,30402,30404,30405,30406,30407,30409,30410,30412
30419,30421,30422,30430,30437,30440,30443,30449,30455,30461,30467,30468,30470,30478,30480,30482,30484,30491,30494,30496
30500,30502,30504,30506,30510,30511,30513,30517,30518,30519,30521,30523,30525,30527,30528,30535,30539,30542,30545,30549
30550,30553,30554,30557,30558,30559,30562,30565,30566,30569,30570,30573,30575,30579,30581,30583,30586,30587,30590,30590
30592,30596,30601,30602,30604,30606,30609,30611,30614,30617,30619,30621,30622,30624,30626,30628,30631,30635,30637,30641
30645,30648,30657,30659,30661,30664,30666,30668,30670,30675,30677,30681,30686,30690,30694,30698,30701,30704,30706,30709
30713,30717,30720,30722,30723,30725,30733,30737,30739,30741,30743,30749,30755,30760,30762,30764,30765,30769,30771,30775
30779,30783,30785,30786,30788,30790,30791,30792,30796,30802,30808,30812,30818,30822,30826,30830,30836,30840,30846,30850
30856,30862,30866,30870,30874,30878,30884,30890,30894,30900,30904,30906,30910,30914,30916,30918,30922,30924,30928,30930
30931,30932,30934,30935,30940,30944,30949,30951,30953,30956,30957,30959,30962,30965,30969,30974,30981,30982,30983,30984
30985,30987,30988,30998,31003,31005,31007,31010,31013,31014,31015,31016,31019,31021,31022,31024,31025,31027,31028,31029
31029,31034,31035,31036,31037,31039,31042,31045,31048,31049,31050,31051,31055,31057,31058,31059,31060,31061,31063,31066
31068,31070,31073,31075,31078,31080,31083,31085,31088,31090,31092,31095,31097,31100,31103,31105,31106,31107,31108,31109
31111,31112,31114,31116,31117,31118,31120,31123,31127,31129,31133,31135,31136,31138,31142,31143,31145,31148,31152,31153
31155,31156,31157,31159,31161,31162,31164,31165,31166,31167,31168,31169,31170,31171,31175,31179,31183,31186,31190,31192
31194,31196,31198,31200,31204,31208,31210,31213,31215,31219,31221,31223,31225,31229,31231,31234,31238,31240,31242,31244
31245,31248,31249,31250,31251,31254,31257,31258,31259,31260,31262,31263,31266,31267,31268,31270,31272,31273,31274,31275
31279,31285,31287,31289,31291,31293,31294,31296,31305,31306,31315,31316,31318,31320,31321,31322,31323,31325,31327,31329
31331,31333,31334,31336,31339,31341,31344,31346,31348,31350,31353,31355,31358,31360,31361,31362,31364,31367,31369,31370
31372,31375,31378,31381,31383,31385,31387,31389,31392,31393,31395,31396,31397,31398,31403,31404,31405,31406,31413,31418
31419,31420,31425,31426,31427,31428,31429,31430,31431,31432,31433,31434,31435,31436,31440,31441,31442,31443,31444,31445
31446,31450,31451,31452,31459,31460,31465,31466,31467,31468,31475,31478,31480,31483,31485,31488,31489,31491,31493,31494
31495,31497,31500,31503,31505,31507,31509,31511,31514,31517,31521,31527,31531,31537,31541,31547,31553,31557,31563,31567
31571,31577,31581,31585,31589,31595,31601,31605,31611,31613,31615,31617,31619,31621,31626,31631,31633,31635,31637,31639
31641,31643,31645,31647,31649,31653,31658,31660,31663,31666,31668,31670,31672,31674,31676,31678,31680,31685,31689,31691
31693,31695,31700,31702,31704,31706,31710,31714,31717,31719,31721,31723,31725,31727,31729,31736,31744,31747,31751,31754
31756,31758,31760,31762,31764,31766,31768,31772,31774,31776,31779,31780,31782,31784,31787,31788,31790,31792,31793,31794
31796,31797,31800,31802,31805,31807,31809,31811,31813,31816,31818,31821,31824,31826,31828,31830,31832,31835,31837,31840
31843,31845,31848,31851,31853,31855,31857,31861,31863,31865,31867,31869,31871,31873,31875,31876,31878,31880,31882,31883
31884,31886,31888,31890,31892,31893,31895,31896,31898,31900,31901,31903,31905,31906,31912,31917,31921,31924,31928,31931
31932,31933,31933,31933,31937,31940,31945,31949,31950,31951,31953,31954,31954,31954,31954,31954,31954,31954,31954,31954
31955,31956,31960,31963,31969,31974,31979,31983,31988,31992,31993,31994,32000,32005,32010,32014,32018,32021,32025,32028
32028,32029,32030,32036,32041,32047,32052,32052,32052,32058,32063,32066,32066,32069,32070,32071,32072,32073,32074,32075
32076,32077,32078,32079,32080,32081,32082,32083,32084,32085,32086,32087,32088,32089,32090,32091,32092,32093,32094,32095
32097,32101,32101,32101,32101,32101,32101,32101,32101,32101,32101,32101,32101,32101,32101,32102,32103,32103,32103,32103
32103,32103,32103,32104,32104,32105,32105,32105,32105,32107,32107,32107,32107,32107,32107,32107,32107,32112,32112,32112
32117,32117,32117,32117,32117,32117,32118,32118,32118,32118,32120,32122,32122,32122,32123,32123,32123,32123,32123,32123
32123,32124,32125,32125,32125,32125,32125,32125,32125,32125,32125,32125,32125,32125,32125,32125,32125,32125,32128,32128
32128,32128,32129,32130,32130,32130,32130,32130,32130,32130,32130,32130,32130,32133,32135,32135,32138,32140,32140,32140
32140,32140,32140,32140,32140,32140,32141,32141,32141,32141,32141,32142,32143,32143,32143,32143,32143,32143,32143,32143
32143,32143,32143,32143,32143,32143,32146,32148,32150,32153,32156,32158,32162,32164,32166,32170,32174,32179,32181,32183
32195,32199,32204,32209,32213,32215,32217,32220,32225,32228,32233,32235,32238,32241,32243,32246,32250,32254,32258,32259
32260,32261,32262,32264,32266,32267,32268,32269,32270,32273,32276,32279,32279,32282,32287,32290,32292,32294,32296,32298
32300,32302,32304,32306,32308,32310,32311,32313,32313,32314,32315,32316,32317,32320,32323,32325,32327,32330,32333,32337
32341,32345,32345,32345,32345,32345,32345,32345,32350,32351,32356,32357,32358,32359,32362,32365,32372,32377,32378,32381
32384,32392,32402,32405,32405,32408,32411,32414,32417,32429,32442,32446,32450,32454,32458,32458,32458,32458,32458,32458
32458,32459,32460,32462,32468,32474,32477,32480,32486,32487,32493,32499,32502,32505,32507,32509,32518,32520,32522,32524
32530,32533,32535,32536,32541,32546,32551,32552,32554,32556,32559,32565,32568,32570,32575,32578,32587,32602,32606,32613
32619,32626,32632,32632,32632,32632,32632,32641,32644,32644,32644,32646,32646,32647,32651,32653,32655,32657,32659,32660
32661,32662,32664,32665,32667,32669,32670,32677,32679,32684,32689,32695,32701,32701,32702,32708,32714,32718,32723,32725
32726,32728,32730,32730,32730,32732,32732,32732,32735,32737,32737,32739,32743,32748,32751,32753,32755,32758,32760,32764
32765,32768,32774,32777,32779,32783,32786,32792,32794,32804,32810,32817,32825,32826,32827,32828,32829,32830,32832,32835
32840,32845,32849,32853,32858,32860,32862,32863,32865,32868,32870,32873,32874,32877,32880,32881,32882,32882,32882,32883
32884,32885,32886,32889,32892,32893,32894,32897,32900,32901,32904,32907,32910,32913,32916,32919,32922,32925,32928,32929
32930,32931,32933,32935,32936,32937,32938,32941,32942,32943,32946,32949,32950,32956,32959,32964,32965,32968,32969,32972
32975,32976,32983,32985,32987,32989,32992,32998,33004,33007,33009,33012,33012,33015,33018,33021,33024,33030,33033,33037
33040,33043,33046,33052,33055,33060,33063,33066,33071,33072,33075,33078,33081,33083,33086,33089,33093,33106,33109,33114
33117,33117,33120,33123,33123,33126,33129,33132,33135,33138,33141,33144,33147,33148,33150,33155,33160,33165,33180,33182
33183,33185,33188,33191,33192,33194,33195,33197,33200,33203,33205,33207,33208,33209,33211,33213,33214,33219,33223,33224
33227,33232,33237,33240,33241,33242,33243,33245,33250,33252,33254,33257,33259,33260,33265,33266,33271,33273,33275,33276
33278,33283,33288,33293,33298,33303,33304,33305,33307,33310,33312,33313,33316,33318,33319,33320,33322,33327,33334,33338
33342,33346,33351,33355,33359,33363,33367,33371,33375,33379,33383,33387,33391,33395,33399,33403,33407,33411,33415,33422
33424,33426,33430,33434,33436,33438,33442,33447,33451,33455,33459,33463,33467,33471,33473,33475,33479,33483,33485,33490
33497,33501,33505,33509,33513,33515,33519,33521,33523,33526,33533,33537,33541,33545,33549,33553,33557,33560,33563,33565
33567,33567,33570,33572,33576,33579,33580,33584,33588,33591,33594,33597,33600,33603,33605,33606,33609,33614,33618,33624
33634,33639,33640,33641,33642,33643,33644,33645,33646,33647,33648,33649,33650,33651,33652,33656,33660,33664,33668,33670
33672,33682,33682,33685,33688,33691,33694,33697,33700,33703,33706,33710,33715,33720,33720,33721,33723,33725,33726,33727
33730,33733,33736,33739,33741,33743,33743,33743,33744,33745,33747,33748,33750,33750,33750,33754,33758,33762,33766,33779
33784,33789,33794,33803,33806,33818,33830,33842,33847,33852,33864,33877,33886,33898,33911,33919,33921,33925,33928,33932
33933,33936,33937,33938,33941,33945,33949,33951,33953,33955,33962,33964,33967,33971,33975,33979,33983,33987,33991,33995
33999,34003,34007,34011,34015,34016,34017,34018,34019,34020,34021,34022,34023,34024,34025,34029,34032,34034,34034,34037
34037,34037,34041,34045,34049,34052,34053,34054,34056,34056,34056,34057,34057,34059,34060,34061,34061,34063,34065,34065
34065,34065,34067,34072,34073,34073,34074,34076,34078,34080,34082,34084,34086,34088,34090,34091,34097,34099,34101,34105
34107,34109,34111,34113,34115,34117,34119,34121,34123,34125,34127,34130,34132,34136,34140,34144,34148,34152,34154,34156
34158,34160,34162,34164,34167,34170,34172,34176,34178,34180,34182,34184,34186,34189,34192,34196,34200,34204,34206,34208
34212,34216,34220,34222,34224,34228,34231,34233,34236,34238,34240,34243,34245,34249,34253,34257,34260,34262,34264,34266
34272,34274,34276,34280,34284,34286,34288,34290,34292,34295,34297,34299,34301,34303,34305,34309,34311,34313,34316,34318
34323,34326,34328,34330,34332,34335,34337,34342,34345,34347,34350,34353,34356,34358,34359,34365,34367,34369,34371,34373
34375,34377,34379,34381,34383,34385,34387,34389,34391,34393,34395,34397,34397,34397,34399,34401,34401,34401,34402,34404
34406,34407,34409,34411,34413,34413,34413,34413,34413,34415,34416,34417,34418,34419,34421,34423,34427,34427,34428,34429
34436,34441,34443,34445,34447,34449,34451,34453,34455,34459,34462,34463,34466,34467,34470,34471,34472,34473,34474,34477
34485,34495,34500,34506,34509,34513,34516,34520,34524,34527,34528,34532,34537,34539,34540,34542,34546,34548,34550,34552
34554,34559,34560,34565,34570,34572,34574,34576,34578,34580,34582,34584,34589,34594,34596,34598,34600,34602,34603,34605
34606,34608,34610,34612,34614,34616,34618,34620,34622,34623,34624,34626,34628,34630,34632,34633,34635,34637,34641,34643
34647,34649,34651,34653,34653,34654,34656,34656,34657,34664,34671,34677,34680,34681,34689,34694,34695,34700,34703,34706
34709,34711,34713,34713,34713,34716,34719,34722,34730,34730,34734,34737,34739,34741,34743,34745,34747,34750,34753,34757
34759,34761,34763,34765,34767,34771,34773,34775,34778,34782,34785,34787,34789,34791,34793,34797,34799,34801,34803,34805
34807,34820,34820,34820,34820,34823,34826,34831,34831,34831,34831,34831,34831,34831,34831,34831,34831,34831,34831,34831
34831,34831,34834,34836,34843,34847,34851,34853,34859,34860,34861,34862,34863,34864,34865,34866,34867,34867,34873,34879
34879,34885,34885,34885,34890,34896,34896,34896,34896,34904,34914,34915,34917,34917,34919,34921,34921,34921,34923,34923
34925,34927,34929,34931,34933,34935,34937,34939,34940,34942,34960,34967,34968,34970,34972,34978,34982,34985,34988,34991
34999,35007,35010,35010,35011,35012,35013,35016,35018,35021,35023,35026,35029,35031,35033,35035,35037,35039,35047,35051
35055,35059,35063,35067,35067,35067,35067,35067,35067,35069,35070,35072,35073,35075,35076,35076,35080,35084,35085,35086
35088,35089,35091,35092,35094,35099,35104,35109,35114,35119,35120,35123,35125,35127,35129,35131,35133,35135,35137,35140
35143,35145,35147,35149,35150,35151,35153,35156,35161,35162,35165,35167,35168,35171,35174,35177,35178,35183,35183,35188
35190,35194,35196,35200,35203,35208,35212,35213,35215,35215,35216,35218,35219,35220,35221,35222,35223,35224,35225,35226
35227,35228,35229,35230,35231,35232,35233,35235,35237,35238,35240,35241,35242,35243,35244,35245,35246,35247,35248,35249
35250,35251,35253,35256,35259,35262,35265,35268,35271,35274,35277,35279,35282,35285,35286,35289,35292,35294,35297,35300
35303,35306,35309,35312,35313,35314,35318,35320,35322,35323,35326,35328,35333,35334,35335,35336,35337,35338,35339,35340
35342,35344,35345,35346,35348,35350,35351,35352,35353,35355,35357,35359,35361,35365,35366,35367,35368,35369,35373,35377
35378,35379,35380,35381,35382,35383,35384,35385,35386,35387,35388,35389,35390,35391,35392,35393,35394,35395,35396,35397
35398,35399,35400,35401,35402,35403,35404,35406,35407,35408,35409,35410,35411,35412,35413,35414,35415,35417,35425,35427
35430,35433,35434,35435,35436,35437,35439,35440,35441,35443,35445,35446,35447,35449,35451,35453,35455,35457,35459,35460
35461,35463,35465,35466,35468,35470,35471,35472,35473,35474,35476,35477,35479,35481,35483,35485,35487,35491,35499,35501
35502,35504,35506,35507,35508,35509,35510,35511,35512,35513,35514,35515,35517,35519,35521,35522,35526,35528,35530,35532
35534,35536,35538,35540,35542,35544,35546,35548,35550,35560,35565,35567,35569,35571,35573,35575,35577,35579,35581,35583
35585,35587,35589,35591,35593,35595,35597,35599,35600,35601,35602,35603,35605,35606,35608,35610,35611,35612,35613,35614
35615,35616,35619,35621,35623,35625,35627,35629,35631,35633,35635,35637,35639,35641,35643,35644,35645,35646,35648,35649
35650,35652,35653,35655,35657,35658,35659,35661,35662,35663,35665,35666,35667,35668,35669,35670,35671,35673,35674,35677
35679,35681,35683,35685,35686,35687,35688,35689,35691,35693,35695,35697,35699,35701,35703,35705,35707,35709,35711,35713
35715,35718,35720,35722,35723,35724,35725,35726,35727,35728,35730,35731,35733,35734,35735,35736,35738,35740,35741,35743
35744,35745,35747,35749,35750,35751,35752,35754,35756,35757,35759,35760,35762,35764,35766,35768,35772,35774,35778,35780
35782,35783,35785,35787,35789,35791,35793,35795,35797,35799,35801,35803,35807,35813,35817,35821,35825,35829,35833,35837
35839,35841,35843,35845,35847,35849,35851,35853,35855,35857,35859,35861,35863,35865,35867,35868,35869,35874,35879,35881
35883,35885,35887,35889,35891,35893,35895,35895,35897,35899,35900,35902,35903,35905,35906,35907,35912,35914,35916,35918
35919,35921,35922,35924,35925,35927,35929,35930,35932,35934,35936,35938,35940,35942,35944,35946,35948,35950,35952,35956
35960,35964,35968,35972,35976,35980,35982,35984,35985,35987,35992,35995,35998,35999,36002,36003,36006,36011,36014,36017
36020,36021,36022,36025,36026,36029,36032,36033,36036,36041,36044,36048,36052,36054,36058,36062,36066,36071,36076,36083
36089,36091,36094,36098,36102,36106,36110,36114,36118,36120,36122,36124,36125,36126,36127,36128,36129,36130,36131,36132
36133,36136,36137,36138,36141,36142,36143,36144,36147,36148,36149,36150,36151,36152,36155,36158,36159,36160,36162,36164
36166,36168,36170,36172,36174,36176,36177,36180,36182,36184,36186,36188,36190,36192,36194,36196,36198,36200,36202,36204
36206,36208,36209,36211,36212,36213,36215,36219,36222,36223,36225,36228,36232,36233,36235,36237,36238,36239,36243,36244
36245,36247,36249,36258,36260,36261,36263,36265,36266,36267,36268,36270,36271,36274,36276,36278,36280,36282,36284,36286
36287,36289,36291,36293,36294,36296,36297,36298,36300,36302,36304,36306,36307,36308,36309,36310,36312,36313,36315,36316
36332,36333,36334,36335,36336,36337,36338,36340,36342,36344,36346,36347,36349,36350,36354,36358,36362,36366,36370,36374
36375,36376,36377,36378,36379,36380,36381,36382,36383,36384,36385,36386,36387,36388,36389,36390,36392,36394,36396,36398
36400,36402,36404,36406,36408,36410,36414,36415,36416,36417,36418,36419,36420,36422,36423,36425,36426,36427,36429,36431
36432,36433,36435,36436,36437,36438,36439,36440,36441,36442,36443,36444,36445,36446,36448,36449,36450,36451,36453,36454
36455,36456,36457,36458,36459,36460,36461,36462,36463,36464,36465,36466,36467,36468,36469,36470,36471,36472,36473,36474
36475,36476,36477,36478,36480,36481,36482,36483,36485,36487,36488,36489,36491,36493,36495,36497,36499,36501,36502,36503
36504,36505,36506,36507,36508,36509,36511,36513,36516,36518,36521,36523,36525,36527,36529,36531,36534,36536,36538,36540
36542,36544,36547,36549,36551,36554,36556,36557,36559,36563,36567,36570,36572,36574,36575,36576,36578,36579,36580,36581
36582,36583,36584,36585,36586,36587,36588,36589,36590,36591,36592,36593,36594,36595,36596,36597,36598,36599,36600,36601
36602,36603,36604,36605,36606,36608,36610,36611,36612,36617,36619,36621,36622,36624,36626,36629,36631,36633,36636,36637
36639,36644,36646,36648,36650,36652,36654,36659,36664,36665,36666,36667,36668,36669,36671,36672,36673,36675,36676,36678
36679,36680,36682,36685,36686,36688,36689,36690,36691,36692,36694,36695,36697,36698,36700,36701,36702,36703,36704,36706
36708,36710,36711,36713,36714,36716,36717,36719,36720,36722,36723,36726,36728,36729,36730,36731,36732,36733,36734,36735
36736,36737,36738,36739,36740,36742,36744,36746,36749,36751,36753,36755,36757,36759,36762,36764,36766,36768,36770,36772
36775,36777,36779,36781,36782,36783,36784,36785,36787,36792,36793,36794,36795,36797,36799,36801,36803,36805,36806,36808
36820,36821,36822,36823,36824,36825,36826,36827,36829,36830,36831,36832,36833,36834,36835,36836,36837,36838,36839,36840
36841,36842,36843,36844,36845,36846,36847,36848,36849,36850,36851,36852,36853,36854,36855,36856,36860,36861,36863,36865
36866,36867,36869,36870,36871,36872,36873,36874,36875,36876,36877,36878,36879,36880,36881,36882,36883,36884,36885,36886
36887,36888,36890,36892,36894,36896,36897,36898,36899,36900,36901,36902,36903,36904,36905,36906,36907,36908,36909,36910
36911,36912,36913,36914,36915,36916,36917,36918,36919,36920,36921,36926,36927,36928,36929,36930,36931,36932,36933,36934
36935,36936,36937,36938,36940,36942,36943,36944,36946,36948,36950,36952,36953,36954,36955,36957,36959,36961,36963,36964
36965,36967,36969,36971,36973,36975,36984,36985,36986,36987,36988,36991,36994,36995,36996,36997,36998,36999,37001,37003
37004,37006,37009,37011,37014,37015,37019,37023,37028,37029,37030,37031,37032,37033,37034,37036,37037,37039,37040,37042
37044,37045,37046,37047,37049,37050,37051,37052,37053,37056,37059,37062,37065,37066,37069,37072,37075,37076,37079,37080
37082,37086,37088,37091,37093,37094,37096,37100,37101,37102,37105,37107,37109,37110,37111,37112,37129,37138,37146,37147
37148,37149,37150,37155,37157,37160,37164,37166,37168,37170,37174,37182,37186,37186,37188,37190,37192,37194,37195,37196
37197,37198,37200,37203,37205,37206,37208,37211,37215,37216,37218,37219,37221,37223,37225,37228,37235,37237,37239,37240
37241,37242,37243,37245,37247,37249,37251,37254,37257,37258,37259,37260,37265,37267,37268,37270,37272,37274,37277,37279
37281,37283,37285,37287,37289,37291,37292,37295,37297,37299,37301,37303,37305,37307,37308,37312,37316,37320,37322,37324
37325,37326,37327,37328,37329,37330,37331,37332,37333,37334,37336,37338,37339,37340,37341,37343,37345,37348,37358,37362
37372,37378,37385,37388,37390,37391,37393,37395,37397,37399,37401,37403,37405,37406,37410,37412,37415,37418,37421,37423
37424,37425,37429,37430,37431,37434,37436,37438,37440,37441,37443,37446,37448,37450,37451,37452,37453,37455,37458,37460
37462,37463,37465,37467,37469,37471,37472,37474,37476,37479,37482,37486,37490,37493,37496,37498,37500,37501,37503,37505
37506,37507,37508,37509,37510,37511,37512,37514,37516,37518,37519,37523,37524,37529,37532,37535,37540,37545,37556,37560
37562,37564,37566,37569,37572,37576,37579,37584,37588,37591,37592,37595,37600,37604,37609,37614,37615,37616,37618,37622
37625,37630,37633,37634,37639,37640,37642,37643,37644,37645,37650,37654,37656,37658,37659,37665,37671,37676,37677,37678
37679,37680,37681,37682,37683,37684,37685,37686,37687,37688,37689,37690,37691,37692,37693,37694,37696,37697,37698,37699
37703,37709,37710,37711,37712,37713,37714,37715,37716,37717,37718,37719,37720,37721,37722,37728,37734,37738,37739,37740
37741,37742,37743,37746,37747,37750,37758,37796,37799,37802,37803,37804,37807,37808,37809,37812,37815,37817,37819,37820
37821,37822,37825,37826,37829,37832,37833,37834,37835,37836,37837,37838,37839,37840,37841,37844,37845,37848,37851,37854
37855,37856,37857,37858,37860,37862,37863,37865,37866,37867,37870,37872,37874,37875,37876,37879,37880,37881,37882,37883
37884,37886,37888,37889,37890,37894,37898,37900,37901,37902,37903,37904,37905,37906,37907,37908,37911,37915,37919,37922
37926,37929,37931,37934,37937,37940,37942,37944,37945,37947,37950,37953,37956,37959,37962,37968,37970,37976,37978,37981
37983,37985,37986,37988,37989,37991,37992,37994,37997,38000,38002,38004,38006,38008,38010,38012,38013,38015,38016,38018
38021,38023,38024,38026,38028,38029,38031,38032,38035,38037,38038,38040,38043,38045,38047,38049,38051,38052,38054,38056
38058,38059,38061,38062,38063,38066,38067,38069,38072,38075,38077,38080,38082,38084,38087,38090,38092,38093,38095,38096
38097,38098,38100,38101,38102,38103,38104,38105,38106,38108,38109,38110,38111,38112,38113,38114,38115,38116,38117,38118
38119,38120,38121,38122,38123,38124,38125,38126,38129,38133,38137,38138,38145,38148,38149,38154,38155,38156,38157,38158
38159,38160,38165,38170,38171,38172,38173,38174,38175,38176,38177,38178,38179,38180,38181,38182,38183,38184,38185,38186
38187,38188,38189,38190,38191,38192,38193,38195,38197,38198,38199,38200,38201,38202,38203,38204,38205,38206,38207,38208
38209,38210,38211,38212,38213,38214,38215,38216,38217,38218,38219,38220,38221,38224,38225,38227,38230,38231,38234,38237
38240,38243,38246,38249,38252,38256,38259,38262,38264,38267,38270,38273,38277,38281,38283,38284,38285,38287,38290,38293
38296,38299,38300,38302,38305,38308,38311,38314,38317,38320,38324,38325,38328,38332,38333,38334,38337,38338,38340,38342
38345,38348,38351,38354,38355,38358,38361,38364,38365,38367,38371,38374,38377,38378,38379,38380,38383,38385,38386,38387
38388,38389,38391,38393,38396,38397,38399,38400,38402,38405,38421,38422,38425,38426,38427,38429,38430,38431,38432,38433
38434,38435,38437,38441,38442,38443,38444,38445,38446,38447,38448,38449,38453,38454,38455,38456,38460,38463,38467,38471
38472,38473,38478,38485,38489,38491,38495,38498,38500,38502,38505,38508,38510,38512,38514,38516,38518,38520,38521,38522
38523,38524,38525,38526,38527,38531,38536,38538,38539,38540,38542,38543,38544,38545,38546,38547,38549,38551,38552,38553
38554,38555,38556,38557,38558,38559,38560,38561,38562,38563,38566,38569,38570,38571,38572,38573,38574,38575,38576,38577
38578,38579,38580,38581,38582,38585,38586,38594,38596,38598,38600,38602,38604,38605,38606,38608,38610,38612,38613,38614
38616,38617,38618,38619,38620,38621,38623,38624,38625,38627,38628,38629,38630,38631,38632,38633,38633,38633,38634,38635
38637,38639,38641,38642,38644,38646,38648,38649,38650,38652,38653,38654,38655,38657,38659,38660,38666,38672,38673,38674
38675,38676,38677,38679,38681,38684,38687,38694,38696,38698,38701,38703,38704,38705,38706,38707,38708,38710,38712,38713
38715,38717,38719,38720,38721,38724,38726,38728,38729,38730,38731,38733,38734,38735,38737,38738,38739,38741,38743,38745
38746,38747,38748,38750,38752,38754,38756,38758,38760,38762,38764,38767,38770,38773,38776,38779,38782,38785,38787,38791
38793,38795,38797,38799,38801,38803,38804,38807,38810,38811,38812,38813,38814,38815,38816,38828,38829,38830,38832,38834
38835,38837,38839,38841,38842,38843,38845,38846,38847,38849,38852,38855,38856,38857,38858,38859,38861,38863,38864,38865
38866,38867,38874,38882,38884,38886,38888,38890,38892,38894,38896,38898,38900,38902,38903,38904,38905,38906,38907,38908
38912,38916,38920,38924,38928,38932,38936,38940,38942,38946,38948,38954,38955,38957,38959,38961,38963,38964,38966,38971
38973,38974,38976,38977,38979,38981,38982,38983,38985,38986,38987,38989,38991,38993,38995,38996,38998,39000,39001,39002
39003,39004,39006,39009,39011,39013,39016,39018,39019,39020,39022,39026,39028,39030,39032,39035,39038,39040,39042,39045
39047,39050,39053,39056,39058,39060,39063,39066,39068,39071,39073,39075,39078,39080,39084,39086,39089,39092,39094,39097
39099,39102,39104,39106,39109,39113,39117,39119,39122,39126,39130,39132,39134,39136,39140,39144,39146,39150,39152,39156
39159,39162,39165,39168,39171,39175,39179,39181,39185,39187,39190,39193,39196,39200,39203,39207,39210,39211,39212,39213
39214,39215,39216,39217,39218,39222,39225,39226,39227,39228,39229,39230,39233,39234,39235,39236,39237,39238,39241,39245
39250,39253,39254,39255,39258,39259,39260,39261,39264,39265,39267,39269,39270,39271,39272,39273,39274,39276,39277,39278
39280,39282,39283,39287,39289,39291,39296,39302,39307,39311,39313,39314,39315,39321,39322,39323,39324,39325,39326,39327
39328,39329,39334,39335,39337,39339,39341,39344,39345,39346,39347,39348,39349,39350,39351,39352,39353,39354,39355,39357
39359,39360,39361,39362,39363,39364,39365,39367,39371,39372,39376,39377,39379,39381,39383,39386,39388,39391,39394,39399
39402,39405,39408,39409,39413,39416,39417,39422,39427,39432,39435,39436,39439,39440,39441,39444,39449,39452,39454,39457
39458,39459,39460,39461,39462,39463,39464,39465,39466,39467,39468,39476,39477,39479,39482,39485,39486,39487,39488,39489
39490,39491,39492,39493,39494,39495,39496,39497,39498,39510,39515,39520,39525,39530,39534,39538,39542,39546,39548,39550
39552,39557,39561,39562,39563,39564,39569,39573,39574,39575,39578,39582,39585,39586,39588,39589,39590,39593,39598,39599
39602,39605,39607,39609,39611,39614,39616,39618,39620,39622,39624,39626,39627,39628,39629,39630,39631,39632,39633,39634
39635,39636,39637,39638,39639,39640,39642,39643,39644,39645,39646,39648,39650,39651,39652,39654,39656,39658,39659,39661
39663,39665,39667,39671,39673,39676,39677,39680,39681,39682,39683,39684,39685,39686,39687,39688,39689,39690,39692,39694
39696,39699,39703,39705,39709,39713,39717,39719,39721,39723,39725,39727,39729,39731,39733,39735,39737,39739,39741,39743
39745,39747,39749,39751,39753,39755,39757,39767,39769,39770,39771,39772,39773,39774,39775,39776,39778,39780,39782,39783
39784,39785,39786,39788,39789,39790,39791,39793,39794,39795,39796,39798,39800,39804,39805,39807,39808,39810,39812,39816
39818,39822,39826,39828,39829,39831,39832,39835,39838,39840,39844,39846,39847,39850,39851,39852,39853,39854,39855,39856
39858,39859,39860,39861,39862,39863,39865,39867,39872,39873,39874,39877,39880,39881,39882,39883,39884,39885,39886,39887
39888,39889,39890,39891,39894,39897,39898,39899,39900,39901,39902,39903,39904,39905,39909,39911,39913,39914,39915,39917
39919,39920,39921,39922,39923,39924,39925,39926,39927,39928,39930,39932,39934,39936,39939,39941,39943,39946,39948,39950
39952,39957,39960,39961,39962,39963,39964,39967,39972,39977,39980,39985,39986,39987,39988,39992,39993,39994,39995,39996
40001,40002,40004,40005,40010,40011,40012,40013,40014,40017,40022,40025,40027,40029,40031,40033,40035,40036,40039,40042
40045,40048,40050,40054,40058,40059,40060,40061,40062,40063,40064,40065,40066,40067,40068,40069,40070,40071,40072,40073
40075,40077,40079,40081,40083,40085,40087,40089,40091,40092,40095,40097,40098,40099,40100,40101,40102,40103,40104,40105
40106,40107,40108,40110,40111,40113,40115,40117,40118,40120,40121,40123,40124,40126,40127,40129,40130,40131,40132,40133
40134,40135,40136,40137,40138,40141,40144,40147,40150,40152,40155,40158,40161,40162,40163,40166,40167,40170,40173,40176
40176,40176,40176,40176,40176,40176,40176,40176,40176,40176,40176,40176,40176,40176,40176,40176,40176,40176,40176,40176
40176,40176,40176,40176,40176,40176,40176,40176,40176,40176,40176,40176,40176,40176,40176,40176,40176,40176,40176,40176
40176,40176,40176,40176,40176,40176,40176,40176,40176,40176,40176,40176,40176,40176,40176,40176,40176,40176,40176,40176
40176,40176,40176,40176,40176,40176,40176,40176,40176,40176,40176,40176,40176,40176,40176,40176,40176,40176,40176,40176
40176,40176,40176,40176,40176,40176,40176,40176,40176,40176,40176,40176,40176,40176,40176,40176,40176,40176,40176,40176
40176,40176,40176,40176,40176,40176,40176,40176,40176,40176,40176,40176,40176,40176,40176,40176,40176,40176,40176,40176
40176,40176,40176,40176,40176,40176,40176,40176,40176,40176,40176,40176,40176,40176,40176,40176,40176,40176,40176,40176
40176,40176,40176,40176,40176,40176,40176,40176,40176,40176,40176,40176,40176,40176,40176,40176,40176,40176,40176,40176
40176,40176,40176,40176,40176,40176,40176,40176,40176,40176,40176,40176,40176,40176,40176,40176,40176,40176,40176,40176
40176,40176,40176,40176,40176,40176,40176,40176,40176,40176,40176,40176,40176,40176,40176,40176,40176,40176,40176,40176
40176,40176,40176,40176,40176,40176,40176,40176,40176,40176,40176,40176,40176,40176,40176,40176,40176,40176,40176,40176
40176,40176,40176,40176,40176,40176,40176,40176,40176,40176,40176,40176,40176,40176,40176,40176,40176,40176,40176,40176
40176,40176,40176,40176,40176,40176,40176,40176,40176,40176,40176,40176,40176,40176,40176,40176,40176,40176,40176,40176
40176,40176,40176,40176,40176,40176,40176,40176,40176,40176,40176,40176,40176,40176,40176,40176,40176,40176,40176,40176
40176,40176,40176,40176,40176,40176,40176,40176,40176,40176,40176,40176,40176,40176,40176,40176,40176,40176,40176,40176
40176,40176,40176,40176,40176,40176,40176,40176,40176,40176,40176,40176,40176,40176,40176,40176,40176,40176,40176,40176
40176,40176,40176,40176,40176,40176,40176,40176,40176,40176,40176,40176,40176,40176,40176,40176,40176,40176,40176,40176
40176,40176,40176,40176,40176,40176,40176,40176,40176,40176,40176,40176,40176,40176,40176,40176,40176,40176,40176,40176
40176,40176,40176,40176,40176,40176,40176,40176,40176,40176,40176,40176,40176,40176,40176,40176,40176,40176,40176,40176
40176,40176,40176,40176,40176,40176,40176,40176,40176,40176,40176,40176,40176,40176,40176,40176,40176,40176,40176,40176
40176,40176,40176,40177,40179,40180,40182,40183,40185,40186,40188,40190,40193,40195,40197,40199,40201,40202,40205,40208
40211,40214,40217,40220,40223,40226,40229,40232,40235,40238,40247,40250,40253,40256,40258,40260,40262,40264,40266,40268
40270,40271,40274,40276,40277,40278,40279,40280,40281,40283,40283,40283,40283,40284,40285,40285,40287,40289,40289,40290
40291,40293,40295,40297,40299,40300,40301,40303,40305,40306,40307,40308,40310,40311,40312,40313,40314,40314,40314,40316
40319,40319,40320,40321,40322,40323,40324,40325,40326,40327,40328,40329,40330,40331,40332,40333,40335,40337,40339,40340
40341,40343,40345,40346,40348,40350,40351,40352,40354,40355,40355,40355,40355,40356,40358,40359,40360,40361,40362,40363
40364,40365,40366,40367,40368,40369,40370,40371,40372,40373,40374,40375,40376,40377,40378,40380,40383,40384,40385,40387
40390,40392,40394,40396,40397,40399,40400,40402,40402,40402,40402,40402,40402,40402,40403,40413,40414,40415,40416,40417
40418,40420,40421,40423,40424,40425,40427,40428,40430,40431,40432,40434,40435,40437,40439,40440,40441,40442,40444,40445
40447,40449,40449,40450,40451,40453,40454,40455,40457,40459,40459,40460,40461,40462,40462,40464,40465,40466,40467,40468
40469,40470,40471,40473,40475,40476,40477,40478,40480,40481,40483,40485,40486,40487,40488,40489,40493,40497,40499,40502
40504,40507,40509,40514,40515,40516,40517,40518,40519,40520,40524,40526,40527,40528,40529,40531,40532,40536,40537,40541
40543,40545,40549,40552,40556,40560,40563,40565,40568,40570,40572,40575,40576,40577,40578,40579,40580,40581,40585,40589
40590,40592,40594,40595,40596,40598,40599,40601,40604,40605,40606,40607,40609,40611,40613,40615,40617,40619,40624,40629
40630,40633,40640,40645,40652,40655,40658,40660,40661,40664,40667,40669,40672,40674,40676,40677,40679,40682,40685,40689
40692,40694,40697,40699,40702,40705,40708,40711,40718,40720,40727,40728,40733,40736,40739,40740,40741,40742,40743,40745
40746,40749,40751,40753,40755,40756,40757,40758,40760,40761,40764,40767,40769,40772,40774,40779,40780,40781,40782,40783
40784,40785,40786,40787,40788,40789,40790,40791,40792,40793,40794,40798,40802,40806,40810,40814,40818,40819,40820,40821
40824,40827,40830,40833,40834,40837,40840,40843,40845,40848,40851,40854,40857,40860,40861,40864,40867,40870,40873,40876
40878,40880,40884,40886,40889,40892,40893,40894,40897,40903,40904,40905,40906,40907,40908,40909,40910,40911,40912,40913
40921,40923,40925,40927,40929,40930,40931,40932,40933,40934,40935,40937,40938,40941,40942,40946,40949,40953,40958,40960
40962,40965,40968,40970,40973,40974,40975,40976,40977,40978,40979,40980,40981,40982,40983,40984,40985,40986,40989,40992
40995,40996,41003,41008,41011,41015,41021,41022,41024,41026,41027,41028,41029,41030,41031,41033,41036,41038,41039,41042
41048,41051,41055,41059,41063,41067,41071,41075,41079,41083,41087,41088,41090,41091,41092,41094,41096,41098,41100,41102
41104,41106,41107,41108,41110,41112,41114,41116,41117,41118,41119,41121,41123,41125,41127,41129,41131,41149,41151,41155
41157,41158,41159,41160,41162,41163,41165,41167,41170,41172,41174,41176,41178,41180,41182,41184,41186,41188,41190,41192
41194,41196,41198,41200,41202,41203,41204,41206,41207,41209,41211,41212,41213,41215,41217,41219,41221,41223,41224,41225
41226,41227,41228,41229,41232,41235,41236,41237,41238,41241,41242,41243,41244,41245,41246,41247,41248,41249,41250,41251
41252,41253,41254,41255,41256,41257,41258,41261,41263,41266,41268,41269,41270,41271,41272,41273,41274,41275,41279,41280
41284,41285,41286,41287,41288,41289,41290,41295,41300,41305,41310,41315,41320,41325,41326,41328,41329,41331,41334,41337
41338,41339,41341,41344,41346,41348,41351,41353,41355,41357,41358,41360,41361,41362,41363,41369,41375,41381,41387,41397
41397,41404,41405,41406,41407,41408,41409,41410,41411,41416,41421,41426,41430,41433,41437,41441,41444,41446,41448,41450
41452,41454,41455,41456,41460,41461,41462,41463,41464,41466,41469,41472,41473,41475,41476,41477,41480,41483,41485,41486
41490,41492,41493,41494,41495,41496,41497,41498,41500,41501,41503,41504,41506,41507,41509,41510,41512,41513,41515,41517
41519,41521,41522,41523,41525,41527,41529,41531,41533,41541,41542,41543,41544,41545,41546,41547,41548,41549,41550,41551
41552,41553,41554,41555,41556,41557,41558,41559,41560,41561,41567,41568,41570,41571,41572,41573,41577,41581,41584,41585
41589,41590,41593,41597,41602,41603,41604,41605,41606,41612,41617,41618,41626,41633,41640,41651,41658,41663,41667,41670
41672,41674,41675,41676,41677,41678,41679,41680,41681,41682,41683,41684,41685,41686,41688,41689,41693,41696,41700,41703
41706,41709,41712,41715,41716,41720,41721,41724,41729,41732,41734,41738,41744,41749,41752,41758,41759,41762,41769,41772
41773,41775,41778,41781,41782,41787,41789,41791,41798,41799,41800,41801,41806,41810,41812,41816,41820,41822,41824,41825
41826,41828,41829,41830,41832,41833,41834,41835,41836,41841,41842,41843,41844,41845,41846,41847,41848,41849,41850,41851
41852,41853,41854,41855,41856,41858,41863,41866,41872,41878,41884,41886,41889,41891,41896,41902,41908,41914,41920,41921
41923,41925,41927,41929,41932,41935,41940,41944,41948,41952,41956,41960,41961,41963,41965,41966,41967,41968,41968,41968
41969,41970,41970,41970,41974,41978,41981,41984,41985,41986,41991,41993,41995,41997,42002,42003,42004,42005,42006,42006
42006,42006,42007,42008,42009,42010,42011,42013,42014,42015,42016,42017,42018,42019,42019,42020,42021,42022,42023,42024
42025,42026,42027,42028,42029,42029,42030,42031,42032,42033,42034,42035,42036,42036,42037,42037,42038,42039,42040,42041
42042,42042,42043,42043,42043,42043,42043,42043,42043,42045,42045,42050,42055,42055,42055,42060,42062,42063,42063,42064
42065,42066,42067,42067,42068,42068,42073,42075,42080,42082,42083,42083,42083,42084,42085,42085,42086,42087,42088,42089
42090,42090,42091,42092,42097,42098,42099,42100,42101,42102,42103,42104,42105,42105,42106,42107,42108,42109,42110,42111
42112,42112,42113,42114,42115,42117,42118,42120,42121,42123,42123,42124,42125,42127,42129,42130,42131,42132,42133,42134
42135,42135,42136,42137,42137,42137,42138,42139,42140,42141,42142,42143,42144,42145,42146,42147,42148,42149,42150,42150
42151,42152,42153,42153,42154,42155,42156,42156,42158,42163,42164,42170,42172,42172,42173,42174,42176,42177,42178,42179
42181,42182,42183,42184,42184,42185,42186,42187,42188,42189,42190,42191,42192,42193,42194,42195,42196,42197,42197,42198
42199,42199,42199,42199,42200,42201,42202,42202,42203,42204,42204,42206,42206,42211,42211,42212,42213,42214,42215,42217
42219,42227,42231,42231,42231,42232,42233,42236,42241,42241,42243,42245,42247,42249,42251,42253,42255,42255,42255,42255
42255,42255,42255,42256,42258,42258,42258,42264,42268,42268,42278,42279,42280,42281,42283,42285,42290,42295,42295,42295
42296,42305,42307,42309,42309,42309,42309,42310,42311,42312,42312,42313,42314,42315,42316,42317,42317,42318,42319,42320
42320,42321,42322,42324,42330,42332,42339,42343,42347,42353,42361,42364,42367,42373,42375,42380,42383,42383,42387,42393
42398,42406,42408,42413,42418,42422,42428,42459,42459,42459,42459,42459,42460,42460,42460,42460,42464,42465,42467,42472
42472,42472,42472,42472,42472,42476,42482,42487,42490,42492,42492,42495,42498,42504,42505,42506,42506,42513,42518,42524
42525,42526,42527,42528,42529,42529,42530,42530,42532,42534,42540,42546,42548,42554,42562,42568,42572,42576,42582,42588
42594,42601,42612,42612,42612,42612,42614,42620,42622,42624,42626,42628,42630,42632,42634,42636,42638,42640,42645,42648
42652,42652,42652,42662,42665,42665,42667,42669,42671,42673,42675,42679,42683,42687,42691,42695,42699,42703,42705,42709
42713,42719,42719,42723,42725,42725,42727,42731,42738,42746,42757,42757,42762,42764,42772,42778,42782,42782,42782,42786
42793,42797,42800,42800,42804,42810,42819,42819,42823,42827,42831,42835,42837,42842,42846,42847,42858,42860,42860,42871
42871,42873,42875,42879,42883,42887,42898,42902,42902,42903,42906,42909,42914,42916,42916,42919,42923,42923,42927,42927
42929,42931,42933,42935,42938,42938,42938,42940,42940,42942,42944,42946,42948,42956,42957,42958,42960,42962,42966,42968
42968,42968,42972,42974,42974,42978,42980,42986,42988,42990,42992,42996,42998,42999,43002,43003,43014,43016,43017,43020
43021,43022,43023,43024,43028,43032,43034,43035,43036,43046,43049,43053,43056,43057,43057,43062,43065,43066,43067,43068
43069,43080,43082,43083,43084,43085,43086,43097,43097,43097,43099,43100,43101,43103,43105,43108,43111,43113,43115,43118
43120,43123,43125,43127,43129,43131,43133,43135,43141,43147,43149,43150,43152,43154,43155,43157,43159,43160,43162,43164
43166,43168,43172,43176,43179,43179,43188,43189,43195,43195,43195,43195,43197,43199,43200,43200,43200,43202,43204,43205
43206,43212,43214,43218,43220,43223,43227,43231,43235,43235,43236,43237,43238,43239,43240,43242,43244,43246,43248,43251
43253,43257,43259,43260,43261,43267,43273,43289,43291,43301,43302,43303,43305,43307,43308,43309,43319,43322,43326,43328
43331,43332,43333,43334,43340,43341,43342,43343,43344,43348,43348,43348,43348,43348,43348,43348,43348,43349,43350,43351
43352,43353,43354,43355,43356,43357,43357,43357,43357,43357,43357,43357,43357,43357,43360,43363,43363,43363,43363,43363
43363,43363,43366,43366,43366,43369,43369,43369,43369,43369,43369,43370,43370,43370,43370,43370,43370,43370,43370,43370
43370,43370,43370,43370,43370,43370,43370,43370,43370,43370,43371,43371,43371,43371,43371,43371,43373,43373,43373,43373
43373,43373,43373,43373,43373,43373,43373,43373,43373,43373,43373,43374,43374,43374,43374,43374,43375,43376,43376,43378
43382,43384,43394,43398,43413,43415,43415,43421,43421,43424,43425,43426,43427,43428,43429,43430,43431,43432,43433,43434
43435,43436,43437,43438,43439,43440,43441,43442,43443,43444,43445,43446,43447,43448,43449,43450,43451,43452,43453,43454
43455,43456,43457,43459,43461,43462,43464,43465,43466,43468,43469,43471,43472,43474,43475,43476,43477,43479,43481,43482
43483,43484,43485,43486,43487,43488,43489,43490,43491,43492,43493,43494,43495,43496,43497,43499,43500,43501,43502,43503
43504,43505,43506,43507,43508,43509,43510,43511,43512,43513,43514,43517,43520,43521,43522,43523,43524,43526,43528,43530
43531,43533,43534,43535,43537,43538,43539,43541,43542,43543,43544,43545,43546,43547,43548,43550,43551,43552,43554,43555
43556,43558,43559,43560,43561,43562,43563,43564,43565,43566,43568,43570,43572,43574,43576,43577,43578,43579,43580,43581
43582,43583,43584,43585,43586,43587,43588,43589,43590,43591,43592,43593,43594,43595,43596,43597,43598,43599,43600,43601
43602,43603,43604,43605,43606,43607,43608,43609,43610,43611,43612,43613,43614,43616,43617,43619,43620,43621,43622,43623
43624,43625,43626,43627,43638,43646,43647,43648,43649,43650,43651,43652,43653,43654,43655,43656,43657,43658,43659,43660
43663,43665,43667,43669,43670,43671,43673,43675,43676,43677,43678,43679,43680,43682,43683,43685,43686,43687,43688,43689
43689,43690,43691,43692,43694,43696,43698,43700,43701,43702,43703,43704,43705,43707,43709,43710,43711,43712,43713,43714
43715,43715,43716,43717,43718,43719,43720,43721,43722,43723,43724,43725,43726,43727,43728,43729,43730,43732,43734,43736
43737,43737,43738,43739,43740,43741,43742,43744,43745,43746,43747,43748,43749,43750,43751,43752,43753,43753,43754,43755
43756,43757,43758,43759,43760,43761,43762,43763,43764,43765,43766,43767,43768,43769,43770,43771,43772,43772,43776,43779
43782,43782,43782,43782,43786,43787,43790,43793,43796,43798,43802,43803,43804,43807,43808,43812,43813,43814,43817,43821
43823,43825,43827,43829,43831,43836,43841,43846,43851,43853,43858,43860,43862,43864,43866,43870,43872,43874,43876,43878
43879,43883,43887,43889,43891,43893,43895,43897,43899,43900,43901,43902,43903,43904,43905,43906,43907,43908,43909,43910
43912,43913,43914,43915,43917,43919,43920,43921,43922,43923,43924,43925,43926,43927,43929,43930,43931,43932,43933,43934
43935,43937,43939,43940,43941,43942,43943,43944,43945,43946,43947,43948,43949,43950,43951,43952,43953,43954,43955,43956
43957,43958,43959,43960,43961,43962,43963,43964,43965,43965,43966,43967,43968,43969,43970,43971,43972,43973,43974,43975
43979,43980,43981,43982,43983,43984,43985,43986,43987,43988,43989,43990,43991,43992,43994,43995,43996,43997,43998,44000
44001,44002,44003,44004,44005,44006,44007,44008,44010,44011,44012,44013,44014,44015,44016,44017,44018,44019,44020,44021
44022,44023,44024,44025,44026,44027,44031,44032,44033,44034,44035,44036,44037
